{
"type": "FeatureCollection",
"name": "ghe_locations",
"crs": { "type": "name", "properties": { "name": "urn:ogc:def:crs:OGC:1.3:CRS84" } },
"features": [
{ "type": "Feature", "properties": { "name": "", "landuse": "", "leisure": "", "natural": "", "boundary": "", "amenity": "parking", "type": "District System", "district_system_type": "Central Hot Water", "slope_category": "mild" }, "geometry": { "type": "Polygon", "coordinates": [ [ [ -92.7325449, 41.7360497 ], [ -92.732538, 41.7359626 ], [ -92.7325218, 41.7358491 ], [ -92.7325498, 41.7358446 ], [ -92.7329919, 41.7358426 ], [ -92.732992, 41.7360585 ], [ -92.7325449, 41.7360497 ] ] ] } },
{ "type": "Feature", "properties": { "name": "", "landuse": "", "leisure": "", "natural": "", "boundary": "", "amenity": "parking", "type": "District System", "district_system_type": "Central Hot Water", "slope_category": "flat" }, "geometry": { "type": "Polygon", "coordinates": [ [ [ -92.7302812, 41.7227275 ], [ -92.7296791, 41.7227265 ], [ -92.7295882, 41.7227451 ], [ -92.7288206, 41.7227391 ], [ -92.7288207, 41.7225706 ], [ -92.7288193, 41.7224035 ], [ -92.7288172, 41.7222552 ], [ -92.7288182, 41.7221015 ], [ -92.7288173, 41.7219424 ], [ -92.7288141, 41.7217911 ], [ -92.728822, 41.721637 ], [ -92.7288321, 41.7214644 ], [ -92.7289299, 41.7214639 ], [ -92.7290385, 41.7214594 ], [ -92.7290881, 41.7214591 ], [ -92.7295646, 41.7214587 ], [ -92.7296599, 41.7214823 ], [ -92.7296639, 41.721319 ], [ -92.7296719, 41.7211437 ], [ -92.7296689, 41.7211039 ], [ -92.7296672, 41.7210521 ], [ -92.7301415, 41.7210541 ], [ -92.7301433, 41.7211137 ], [ -92.7302039, 41.7211586 ], [ -92.7302009, 41.7214393 ], [ -92.730292, 41.7214716 ], [ -92.7303093, 41.7216467 ], [ -92.7303118, 41.721794 ], [ -92.7303143, 41.7219481 ], [ -92.7303074, 41.7221086 ], [ -92.7303069, 41.7222567 ], [ -92.7303136, 41.7224105 ], [ -92.7302843, 41.7225649 ], [ -92.7302812, 41.7227275 ] ] ] } },
{ "type": "Feature", "properties": { "name": "Lot L", "landuse": "", "leisure": "", "natural": "", "boundary": "", "amenity": "parking", "type": "District System", "district_system_type": "Central Hot Water", "slope_category": "mild" }, "geometry": { "type": "Polygon", "coordinates": [ [ [ -92.7185577, 41.7517285 ], [ -92.7185525, 41.751364 ], [ -92.7181749, 41.751365 ], [ -92.7178971, 41.7513636 ], [ -92.7178976, 41.7515506 ], [ -92.7178981, 41.7517299 ], [ -92.7185577, 41.7517285 ] ] ] } },
{ "type": "Feature", "properties": { "name": "Lot G", "landuse": "", "leisure": "", "natural": "", "boundary": "", "amenity": "parking", "type": "District System", "district_system_type": "Central Hot Water", "slope_category": "flat" }, "geometry": { "type": "Polygon", "coordinates": [ [ [ -92.7183638, 41.7522756 ], [ -92.7179398, 41.752272 ], [ -92.717936, 41.7521833 ], [ -92.7179356, 41.7520942 ], [ -92.7183609, 41.7520931 ], [ -92.7183638, 41.7522756 ] ] ] } },
{ "type": "Feature", "properties": { "name": "Lot Q", "landuse": "", "leisure": "", "natural": "", "boundary": "", "amenity": "parking", "type": "District System", "district_system_type": "Central Hot Water", "slope_category": "flat" }, "geometry": { "type": "Polygon", "coordinates": [ [ [ -92.7198601, 41.7476126 ], [ -92.7197233, 41.7476123 ], [ -92.7196847, 41.7476118 ], [ -92.719602, 41.7476115 ], [ -92.7195989, 41.7471549 ], [ -92.719665, 41.7471538 ], [ -92.7196596, 41.7471082 ], [ -92.7196042, 41.7471093 ], [ -92.7195676, 41.7471101 ], [ -92.7195705, 41.7470925 ], [ -92.719581, 41.7470294 ], [ -92.7195827, 41.747019 ], [ -92.7196928, 41.7463552 ], [ -92.7198056, 41.7463595 ], [ -92.7197771, 41.7464611 ], [ -92.7197582, 41.7465822 ], [ -92.7197996, 41.7465835 ], [ -92.7198821, 41.7465974 ], [ -92.7198634, 41.7467256 ], [ -92.7198207, 41.7470191 ], [ -92.7198236, 41.7470521 ], [ -92.7198259, 41.747079 ], [ -92.7197582, 41.7470838 ], [ -92.7197586, 41.7471547 ], [ -92.7198588, 41.7471611 ], [ -92.7198595, 41.7473951 ], [ -92.71986, 41.747584 ], [ -92.7198601, 41.7475984 ], [ -92.7198601, 41.7476126 ] ] ] } },
{ "type": "Feature", "properties": { "name": "", "landuse": "", "leisure": "", "natural": "", "boundary": "", "amenity": "parking", "type": "District System", "district_system_type": "Central Hot Water", "slope_category": "flat" }, "geometry": { "type": "Polygon", "coordinates": [ [ [ -92.7177104, 41.7468094 ], [ -92.7178405, 41.7468106 ], [ -92.717843, 41.7467262 ], [ -92.7178403, 41.7466134 ], [ -92.7177088, 41.7466124 ], [ -92.7177104, 41.7468094 ] ] ] } },
{ "type": "Feature", "properties": { "name": "", "landuse": "", "leisure": "", "natural": "", "boundary": "", "amenity": "parking", "type": "District System", "district_system_type": "Central Hot Water", "slope_category": "flat" }, "geometry": { "type": "Polygon", "coordinates": [ [ [ -92.7194385, 41.7465326 ], [ -92.7193835, 41.7465328 ], [ -92.7191143, 41.7465336 ], [ -92.7190709, 41.7465337 ], [ -92.7190276, 41.746534 ], [ -92.7190276, 41.7464809 ], [ -92.7190275, 41.7464465 ], [ -92.7190274, 41.7463523 ], [ -92.7194415, 41.7463534 ], [ -92.71944, 41.7464434 ], [ -92.7194385, 41.7465326 ] ] ] } },
{ "type": "Feature", "properties": { "name": "Lot O", "landuse": "", "leisure": "", "natural": "", "boundary": "", "amenity": "parking", "type": "District System", "district_system_type": "Central Hot Water", "slope_category": "flat" }, "geometry": { "type": "Polygon", "coordinates": [ [ [ -92.7190855, 41.7489188 ], [ -92.7190273, 41.7489158 ], [ -92.7189759, 41.7489161 ], [ -92.7189253, 41.7489169 ], [ -92.7188569, 41.7489166 ], [ -92.7188386, 41.7489165 ], [ -92.7188373, 41.7488451 ], [ -92.7188516, 41.7488421 ], [ -92.7188523, 41.748672 ], [ -92.7188349, 41.7485977 ], [ -92.718972, 41.7485967 ], [ -92.7190897, 41.7485959 ], [ -92.7190855, 41.7489188 ] ] ] } },
{ "type": "Feature", "properties": { "name": "Parking Lot E", "landuse": "", "leisure": "", "natural": "", "boundary": "", "amenity": "parking", "type": "District System", "district_system_type": "Central Hot Water", "slope_category": "mild" }, "geometry": { "type": "Polygon", "coordinates": [ [ [ -92.7211808, 41.7520991 ], [ -92.7212239, 41.7520995 ], [ -92.7212957, 41.7521003 ], [ -92.7212951, 41.7521303 ], [ -92.7212946, 41.752158 ], [ -92.7212945, 41.7521609 ], [ -92.7212833, 41.7527331 ], [ -92.7211686, 41.7527319 ], [ -92.7211699, 41.7526626 ], [ -92.7211802, 41.7521302 ], [ -92.7211808, 41.7520991 ] ] ] } },
{ "type": "Feature", "properties": { "name": "Parking Lot J", "landuse": "", "leisure": "", "natural": "", "boundary": "", "amenity": "parking", "type": "District System", "district_system_type": "Central Hot Water", "slope_category": "flat" }, "geometry": { "type": "Polygon", "coordinates": [ [ [ -92.7204256, 41.7514643 ], [ -92.7204463, 41.7514787 ], [ -92.7204799, 41.7515173 ], [ -92.7204913, 41.7515602 ], [ -92.7204953, 41.7515753 ], [ -92.7204963, 41.7516213 ], [ -92.7205007, 41.7518122 ], [ -92.720393, 41.7518141 ], [ -92.7203782, 41.7516029 ], [ -92.720376, 41.7515726 ], [ -92.7203754, 41.7515639 ], [ -92.7204529, 41.7515561 ], [ -92.72046, 41.7515553 ], [ -92.7204278, 41.7515082 ], [ -92.7204154, 41.7514976 ], [ -92.7203983, 41.7514883 ], [ -92.7203825, 41.7514821 ], [ -92.7203346, 41.751513 ], [ -92.7200562, 41.7513028 ], [ -92.7201378, 41.7512461 ], [ -92.72016, 41.7512629 ], [ -92.7204256, 41.7514643 ] ] ] } },
{ "type": "Feature", "properties": { "name": "Parking Lot N", "landuse": "", "leisure": "", "natural": "", "boundary": "", "amenity": "parking", "type": "District System", "district_system_type": "Central Hot Water", "slope_category": "flat" }, "geometry": { "type": "Polygon", "coordinates": [ [ [ -92.7175466, 41.7503269 ], [ -92.7174774, 41.7503265 ], [ -92.7174359, 41.7503263 ], [ -92.7173184, 41.7503275 ], [ -92.7173187, 41.7500265 ], [ -92.717549, 41.7500259 ], [ -92.7175524, 41.7501727 ], [ -92.7175477, 41.7502982 ], [ -92.7175466, 41.7503269 ] ] ] } },
{ "type": "Feature", "properties": { "name": "", "landuse": "", "leisure": "", "natural": "", "boundary": "", "amenity": "parking", "type": "District System", "district_system_type": "Central Hot Water", "slope_category": "flat" }, "geometry": { "type": "Polygon", "coordinates": [ [ [ -92.7206781, 41.7460659 ], [ -92.7206436, 41.7460902 ], [ -92.7205881, 41.7461292 ], [ -92.720552, 41.7461677 ], [ -92.7204324, 41.7461092 ], [ -92.7204944, 41.7460702 ], [ -92.7205676, 41.7460243 ], [ -92.7206053, 41.7460006 ], [ -92.7206348, 41.7460268 ], [ -92.7206697, 41.7460593 ], [ -92.7206781, 41.7460659 ] ] ] } },
{ "type": "Feature", "properties": { "name": "Lot M", "landuse": "", "leisure": "", "natural": "", "boundary": "", "amenity": "parking", "type": "District System", "district_system_type": "Central Hot Water", "slope_category": "flat" }, "geometry": { "type": "Polygon", "coordinates": [ [ [ -92.7175459, 41.7516499 ], [ -92.7173285, 41.7516466 ], [ -92.7173261, 41.7506802 ], [ -92.7175423, 41.7506813 ], [ -92.7175467, 41.7508581 ], [ -92.7174459, 41.7508569 ], [ -92.7174444, 41.7509583 ], [ -92.7175422, 41.7509583 ], [ -92.717542, 41.7512519 ], [ -92.7174914, 41.7512518 ], [ -92.7174807, 41.7512582 ], [ -92.7174794, 41.7512662 ], [ -92.7174906, 41.7512727 ], [ -92.7175443, 41.7512722 ], [ -92.7175449, 41.7514712 ], [ -92.7175455, 41.7515047 ], [ -92.7175456, 41.7515408 ], [ -92.7175457, 41.7515748 ], [ -92.7175459, 41.7516499 ] ] ] } },
{ "type": "Feature", "properties": { "name": "Lot T", "landuse": "", "leisure": "", "natural": "", "boundary": "", "amenity": "parking", "type": "District System", "district_system_type": "Central Hot Water", "slope_category": "mild" }, "geometry": { "type": "Polygon", "coordinates": [ [ [ -92.7175389, 41.7469715 ], [ -92.7175389, 41.7469215 ], [ -92.7175387, 41.7468838 ], [ -92.717539, 41.7466082 ], [ -92.7166362, 41.7466139 ], [ -92.7166555, 41.7469682 ], [ -92.716664, 41.7469682 ], [ -92.7174374, 41.7469711 ], [ -92.717485, 41.7469713 ], [ -92.7175389, 41.7469715 ] ] ] } },
{ "type": "Feature", "properties": { "name": "Lot K", "landuse": "", "leisure": "", "natural": "", "boundary": "", "amenity": "parking", "type": "District System", "district_system_type": "Central Hot Water", "slope_category": "flat" }, "geometry": { "type": "Polygon", "coordinates": [ [ [ -92.7194718, 41.7518275 ], [ -92.7194718, 41.7517949 ], [ -92.7194718, 41.7517631 ], [ -92.7194717, 41.7517311 ], [ -92.7194717, 41.7517018 ], [ -92.7194716, 41.7516708 ], [ -92.7194716, 41.7516398 ], [ -92.7194712, 41.7509506 ], [ -92.7194706, 41.7509397 ], [ -92.7194016, 41.7509399 ], [ -92.7189703, 41.7509408 ], [ -92.718968, 41.7518277 ], [ -92.7194062, 41.7518276 ], [ -92.7194718, 41.7518275 ] ] ] } },
{ "type": "Feature", "properties": { "name": "", "landuse": "", "leisure": "", "natural": "", "boundary": "", "amenity": "parking", "type": "District System", "district_system_type": "Central Hot Water", "slope_category": "flat" }, "geometry": { "type": "Polygon", "coordinates": [ [ [ -92.7256471, 41.7429191 ], [ -92.7256168, 41.7429204 ], [ -92.7254327, 41.7429199 ], [ -92.7252372, 41.7429193 ], [ -92.7252334, 41.7428685 ], [ -92.7251723, 41.7428474 ], [ -92.7251818, 41.7426822 ], [ -92.725139, 41.7426589 ], [ -92.7251396, 41.7425086 ], [ -92.7256302, 41.7425072 ], [ -92.7256538, 41.7425108 ], [ -92.725653, 41.7425267 ], [ -92.7256471, 41.7429191 ] ] ] } },
{ "type": "Feature", "properties": { "name": "", "landuse": "", "leisure": "", "natural": "", "boundary": "", "amenity": "parking", "type": "District System", "district_system_type": "Central Hot Water", "slope_category": "flat" }, "geometry": { "type": "Polygon", "coordinates": [ [ [ -92.7265787, 41.745435 ], [ -92.726583, 41.7455069 ], [ -92.7267225, 41.7455066 ], [ -92.7271119, 41.7455104 ], [ -92.7271102, 41.7455503 ], [ -92.7271098, 41.745602 ], [ -92.7272013, 41.7456019 ], [ -92.7272005, 41.7455082 ], [ -92.7272452, 41.7455084 ], [ -92.7272447, 41.745482 ], [ -92.727166, 41.7454323 ], [ -92.7265787, 41.745435 ] ] ] } },
{ "type": "Feature", "properties": { "name": "", "landuse": "", "leisure": "", "natural": "", "boundary": "", "amenity": "parking", "type": "District System", "district_system_type": "Central Hot Water", "slope_category": "flat" }, "geometry": { "type": "Polygon", "coordinates": [ [ [ -92.7387387, 41.7545516 ], [ -92.7387334, 41.7542593 ], [ -92.7387288, 41.7540127 ], [ -92.7387311, 41.7539863 ], [ -92.7383765, 41.7539889 ], [ -92.7383877, 41.7545603 ], [ -92.7384156, 41.7545609 ], [ -92.7384873, 41.7545612 ], [ -92.7385041, 41.7545522 ], [ -92.7387387, 41.7545516 ] ] ] } },
{ "type": "Feature", "properties": { "name": "", "landuse": "", "leisure": "", "natural": "", "boundary": "", "amenity": "parking", "type": "District System", "district_system_type": "Central Hot Water", "slope_category": "mild" }, "geometry": { "type": "Polygon", "coordinates": [ [ [ -92.7354738, 41.7433793 ], [ -92.7354735, 41.7436071 ], [ -92.7354424, 41.7436343 ], [ -92.7354198, 41.7436475 ], [ -92.735407, 41.7436515 ], [ -92.7353883, 41.7436548 ], [ -92.7348254, 41.7436515 ], [ -92.7348262, 41.7433765 ], [ -92.734946, 41.7433767 ], [ -92.7351579, 41.7433763 ], [ -92.7353802, 41.7433789 ], [ -92.7354738, 41.7433793 ] ] ] } },
{ "type": "Feature", "properties": { "name": "", "landuse": "", "leisure": "", "natural": "", "boundary": "", "amenity": "parking", "type": "District System", "district_system_type": "Central Hot Water", "slope_category": "flat" }, "geometry": { "type": "Polygon", "coordinates": [ [ [ -92.7345502, 41.7431536 ], [ -92.7345502, 41.7431021 ], [ -92.7345657, 41.7430727 ], [ -92.7345859, 41.7430343 ], [ -92.734588, 41.7429609 ], [ -92.7345641, 41.7429615 ], [ -92.7341957, 41.7429638 ], [ -92.7341948, 41.7431576 ], [ -92.7345502, 41.7431536 ] ] ] } },
{ "type": "Feature", "properties": { "name": "", "landuse": "", "leisure": "", "natural": "", "boundary": "", "amenity": "parking", "type": "District System", "district_system_type": "Central Hot Water", "slope_category": "flat" }, "geometry": { "type": "MultiPolygon", "coordinates": [ [ [ [ -92.733354, 41.7420619 ], [ -92.7333546, 41.7422012 ], [ -92.7333565, 41.7426248 ], [ -92.7332274, 41.7426274 ], [ -92.7332273, 41.7425759 ], [ -92.7332261, 41.7420602 ], [ -92.733354, 41.7420619 ] ] ], [ [ [ -92.7335918, 41.7426301 ], [ -92.7336386, 41.7426298 ], [ -92.7336385, 41.7426221 ], [ -92.734002, 41.7426197 ], [ -92.7340052, 41.7428976 ], [ -92.7339634, 41.742898 ], [ -92.7339455, 41.743205 ], [ -92.7333966, 41.7432064 ], [ -92.733359, 41.743183 ], [ -92.7333571, 41.7427654 ], [ -92.7333565, 41.7426248 ], [ -92.7335918, 41.7426301 ] ] ] ] } },
{ "type": "Feature", "properties": { "name": "", "landuse": "", "leisure": "", "natural": "", "boundary": "", "amenity": "parking", "type": "District System", "district_system_type": "Central Hot Water", "slope_category": "mild" }, "geometry": { "type": "Polygon", "coordinates": [ [ [ -92.7354023, 41.7425774 ], [ -92.7353777, 41.7425974 ], [ -92.7353283, 41.742614 ], [ -92.7351106, 41.7426128 ], [ -92.7351026, 41.7425524 ], [ -92.7350034, 41.7425515 ], [ -92.735009, 41.7425232 ], [ -92.7350047, 41.7424947 ], [ -92.7349909, 41.742468 ], [ -92.7349428, 41.7423397 ], [ -92.7349356, 41.7421585 ], [ -92.7348037, 41.7420924 ], [ -92.7348552, 41.7419717 ], [ -92.7348552, 41.741885 ], [ -92.7348552, 41.7418027 ], [ -92.7349336, 41.7418028 ], [ -92.7352052, 41.7418032 ], [ -92.7352626, 41.7418033 ], [ -92.7353957, 41.7418044 ], [ -92.7353954, 41.7419833 ], [ -92.7353952, 41.7421567 ], [ -92.7353949, 41.7423342 ], [ -92.7353948, 41.7423644 ], [ -92.7358299, 41.7423722 ], [ -92.735857, 41.7423665 ], [ -92.7359504, 41.7423672 ], [ -92.7359538, 41.7425524 ], [ -92.7353973, 41.74255 ], [ -92.7354023, 41.7425774 ] ] ] } },
{ "type": "Feature", "properties": { "name": "", "landuse": "", "leisure": "", "natural": "", "boundary": "", "amenity": "parking", "type": "District System", "district_system_type": "Central Hot Water", "slope_category": "flat" }, "geometry": { "type": "Polygon", "coordinates": [ [ [ -92.7345154, 41.7411796 ], [ -92.7344928, 41.741137 ], [ -92.7349372, 41.7409781 ], [ -92.7352602, 41.740979 ], [ -92.7352611, 41.7412853 ], [ -92.7352033, 41.7413296 ], [ -92.7345234, 41.7413279 ], [ -92.7345154, 41.7411796 ] ] ] } },
{ "type": "Feature", "properties": { "name": "", "landuse": "", "leisure": "", "natural": "", "boundary": "", "amenity": "parking", "type": "District System", "district_system_type": "Central Hot Water", "slope_category": "flat" }, "geometry": { "type": "Polygon", "coordinates": [ [ [ -92.7331003, 41.7431674 ], [ -92.7331812, 41.7431702 ], [ -92.7332319, 41.743175 ], [ -92.733228, 41.7429223 ], [ -92.7331084, 41.7429234 ], [ -92.7331056, 41.7430066 ], [ -92.7331003, 41.7431674 ] ] ] } },
{ "type": "Feature", "properties": { "name": "", "landuse": "", "leisure": "", "natural": "", "boundary": "", "amenity": "parking", "type": "District System", "district_system_type": "Central Hot Water", "slope_category": "flat" }, "geometry": { "type": "Polygon", "coordinates": [ [ [ -92.7344759, 41.7416681 ], [ -92.7344798, 41.7412654 ], [ -92.734034, 41.7413087 ], [ -92.7340301, 41.7416638 ], [ -92.7344759, 41.7416681 ] ] ] } },
{ "type": "Feature", "properties": { "name": "", "landuse": "", "leisure": "", "natural": "", "boundary": "", "amenity": "parking", "type": "District System", "district_system_type": "Central Hot Water", "slope_category": "flat" }, "geometry": { "type": "Polygon", "coordinates": [ [ [ -92.7232744, 41.7404374 ], [ -92.7232012, 41.7403351 ], [ -92.7229269, 41.7403328 ], [ -92.7230059, 41.7404367 ], [ -92.7231967, 41.7404338 ], [ -92.7232569, 41.7404396 ], [ -92.7232744, 41.7404374 ] ] ] } },
{ "type": "Feature", "properties": { "name": "", "landuse": "", "leisure": "", "natural": "", "boundary": "", "amenity": "parking", "type": "District System", "district_system_type": "Central Hot Water", "slope_category": "flat" }, "geometry": { "type": "Polygon", "coordinates": [ [ [ -92.7222485, 41.7412998 ], [ -92.7222824, 41.7412089 ], [ -92.7223117, 41.7411305 ], [ -92.7219525, 41.7410411 ], [ -92.7219206, 41.7410915 ], [ -92.7218212, 41.741103 ], [ -92.7218162, 41.7411301 ], [ -92.7218717, 41.7411637 ], [ -92.7218756, 41.7412153 ], [ -92.7222485, 41.7412998 ] ] ] } },
{ "type": "Feature", "properties": { "name": "", "landuse": "", "leisure": "", "natural": "", "boundary": "", "amenity": "parking", "type": "District System", "district_system_type": "Central Hot Water", "slope_category": "flat" }, "geometry": { "type": "Polygon", "coordinates": [ [ [ -92.7255225, 41.7400188 ], [ -92.7255302, 41.7398599 ], [ -92.7249634, 41.739848 ], [ -92.7249642, 41.7399064 ], [ -92.7249645, 41.7399292 ], [ -92.7249632, 41.7400078 ], [ -92.7255225, 41.7400188 ] ] ] } },
{ "type": "Feature", "properties": { "name": "", "landuse": "", "leisure": "", "natural": "", "boundary": "", "amenity": "parking", "type": "District System", "district_system_type": "Central Hot Water", "slope_category": "mild" }, "geometry": { "type": "Polygon", "coordinates": [ [ [ -92.7248317, 41.7403339 ], [ -92.7248276, 41.7402412 ], [ -92.7244925, 41.7402381 ], [ -92.7244953, 41.7403346 ], [ -92.7248317, 41.7403339 ] ] ] } },
{ "type": "Feature", "properties": { "name": "", "landuse": "", "leisure": "", "natural": "", "boundary": "", "amenity": "parking", "type": "District System", "district_system_type": "Central Hot Water", "slope_category": "flat" }, "geometry": { "type": "Polygon", "coordinates": [ [ [ -92.7242949, 41.7396641 ], [ -92.7241268, 41.7396961 ], [ -92.7241262, 41.7395827 ], [ -92.724126, 41.7395591 ], [ -92.7242947, 41.7395915 ], [ -92.7242949, 41.7396641 ] ] ] } },
{ "type": "Feature", "properties": { "name": "", "landuse": "", "leisure": "", "natural": "", "boundary": "", "amenity": "parking", "type": "District System", "district_system_type": "Central Hot Water", "slope_category": "flat" }, "geometry": { "type": "Polygon", "coordinates": [ [ [ -92.7241257, 41.7395081 ], [ -92.7241976, 41.7395049 ], [ -92.7242944, 41.7395048 ], [ -92.7242935, 41.7392409 ], [ -92.7241241, 41.7392413 ], [ -92.7241243, 41.7392689 ], [ -92.7241257, 41.7395081 ] ] ] } },
{ "type": "Feature", "properties": { "name": "", "landuse": "", "leisure": "", "natural": "", "boundary": "", "amenity": "parking", "type": "District System", "district_system_type": "Central Hot Water", "slope_category": "flat" }, "geometry": { "type": "Polygon", "coordinates": [ [ [ -92.7237255, 41.7388799 ], [ -92.723535, 41.7388793 ], [ -92.7232893, 41.7388787 ], [ -92.7232894, 41.7389805 ], [ -92.7233219, 41.7389801 ], [ -92.7233652, 41.7389793 ], [ -92.7234623, 41.7389786 ], [ -92.7237574, 41.7389836 ], [ -92.7237255, 41.7388799 ] ] ] } },
{ "type": "Feature", "properties": { "name": "", "landuse": "", "leisure": "", "natural": "", "boundary": "", "amenity": "parking", "type": "District System", "district_system_type": "Central Hot Water", "slope_category": "flat" }, "geometry": { "type": "Polygon", "coordinates": [ [ [ -92.7231774, 41.7389834 ], [ -92.7231549, 41.7388788 ], [ -92.7229256, 41.7388788 ], [ -92.7227422, 41.7388796 ], [ -92.7227857, 41.7389771 ], [ -92.7231774, 41.7389834 ] ] ] } },
{ "type": "Feature", "properties": { "name": "", "landuse": "", "leisure": "", "natural": "", "boundary": "", "amenity": "parking", "type": "District System", "district_system_type": "Central Hot Water", "slope_category": "flat" }, "geometry": { "type": "Polygon", "coordinates": [ [ [ -92.7222184, 41.7389786 ], [ -92.722291, 41.7388786 ], [ -92.7219595, 41.738876 ], [ -92.7219874, 41.7389152 ], [ -92.7220286, 41.738978 ], [ -92.7221236, 41.7389801 ], [ -92.7222184, 41.7389786 ] ] ] } },
{ "type": "Feature", "properties": { "name": "", "landuse": "", "leisure": "", "natural": "", "boundary": "", "amenity": "parking", "type": "District System", "district_system_type": "Central Hot Water", "slope_category": "flat" }, "geometry": { "type": "Polygon", "coordinates": [ [ [ -92.7339514, 41.7418017 ], [ -92.7339519, 41.7417018 ], [ -92.7338835, 41.7417019 ], [ -92.7335728, 41.7417021 ], [ -92.7334682, 41.7417022 ], [ -92.733471, 41.7418053 ], [ -92.7339377, 41.7418018 ], [ -92.7339514, 41.7418017 ] ] ] } },
{ "type": "Feature", "properties": { "name": "", "landuse": "", "leisure": "", "natural": "", "boundary": "", "amenity": "parking", "type": "District System", "district_system_type": "Central Hot Water", "slope_category": "flat" }, "geometry": { "type": "Polygon", "coordinates": [ [ [ -92.733848, 41.7413318 ], [ -92.7339283, 41.7413318 ], [ -92.7339314, 41.7414674 ], [ -92.7338458, 41.7414664 ], [ -92.7338458, 41.7415332 ], [ -92.7338384, 41.7415318 ], [ -92.7335873, 41.7415335 ], [ -92.7335834, 41.7414244 ], [ -92.733848, 41.7413318 ] ] ] } },
{ "type": "Feature", "properties": { "name": "", "landuse": "", "leisure": "", "natural": "", "boundary": "", "amenity": "parking", "type": "District System", "district_system_type": "Central Hot Water", "slope_category": "mild" }, "geometry": { "type": "Polygon", "coordinates": [ [ [ -92.7384126, 41.7438955 ], [ -92.7384137, 41.7440192 ], [ -92.7381626, 41.7440203 ], [ -92.7381562, 41.7434546 ], [ -92.7382721, 41.7434512 ], [ -92.7384059, 41.7434473 ], [ -92.7384052, 41.7435692 ], [ -92.7384141, 41.7435708 ], [ -92.7384126, 41.7438955 ] ] ] } },
{ "type": "Feature", "properties": { "name": "", "landuse": "", "leisure": "", "natural": "", "boundary": "", "amenity": "parking", "type": "District System", "district_system_type": "Central Hot Water", "slope_category": "flat" }, "geometry": { "type": "Polygon", "coordinates": [ [ [ -92.7319573, 41.7458778 ], [ -92.7319573, 41.7460259 ], [ -92.7322095, 41.7460298 ], [ -92.7322111, 41.7460023 ], [ -92.7322113, 41.7459739 ], [ -92.7322108, 41.7459037 ], [ -92.7321337, 41.7459025 ], [ -92.7320748, 41.7458914 ], [ -92.7320189, 41.7458809 ], [ -92.7319573, 41.7458778 ] ] ] } },
{ "type": "Feature", "properties": { "name": "", "landuse": "", "leisure": "", "natural": "", "boundary": "", "amenity": "parking", "type": "District System", "district_system_type": "Central Hot Water", "slope_category": "flat" }, "geometry": { "type": "Polygon", "coordinates": [ [ [ -92.7077881, 41.748858 ], [ -92.7077503, 41.748927 ], [ -92.707719, 41.74899 ], [ -92.7070127, 41.7489888 ], [ -92.7070094, 41.748927 ], [ -92.7070115, 41.7488578 ], [ -92.7077881, 41.748858 ] ] ] } },
{ "type": "Feature", "properties": { "name": "", "landuse": "", "leisure": "", "natural": "", "boundary": "", "amenity": "parking", "type": "District System", "district_system_type": "Central Hot Water", "slope_category": "flat" }, "geometry": { "type": "Polygon", "coordinates": [ [ [ -92.707842, 41.7555416 ], [ -92.7078401, 41.7555766 ], [ -92.7078265, 41.7555767 ], [ -92.7074655, 41.7555803 ], [ -92.7074663, 41.7539396 ], [ -92.7078257, 41.753936 ], [ -92.7078272, 41.7539676 ], [ -92.7078282, 41.7540047 ], [ -92.7078301, 41.7551463 ], [ -92.7078438, 41.7551497 ], [ -92.707842, 41.7555416 ] ] ] } },
{ "type": "Feature", "properties": { "name": "", "landuse": "", "leisure": "", "natural": "", "boundary": "", "amenity": "parking", "type": "District System", "district_system_type": "Central Hot Water", "slope_category": "flat" }, "geometry": { "type": "Polygon", "coordinates": [ [ [ -92.7066787, 41.7515127 ], [ -92.7062851, 41.751511 ], [ -92.70629, 41.7523761 ], [ -92.7062871, 41.7527706 ], [ -92.7063634, 41.7527874 ], [ -92.7063618, 41.7528298 ], [ -92.7062505, 41.7529722 ], [ -92.7061741, 41.7530122 ], [ -92.706143, 41.7530854 ], [ -92.7061394, 41.7531358 ], [ -92.7061777, 41.7531924 ], [ -92.7062566, 41.7532316 ], [ -92.706319, 41.7532423 ], [ -92.7063663, 41.7532428 ], [ -92.7064182, 41.7532288 ], [ -92.7065515, 41.7530869 ], [ -92.7065905, 41.7529963 ], [ -92.7066471, 41.7529214 ], [ -92.7066549, 41.7528961 ], [ -92.7066476, 41.7527895 ], [ -92.7067168, 41.7527895 ], [ -92.7067186, 41.752371 ], [ -92.7067035, 41.7523039 ], [ -92.7067023, 41.7520564 ], [ -92.7067006, 41.7517199 ], [ -92.7067001, 41.7516266 ], [ -92.7067003, 41.7515317 ], [ -92.7067083, 41.7515127 ], [ -92.7066787, 41.7515127 ] ] ] } },
{ "type": "Feature", "properties": { "name": "", "landuse": "", "leisure": "", "natural": "", "boundary": "", "amenity": "parking", "type": "District System", "district_system_type": "Central Hot Water", "slope_category": "flat" }, "geometry": { "type": "Polygon", "coordinates": [ [ [ -92.7305366, 41.7330626 ], [ -92.7309759, 41.7330636 ], [ -92.731149, 41.733064 ], [ -92.731196, 41.733061 ], [ -92.7311955, 41.7329814 ], [ -92.7305749, 41.7329836 ], [ -92.7305366, 41.7330626 ] ] ] } },
{ "type": "Feature", "properties": { "name": "", "landuse": "", "leisure": "", "natural": "", "boundary": "", "amenity": "parking", "type": "District System", "district_system_type": "Central Hot Water", "slope_category": "flat" }, "geometry": { "type": "Polygon", "coordinates": [ [ [ -92.7287088, 41.7452784 ], [ -92.7288322, 41.7451896 ], [ -92.7288314, 41.7449264 ], [ -92.7287095, 41.7450273 ], [ -92.7287088, 41.7452784 ] ] ] } },
{ "type": "Feature", "properties": { "name": "", "landuse": "", "leisure": "", "natural": "", "boundary": "", "amenity": "parking", "type": "District System", "district_system_type": "Central Hot Water", "slope_category": "flat" }, "geometry": { "type": "Polygon", "coordinates": [ [ [ -92.7286609, 41.7450434 ], [ -92.7286586, 41.7448386 ], [ -92.7280067, 41.7448386 ], [ -92.7280067, 41.7450849 ], [ -92.7280614, 41.7450862 ], [ -92.7281219, 41.7450876 ], [ -92.7281214, 41.7450961 ], [ -92.7281642, 41.745106 ], [ -92.7283717, 41.7451041 ], [ -92.7285585, 41.7451024 ], [ -92.7285904, 41.7451029 ], [ -92.7285926, 41.7450448 ], [ -92.7286609, 41.7450434 ] ] ] } },
{ "type": "Feature", "properties": { "name": "", "landuse": "", "leisure": "", "natural": "", "boundary": "", "amenity": "parking", "type": "District System", "district_system_type": "Central Hot Water", "slope_category": "mild" }, "geometry": { "type": "Polygon", "coordinates": [ [ [ -92.736172, 41.7488535 ], [ -92.736109, 41.7488538 ], [ -92.7360485, 41.7488545 ], [ -92.7360477, 41.7486138 ], [ -92.736046, 41.7481262 ], [ -92.7361135, 41.7481264 ], [ -92.7361692, 41.7481276 ], [ -92.736171, 41.7482033 ], [ -92.7361699, 41.7484051 ], [ -92.7361627, 41.7486119 ], [ -92.7361634, 41.7486898 ], [ -92.736172, 41.7488535 ] ] ] } },
{ "type": "Feature", "properties": { "name": "", "landuse": "", "leisure": "", "natural": "", "boundary": "", "amenity": "parking", "type": "District System", "district_system_type": "Central Hot Water", "slope_category": "flat" }, "geometry": { "type": "Polygon", "coordinates": [ [ [ -92.7346963, 41.7478977 ], [ -92.7347597, 41.7478976 ], [ -92.7348221, 41.7478974 ], [ -92.7348212, 41.7489157 ], [ -92.7347569, 41.7489154 ], [ -92.7347036, 41.7489152 ], [ -92.7347051, 41.7488406 ], [ -92.734707, 41.7486423 ], [ -92.734707, 41.7484725 ], [ -92.7346936, 41.7479335 ], [ -92.7346963, 41.7478977 ] ] ] } },
{ "type": "Feature", "properties": { "name": "", "landuse": "", "leisure": "", "natural": "", "boundary": "", "amenity": "parking", "type": "District System", "district_system_type": "Central Hot Water", "slope_category": "mild" }, "geometry": { "type": "Polygon", "coordinates": [ [ [ -92.7347059, 41.7477008 ], [ -92.734762, 41.7476997 ], [ -92.7347932, 41.74767 ], [ -92.7348452, 41.7476694 ], [ -92.7348447, 41.7475809 ], [ -92.7347814, 41.7475648 ], [ -92.734704, 41.7475623 ], [ -92.7347038, 41.7475724 ], [ -92.7347059, 41.7477008 ] ] ] } },
{ "type": "Feature", "properties": { "name": "", "landuse": "", "leisure": "", "natural": "", "boundary": "", "amenity": "parking", "type": "District System", "district_system_type": "Central Hot Water", "slope_category": "flat" }, "geometry": { "type": "Polygon", "coordinates": [ [ [ -92.7380726, 41.74306 ], [ -92.7380747, 41.7427651 ], [ -92.7379553, 41.7427646 ], [ -92.7379147, 41.7427644 ], [ -92.7379125, 41.7430594 ], [ -92.7379538, 41.7430595 ], [ -92.7380726, 41.74306 ] ] ] } },
{ "type": "Feature", "properties": { "name": "", "landuse": "", "leisure": "", "natural": "", "boundary": "", "amenity": "parking", "type": "District System", "district_system_type": "Central Hot Water", "slope_category": "flat" }, "geometry": { "type": "Polygon", "coordinates": [ [ [ -92.7373994, 41.7431202 ], [ -92.7373892, 41.7427741 ], [ -92.737509, 41.7427722 ], [ -92.7376424, 41.74277 ], [ -92.7376527, 41.7431161 ], [ -92.7373994, 41.7431202 ] ] ] } },
{ "type": "Feature", "properties": { "name": "", "landuse": "", "leisure": "", "natural": "", "boundary": "", "amenity": "parking", "type": "District System", "district_system_type": "Central Hot Water", "slope_category": "flat" }, "geometry": { "type": "Polygon", "coordinates": [ [ [ -92.7237195, 41.7452877 ], [ -92.7237178, 41.7452474 ], [ -92.7237044, 41.7452086 ], [ -92.7234168, 41.7452082 ], [ -92.7234181, 41.7452911 ], [ -92.7237195, 41.7452877 ] ] ] } },
{ "type": "Feature", "properties": { "name": "", "landuse": "", "leisure": "", "natural": "", "boundary": "", "amenity": "parking", "type": "District System", "district_system_type": "Central Hot Water", "slope_category": "flat" }, "geometry": { "type": "Polygon", "coordinates": [ [ [ -92.7211207, 41.7450852 ], [ -92.7213518, 41.745088 ], [ -92.7213621, 41.7450804 ], [ -92.7216974, 41.7450795 ], [ -92.7216978, 41.7449983 ], [ -92.7216997, 41.7449285 ], [ -92.721703, 41.7448807 ], [ -92.7216028, 41.7448794 ], [ -92.7216029, 41.744788 ], [ -92.7210427, 41.7447866 ], [ -92.7210469, 41.74493 ], [ -92.7210463, 41.7449797 ], [ -92.7211003, 41.7450082 ], [ -92.7211207, 41.7450852 ] ] ] } },
{ "type": "Feature", "properties": { "name": "", "landuse": "", "leisure": "", "natural": "", "boundary": "", "amenity": "parking", "type": "District System", "district_system_type": "Central Hot Water", "slope_category": "flat" }, "geometry": { "type": "Polygon", "coordinates": [ [ [ -92.7233022, 41.7436973 ], [ -92.7234044, 41.7436991 ], [ -92.723415, 41.7439302 ], [ -92.7233032, 41.7439294 ], [ -92.7233026, 41.7438601 ], [ -92.7233022, 41.7436973 ] ] ] } },
{ "type": "Feature", "properties": { "name": "", "landuse": "", "leisure": "", "natural": "", "boundary": "", "amenity": "parking", "type": "District System", "district_system_type": "Central Hot Water", "slope_category": "flat" }, "geometry": { "type": "Polygon", "coordinates": [ [ [ -92.7144846, 41.7497869 ], [ -92.7144426, 41.7498535 ], [ -92.7144426, 41.7498888 ], [ -92.7144876, 41.7499628 ], [ -92.7141496, 41.7499638 ], [ -92.71407, 41.749964 ], [ -92.7140267, 41.7498983 ], [ -92.7136649, 41.7498964 ], [ -92.7136942, 41.7499663 ], [ -92.7134106, 41.7499668 ], [ -92.7132113, 41.7499671 ], [ -92.7131508, 41.7498712 ], [ -92.7130881, 41.7498712 ], [ -92.713089, 41.7498302 ], [ -92.7131182, 41.7497755 ], [ -92.7144846, 41.7497869 ] ] ] } },
{ "type": "Feature", "properties": { "name": "", "landuse": "", "leisure": "", "natural": "", "boundary": "", "amenity": "parking", "type": "District System", "district_system_type": "Central Hot Water", "slope_category": "flat" }, "geometry": { "type": "Polygon", "coordinates": [ [ [ -92.7129625, 41.7504071 ], [ -92.7130707, 41.750344 ], [ -92.7130727, 41.7500638 ], [ -92.712964, 41.7500861 ], [ -92.7129643, 41.7500043 ], [ -92.7129628, 41.7498713 ], [ -92.7129615, 41.7497914 ], [ -92.7128677, 41.7498047 ], [ -92.7128665, 41.7502087 ], [ -92.7128503, 41.7502247 ], [ -92.7128512, 41.7503398 ], [ -92.7129625, 41.7504071 ] ] ] } },
{ "type": "Feature", "properties": { "name": "", "landuse": "", "leisure": "", "natural": "", "boundary": "", "amenity": "parking", "type": "District System", "district_system_type": "Central Hot Water", "slope_category": "flat" }, "geometry": { "type": "Polygon", "coordinates": [ [ [ -92.7137032, 41.7497404 ], [ -92.7139778, 41.7497522 ], [ -92.7139992, 41.7493269 ], [ -92.7140283, 41.7493259 ], [ -92.7140271, 41.7492071 ], [ -92.7139991, 41.7492072 ], [ -92.713965, 41.7492074 ], [ -92.7138587, 41.7493151 ], [ -92.7137391, 41.7492584 ], [ -92.713705, 41.7492581 ], [ -92.7136707, 41.7492577 ], [ -92.7136828, 41.7496081 ], [ -92.7136731, 41.7497391 ], [ -92.7137032, 41.7497404 ] ] ] } },
{ "type": "Feature", "properties": { "name": "", "landuse": "", "leisure": "", "natural": "", "boundary": "", "amenity": "parking", "type": "District System", "district_system_type": "Central Hot Water", "slope_category": "flat" }, "geometry": { "type": "Polygon", "coordinates": [ [ [ -92.717352, 41.7490501 ], [ -92.7175453, 41.7489009 ], [ -92.7175472, 41.7488693 ], [ -92.7175942, 41.7488691 ], [ -92.7175942, 41.7488013 ], [ -92.7172699, 41.7488013 ], [ -92.71727, 41.7488355 ], [ -92.7171272, 41.7488357 ], [ -92.7171271, 41.7488718 ], [ -92.7170689, 41.7488727 ], [ -92.7170499, 41.7490493 ], [ -92.7173093, 41.7490502 ], [ -92.717352, 41.7490501 ] ] ] } },
{ "type": "Feature", "properties": { "name": "", "landuse": "", "leisure": "", "natural": "", "boundary": "", "amenity": "parking", "type": "District System", "district_system_type": "Central Hot Water", "slope_category": "flat" }, "geometry": { "type": "Polygon", "coordinates": [ [ [ -92.7175944, 41.7482922 ], [ -92.7175943, 41.7484104 ], [ -92.7174653, 41.7484098 ], [ -92.7174652, 41.7483698 ], [ -92.7173816, 41.7483699 ], [ -92.7173817, 41.748422 ], [ -92.7171162, 41.7484242 ], [ -92.7171164, 41.7483666 ], [ -92.7170725, 41.7483664 ], [ -92.7170727, 41.7482845 ], [ -92.7170743, 41.7481954 ], [ -92.7171173, 41.7481959 ], [ -92.7175751, 41.7482029 ], [ -92.7175962, 41.7482029 ], [ -92.7175944, 41.7482922 ] ] ] } },
{ "type": "Feature", "properties": { "name": "", "landuse": "", "leisure": "", "natural": "", "boundary": "", "amenity": "parking", "type": "District System", "district_system_type": "Central Hot Water", "slope_category": "flat" }, "geometry": { "type": "Polygon", "coordinates": [ [ [ -92.734342, 41.7489447 ], [ -92.7343663, 41.7488398 ], [ -92.7335736, 41.7488326 ], [ -92.7335791, 41.7489377 ], [ -92.734342, 41.7489447 ] ] ] } },
{ "type": "Feature", "properties": { "name": "", "landuse": "", "leisure": "", "natural": "", "boundary": "", "amenity": "parking", "type": "District System", "district_system_type": "Central Hot Water", "slope_category": "flat" }, "geometry": { "type": "Polygon", "coordinates": [ [ [ -92.7123057, 41.7504088 ], [ -92.712348, 41.7502484 ], [ -92.712261, 41.7502314 ], [ -92.7122555, 41.750247 ], [ -92.7122456, 41.750278 ], [ -92.7122037, 41.7504091 ], [ -92.7123057, 41.7504088 ] ] ] } },
{ "type": "Feature", "properties": { "name": "", "landuse": "", "leisure": "", "natural": "", "boundary": "", "amenity": "parking", "type": "District System", "district_system_type": "Central Hot Water", "slope_category": "flat" }, "geometry": { "type": "Polygon", "coordinates": [ [ [ -92.7150692, 41.7315004 ], [ -92.715069, 41.7314277 ], [ -92.7150686, 41.7312459 ], [ -92.7150684, 41.7311564 ], [ -92.7141892, 41.7311576 ], [ -92.71419, 41.7315015 ], [ -92.7142916, 41.7315014 ], [ -92.7150692, 41.7315004 ] ] ] } },
{ "type": "Feature", "properties": { "name": "", "landuse": "", "leisure": "", "natural": "", "boundary": "", "amenity": "parking", "type": "District System", "district_system_type": "Central Hot Water", "slope_category": "flat" }, "geometry": { "type": "Polygon", "coordinates": [ [ [ -92.7135703, 41.7314151 ], [ -92.7135784, 41.731347 ], [ -92.7135749, 41.7310167 ], [ -92.7135758, 41.7309593 ], [ -92.7138993, 41.730969 ], [ -92.7139975, 41.7309552 ], [ -92.713953, 41.7306889 ], [ -92.713688, 41.7306612 ], [ -92.713688, 41.7306266 ], [ -92.7133771, 41.7306119 ], [ -92.7133274, 41.7306744 ], [ -92.7131829, 41.7307214 ], [ -92.7130475, 41.7307726 ], [ -92.7130179, 41.7308632 ], [ -92.7130911, 41.7311156 ], [ -92.713194, 41.7312512 ], [ -92.7135058, 41.7313701 ], [ -92.7135703, 41.7314151 ] ] ] } },
{ "type": "Feature", "properties": { "name": "", "landuse": "", "leisure": "", "natural": "", "boundary": "", "amenity": "parking", "type": "District System", "district_system_type": "Central Hot Water", "slope_category": "flat" }, "geometry": { "type": "Polygon", "coordinates": [ [ [ -92.716331, 41.731226 ], [ -92.7162266, 41.7312959 ], [ -92.7159576, 41.7310812 ], [ -92.7160609, 41.7310292 ], [ -92.7161045, 41.7310661 ], [ -92.7162983, 41.7312121 ], [ -92.716331, 41.731226 ] ] ] } },
{ "type": "Feature", "properties": { "name": "", "landuse": "", "leisure": "", "natural": "", "boundary": "", "amenity": "parking", "type": "District System", "district_system_type": "Central Hot Water", "slope_category": "flat" }, "geometry": { "type": "Polygon", "coordinates": [ [ [ -92.7171157, 41.7313466 ], [ -92.7172157, 41.7312633 ], [ -92.7173385, 41.7310977 ], [ -92.7173593, 41.7310201 ], [ -92.7173574, 41.7304505 ], [ -92.7172684, 41.7304834 ], [ -92.7172684, 41.730497 ], [ -92.7172682, 41.7305294 ], [ -92.7171375, 41.730525 ], [ -92.7171358, 41.7306574 ], [ -92.717133, 41.7309418 ], [ -92.7171324, 41.730997 ], [ -92.7170994, 41.731083 ], [ -92.7170768, 41.7311129 ], [ -92.7170406, 41.7311607 ], [ -92.7169226, 41.7312426 ], [ -92.7168177, 41.7312948 ], [ -92.7168999, 41.7313616 ], [ -92.717029, 41.7312909 ], [ -92.7171157, 41.7313466 ] ] ] } },
{ "type": "Feature", "properties": { "name": "", "landuse": "", "leisure": "", "natural": "", "boundary": "", "amenity": "parking", "type": "District System", "district_system_type": "Central Hot Water", "slope_category": "flat" }, "geometry": { "type": "Polygon", "coordinates": [ [ [ -92.7375574, 41.7504856 ], [ -92.7375625, 41.7512419 ], [ -92.7371266, 41.7512262 ], [ -92.7371266, 41.7504738 ], [ -92.7375574, 41.7504856 ] ] ] } },
{ "type": "Feature", "properties": { "name": "", "landuse": "", "leisure": "", "natural": "", "boundary": "", "amenity": "parking", "type": "District System", "district_system_type": "Central Hot Water", "slope_category": "flat" }, "geometry": { "type": "Polygon", "coordinates": [ [ [ -92.7379794, 41.7517901 ], [ -92.7380061, 41.7517167 ], [ -92.7380465, 41.7516905 ], [ -92.7381123, 41.7514948 ], [ -92.7384943, 41.7515747 ], [ -92.7384702, 41.7516472 ], [ -92.7384191, 41.751797 ], [ -92.7383957, 41.7518711 ], [ -92.7379794, 41.7517901 ] ] ] } },
{ "type": "Feature", "properties": { "name": "", "landuse": "", "leisure": "", "natural": "", "boundary": "", "amenity": "parking", "type": "District System", "district_system_type": "Central Hot Water", "slope_category": "flat" }, "geometry": { "type": "Polygon", "coordinates": [ [ [ -92.7399314, 41.749755 ], [ -92.7399184, 41.7498591 ], [ -92.739804, 41.7504243 ], [ -92.7397629, 41.7506275 ], [ -92.7396208, 41.750587 ], [ -92.7393938, 41.7505395 ], [ -92.7392898, 41.7505976 ], [ -92.739225, 41.7505837 ], [ -92.7394963, 41.7498125 ], [ -92.7394931, 41.7497646 ], [ -92.7395765, 41.7497119 ], [ -92.7396512, 41.7496962 ], [ -92.7399314, 41.749755 ] ] ] } },
{ "type": "Feature", "properties": { "name": "", "landuse": "", "leisure": "", "natural": "", "boundary": "", "amenity": "parking", "type": "District System", "district_system_type": "Central Hot Water", "slope_category": "flat" }, "geometry": { "type": "Polygon", "coordinates": [ [ [ -92.7380037, 41.7512075 ], [ -92.7381086, 41.7512295 ], [ -92.7382106, 41.7512509 ], [ -92.7383203, 41.7509604 ], [ -92.7381133, 41.7509169 ], [ -92.7380037, 41.7512075 ] ] ] } },
{ "type": "Feature", "properties": { "name": "Parking Lot V", "landuse": "", "leisure": "", "natural": "", "boundary": "", "amenity": "parking", "type": "District System", "district_system_type": "Central Hot Water", "slope_category": "mild" }, "geometry": { "type": "Polygon", "coordinates": [ [ [ -92.7216966, 41.7452615 ], [ -92.7218253, 41.745268 ], [ -92.721837, 41.7456176 ], [ -92.7216949, 41.7456176 ], [ -92.7216954, 41.7455073 ], [ -92.7216966, 41.7452615 ] ] ] } },
{ "type": "Feature", "properties": { "name": "", "landuse": "", "leisure": "", "natural": "", "boundary": "", "amenity": "parking", "type": "District System", "district_system_type": "Central Hot Water", "slope_category": "flat" }, "geometry": { "type": "Polygon", "coordinates": [ [ [ -92.7288351, 41.7433841 ], [ -92.7287002, 41.7433974 ], [ -92.7287006, 41.7434303 ], [ -92.728702, 41.7435661 ], [ -92.7288392, 41.743563 ], [ -92.7288373, 41.7434807 ], [ -92.7288362, 41.7434309 ], [ -92.7288354, 41.7433945 ], [ -92.7288351, 41.7433841 ] ] ] } },
{ "type": "Feature", "properties": { "name": "", "landuse": "", "leisure": "", "natural": "", "boundary": "", "amenity": "parking", "type": "District System", "district_system_type": "Central Hot Water", "slope_category": "flat" }, "geometry": { "type": "Polygon", "coordinates": [ [ [ -92.728237, 41.7434115 ], [ -92.7281, 41.7434093 ], [ -92.7281028, 41.7437544 ], [ -92.7282259, 41.7437508 ], [ -92.728237, 41.7435276 ], [ -92.728237, 41.7434115 ] ] ] } },
{ "type": "Feature", "properties": { "name": "", "landuse": "", "leisure": "", "natural": "", "boundary": "", "amenity": "parking", "type": "District System", "district_system_type": "Central Hot Water", "slope_category": "flat" }, "geometry": { "type": "Polygon", "coordinates": [ [ [ -92.7063362, 41.7432093 ], [ -92.7062666, 41.7432775 ], [ -92.7052991, 41.7432749 ], [ -92.7052146, 41.7432045 ], [ -92.7055637, 41.7432052 ], [ -92.7059518, 41.743206 ], [ -92.7060886, 41.7432064 ], [ -92.7063362, 41.7432093 ] ] ] } },
{ "type": "Feature", "properties": { "name": "", "landuse": "", "leisure": "", "natural": "", "boundary": "", "amenity": "parking", "type": "District System", "district_system_type": "Central Hot Water", "slope_category": "flat" }, "geometry": { "type": "Polygon", "coordinates": [ [ [ -92.7063083, 41.7442128 ], [ -92.7063069, 41.7439509 ], [ -92.7063069, 41.7439439 ], [ -92.706429, 41.7439419 ], [ -92.7064282, 41.7439943 ], [ -92.7064277, 41.7441492 ], [ -92.7064276, 41.7442181 ], [ -92.7064274, 41.744274 ], [ -92.7062892, 41.7442736 ], [ -92.70629, 41.7443882 ], [ -92.7058406, 41.7443869 ], [ -92.7058394, 41.7442112 ], [ -92.7058841, 41.744211 ], [ -92.7059158, 41.7442113 ], [ -92.7062888, 41.7442137 ], [ -92.7063083, 41.7442128 ] ] ] } },
{ "type": "Feature", "properties": { "name": "", "landuse": "", "leisure": "", "natural": "", "boundary": "", "amenity": "parking", "type": "District System", "district_system_type": "Central Hot Water", "slope_category": "flat" }, "geometry": { "type": "Polygon", "coordinates": [ [ [ -92.7054088, 41.7446223 ], [ -92.7054092, 41.7445985 ], [ -92.7054103, 41.7445335 ], [ -92.7053113, 41.7445355 ], [ -92.7049995, 41.7445342 ], [ -92.7049179, 41.7445338 ], [ -92.7049148, 41.7445987 ], [ -92.7049136, 41.7446225 ], [ -92.7049983, 41.7446225 ], [ -92.7053097, 41.7446223 ], [ -92.7054088, 41.7446223 ] ] ] } },
{ "type": "Feature", "properties": { "name": "", "landuse": "", "leisure": "", "natural": "", "boundary": "", "amenity": "parking", "type": "District System", "district_system_type": "Central Hot Water", "slope_category": "flat" }, "geometry": { "type": "Polygon", "coordinates": [ [ [ -92.7060811, 41.743833 ], [ -92.7060775, 41.7436902 ], [ -92.7064328, 41.7436893 ], [ -92.7064315, 41.7437773 ], [ -92.7064306, 41.7438351 ], [ -92.7060811, 41.743833 ] ] ] } },
{ "type": "Feature", "properties": { "name": "", "landuse": "", "leisure": "", "natural": "", "boundary": "", "amenity": "parking", "type": "District System", "district_system_type": "Central Hot Water", "slope_category": "flat" }, "geometry": { "type": "Polygon", "coordinates": [ [ [ -92.705194, 41.7433385 ], [ -92.7052579, 41.7434131 ], [ -92.7061779, 41.7434093 ], [ -92.7061764, 41.7433853 ], [ -92.7061441, 41.7433424 ], [ -92.705194, 41.7433385 ] ] ] } },
{ "type": "Feature", "properties": { "name": "", "landuse": "", "leisure": "", "natural": "", "boundary": "", "amenity": "parking", "type": "District System", "district_system_type": "Central Hot Water", "slope_category": "flat" }, "geometry": { "type": "Polygon", "coordinates": [ [ [ -92.7044058, 41.744415 ], [ -92.704519, 41.7444129 ], [ -92.7045201, 41.7440747 ], [ -92.7045209, 41.7438137 ], [ -92.7045213, 41.7435475 ], [ -92.7045216, 41.7433479 ], [ -92.7043946, 41.7433458 ], [ -92.7043967, 41.743547 ], [ -92.7043995, 41.7438129 ], [ -92.7044003, 41.7438961 ], [ -92.7044022, 41.7440731 ], [ -92.7044058, 41.744415 ] ] ] } },
{ "type": "Feature", "properties": { "name": "", "landuse": "", "leisure": "", "natural": "", "boundary": "", "amenity": "parking", "type": "District System", "district_system_type": "Central Hot Water", "slope_category": "flat" }, "geometry": { "type": "Polygon", "coordinates": [ [ [ -92.7069171, 41.7424556 ], [ -92.7069167, 41.7423193 ], [ -92.7068031, 41.7423158 ], [ -92.7068035, 41.742457 ], [ -92.7069171, 41.7424556 ] ] ] } },
{ "type": "Feature", "properties": { "name": "", "landuse": "", "leisure": "", "natural": "", "boundary": "", "amenity": "parking", "type": "District System", "district_system_type": "Central Hot Water", "slope_category": "flat" }, "geometry": { "type": "Polygon", "coordinates": [ [ [ -92.7070677, 41.7421013 ], [ -92.7070635, 41.7421879 ], [ -92.7069137, 41.7421906 ], [ -92.7069162, 41.7421023 ], [ -92.706985, 41.7421018 ], [ -92.7070677, 41.7421013 ] ] ] } },
{ "type": "Feature", "properties": { "name": "", "landuse": "", "leisure": "", "natural": "", "boundary": "", "amenity": "parking", "type": "District System", "district_system_type": "Central Hot Water", "slope_category": "flat" }, "geometry": { "type": "Polygon", "coordinates": [ [ [ -92.7059502, 41.7430042 ], [ -92.7058378, 41.7430038 ], [ -92.7058484, 41.7428308 ], [ -92.7059524, 41.7428361 ], [ -92.7059502, 41.7430042 ] ] ] } },
{ "type": "Feature", "properties": { "name": "", "landuse": "", "leisure": "", "natural": "", "boundary": "", "amenity": "parking", "type": "District System", "district_system_type": "Central Hot Water", "slope_category": "flat" }, "geometry": { "type": "Polygon", "coordinates": [ [ [ -92.7048269, 41.7430087 ], [ -92.7049507, 41.7429309 ], [ -92.7049503, 41.7427976 ], [ -92.7048251, 41.7428736 ], [ -92.7047709, 41.7428671 ], [ -92.7046765, 41.7429271 ], [ -92.7046791, 41.7430565 ], [ -92.7047744, 41.7429931 ], [ -92.7048269, 41.7430087 ] ] ] } },
{ "type": "Feature", "properties": { "name": "", "landuse": "", "leisure": "", "natural": "", "boundary": "", "amenity": "parking", "type": "District System", "district_system_type": "Central Hot Water", "slope_category": "flat" }, "geometry": { "type": "Polygon", "coordinates": [ [ [ -92.7052686, 41.7420721 ], [ -92.7052626, 41.7419947 ], [ -92.7051873, 41.7419969 ], [ -92.7050386, 41.7420012 ], [ -92.7050429, 41.7420855 ], [ -92.7052686, 41.7420721 ] ] ] } },
{ "type": "Feature", "properties": { "name": "", "landuse": "", "leisure": "", "natural": "", "boundary": "", "amenity": "parking", "type": "District System", "district_system_type": "Central Hot Water", "slope_category": "flat" }, "geometry": { "type": "Polygon", "coordinates": [ [ [ -92.703626, 41.7423698 ], [ -92.7037383, 41.7423692 ], [ -92.7037368, 41.742205 ], [ -92.7036278, 41.7421989 ], [ -92.7036265, 41.742317 ], [ -92.703626, 41.7423698 ] ] ] } },
{ "type": "Feature", "properties": { "name": "", "landuse": "", "leisure": "", "natural": "", "boundary": "", "amenity": "parking", "type": "District System", "district_system_type": "Central Hot Water", "slope_category": "flat" }, "geometry": { "type": "Polygon", "coordinates": [ [ [ -92.7070736, 41.7411438 ], [ -92.7070581, 41.741028 ], [ -92.7069293, 41.7410354 ], [ -92.7069509, 41.7411518 ], [ -92.7070736, 41.7411438 ] ] ] } },
{ "type": "Feature", "properties": { "name": "", "landuse": "", "leisure": "", "natural": "", "boundary": "", "amenity": "parking", "type": "District System", "district_system_type": "Central Hot Water", "slope_category": "flat" }, "geometry": { "type": "Polygon", "coordinates": [ [ [ -92.7223743, 41.7446977 ], [ -92.7222608, 41.7445996 ], [ -92.7219587, 41.7445984 ], [ -92.7218377, 41.7446954 ], [ -92.7220314, 41.7446962 ], [ -92.7223743, 41.7446977 ] ] ] } },
{ "type": "Feature", "properties": { "name": "", "landuse": "", "leisure": "", "natural": "", "boundary": "", "amenity": "parking", "type": "District System", "district_system_type": "Central Hot Water", "slope_category": "flat" }, "geometry": { "type": "Polygon", "coordinates": [ [ [ -92.7223673, 41.7438368 ], [ -92.7216338, 41.7438356 ], [ -92.7216312, 41.7439049 ], [ -92.7215933, 41.7439046 ], [ -92.7215907, 41.7439986 ], [ -92.7223216, 41.7440024 ], [ -92.7223197, 41.7439462 ], [ -92.7223668, 41.7439476 ], [ -92.7223664, 41.7439123 ], [ -92.7223673, 41.7438368 ] ] ] } },
{ "type": "Feature", "properties": { "name": "", "landuse": "", "leisure": "", "natural": "", "boundary": "", "amenity": "parking", "type": "District System", "district_system_type": "Central Hot Water", "slope_category": "flat" }, "geometry": { "type": "Polygon", "coordinates": [ [ [ -92.7216094, 41.7438123 ], [ -92.7216207, 41.7433819 ], [ -92.7214987, 41.7433807 ], [ -92.7213522, 41.7433832 ], [ -92.7213511, 41.7437669 ], [ -92.7213512, 41.7438123 ], [ -92.7215003, 41.7438125 ], [ -92.7216094, 41.7438123 ] ] ] } },
{ "type": "Feature", "properties": { "name": "", "landuse": "", "leisure": "", "natural": "", "boundary": "", "amenity": "parking", "type": "District System", "district_system_type": "Central Hot Water", "slope_category": "mild" }, "geometry": { "type": "Polygon", "coordinates": [ [ [ -92.7213455, 41.7440985 ], [ -92.7215, 41.7440988 ], [ -92.7215, 41.7440123 ], [ -92.7214999, 41.7439041 ], [ -92.7214998, 41.7438731 ], [ -92.72135, 41.7438734 ], [ -92.7213455, 41.7440985 ] ] ] } },
{ "type": "Feature", "properties": { "name": "", "landuse": "", "leisure": "", "natural": "", "boundary": "", "amenity": "parking", "type": "District System", "district_system_type": "Central Hot Water", "slope_category": "flat" }, "geometry": { "type": "Polygon", "coordinates": [ [ [ -92.7363558, 41.7487726 ], [ -92.7363569, 41.7486879 ], [ -92.736358, 41.748592 ], [ -92.7371065, 41.7485926 ], [ -92.7371048, 41.7486746 ], [ -92.7371045, 41.7486896 ], [ -92.7371036, 41.7487372 ], [ -92.7371355, 41.7487721 ], [ -92.7363558, 41.7487726 ] ] ] } },
{ "type": "Feature", "properties": { "name": "", "landuse": "", "leisure": "", "natural": "", "boundary": "", "amenity": "parking", "type": "District System", "district_system_type": "Central Hot Water", "slope_category": "mild" }, "geometry": { "type": "Polygon", "coordinates": [ [ [ -92.7271863, 41.7535165 ], [ -92.7271828, 41.753431 ], [ -92.7270837, 41.75343 ], [ -92.7265906, 41.7534319 ], [ -92.7258741, 41.7534325 ], [ -92.725876, 41.7534813 ], [ -92.7259266, 41.7535126 ], [ -92.7271863, 41.7535165 ] ] ] } },
{ "type": "Feature", "properties": { "name": "", "landuse": "", "leisure": "", "natural": "", "boundary": "", "amenity": "parking", "type": "District System", "district_system_type": "Central Hot Water", "slope_category": "flat" }, "geometry": { "type": "Polygon", "coordinates": [ [ [ -92.7244147, 41.7534235 ], [ -92.724461, 41.753505 ], [ -92.7256572, 41.7535046 ], [ -92.7257068, 41.7534775 ], [ -92.7257057, 41.7534315 ], [ -92.7249993, 41.7534272 ], [ -92.7244147, 41.7534235 ] ] ] } },
{ "type": "Feature", "properties": { "name": "", "landuse": "", "leisure": "", "natural": "", "boundary": "", "amenity": "parking", "type": "District System", "district_system_type": "Central Hot Water", "slope_category": "flat" }, "geometry": { "type": "Polygon", "coordinates": [ [ [ -92.7225277, 41.7541359 ], [ -92.7226601, 41.7541346 ], [ -92.7226533, 41.753623 ], [ -92.7226267, 41.7536231 ], [ -92.7225241, 41.7536237 ], [ -92.7225271, 41.7540475 ], [ -92.7225277, 41.7541359 ] ] ] } },
{ "type": "Feature", "properties": { "name": "", "landuse": "", "leisure": "", "natural": "", "boundary": "", "amenity": "parking", "type": "District System", "district_system_type": "Central Hot Water", "slope_category": "flat" }, "geometry": { "type": "Polygon", "coordinates": [ [ [ -92.7295095, 41.7431029 ], [ -92.7296302, 41.7431043 ], [ -92.7296307, 41.7430511 ], [ -92.7296314, 41.7429805 ], [ -92.7297345, 41.7429781 ], [ -92.7297496, 41.7429782 ], [ -92.7297724, 41.7429289 ], [ -92.7297641, 41.7426085 ], [ -92.7295108, 41.7426129 ], [ -92.7295105, 41.7427473 ], [ -92.7295095, 41.7431029 ] ] ] } },
{ "type": "Feature", "properties": { "name": "", "landuse": "", "leisure": "", "natural": "", "boundary": "", "amenity": "parking", "type": "District System", "district_system_type": "Central Hot Water", "slope_category": "flat" }, "geometry": { "type": "Polygon", "coordinates": [ [ [ -92.7300786, 41.74315 ], [ -92.7300908, 41.7430901 ], [ -92.7301124, 41.7430893 ], [ -92.7301114, 41.7429476 ], [ -92.7297857, 41.74295 ], [ -92.729782, 41.7430131 ], [ -92.7297668, 41.7430513 ], [ -92.7297486, 41.7430968 ], [ -92.7297476, 41.7431473 ], [ -92.7300786, 41.74315 ] ] ] } },
{ "type": "Feature", "properties": { "name": "", "landuse": "", "leisure": "", "natural": "", "boundary": "", "amenity": "parking", "type": "District System", "district_system_type": "Central Hot Water", "slope_category": "flat" }, "geometry": { "type": "Polygon", "coordinates": [ [ [ -92.7302972, 41.7429812 ], [ -92.7302426, 41.7429799 ], [ -92.7302089, 41.7429794 ], [ -92.7302089, 41.7424535 ], [ -92.730236, 41.742452 ], [ -92.7302968, 41.7424501 ], [ -92.7302969, 41.7425391 ], [ -92.7303015, 41.7426879 ], [ -92.7303015, 41.7427958 ], [ -92.7302972, 41.7429812 ] ] ] } },
{ "type": "Feature", "properties": { "name": "", "landuse": "", "leisure": "", "natural": "", "boundary": "", "amenity": "parking", "type": "District System", "district_system_type": "Central Hot Water", "slope_category": "mild" }, "geometry": { "type": "Polygon", "coordinates": [ [ [ -92.7159903, 41.7389385 ], [ -92.7159965, 41.7390458 ], [ -92.7151375, 41.7390448 ], [ -92.7151375, 41.7389363 ], [ -92.7159903, 41.7389385 ] ] ] } },
{ "type": "Feature", "properties": { "name": "", "landuse": "", "leisure": "", "natural": "", "boundary": "", "amenity": "parking", "type": "District System", "district_system_type": "Central Hot Water", "slope_category": "flat" }, "geometry": { "type": "Polygon", "coordinates": [ [ [ -92.7248735, 41.7411733 ], [ -92.7247185, 41.7411735 ], [ -92.7247186, 41.7411912 ], [ -92.7247186, 41.7412162 ], [ -92.7247187, 41.7412451 ], [ -92.7246042, 41.7412452 ], [ -92.7246035, 41.7409077 ], [ -92.7247356, 41.7409075 ], [ -92.7247356, 41.7409469 ], [ -92.7248051, 41.7409777 ], [ -92.7248731, 41.7409776 ], [ -92.7248735, 41.7411733 ] ] ] } },
{ "type": "Feature", "properties": { "name": "", "landuse": "", "leisure": "", "natural": "", "boundary": "", "amenity": "parking", "type": "District System", "district_system_type": "Central Hot Water", "slope_category": "flat" }, "geometry": { "type": "Polygon", "coordinates": [ [ [ -92.7241324, 41.7405528 ], [ -92.7242625, 41.7405581 ], [ -92.7242686, 41.7414872 ], [ -92.7241394, 41.7414879 ], [ -92.7241398, 41.7414515 ], [ -92.7241306, 41.7412303 ], [ -92.7241324, 41.7405528 ] ] ] } },
{ "type": "Feature", "properties": { "name": "", "landuse": "", "leisure": "", "natural": "", "boundary": "", "amenity": "parking", "type": "District System", "district_system_type": "Central Hot Water", "slope_category": "flat" }, "geometry": { "type": "Polygon", "coordinates": [ [ [ -92.7257598, 41.7405485 ], [ -92.7256255, 41.7405491 ], [ -92.7256258, 41.7406938 ], [ -92.725626, 41.7407587 ], [ -92.7257619, 41.7407871 ], [ -92.725762, 41.7406477 ], [ -92.7257598, 41.7405485 ] ] ] } },
{ "type": "Feature", "properties": { "name": "", "landuse": "", "leisure": "", "natural": "", "boundary": "", "amenity": "parking", "type": "District System", "district_system_type": "Central Hot Water", "slope_category": "flat" }, "geometry": { "type": "Polygon", "coordinates": [ [ [ -92.7255223, 41.740201 ], [ -92.7255251, 41.7401217 ], [ -92.7255279, 41.7400427 ], [ -92.7252738, 41.7400377 ], [ -92.7252682, 41.740196 ], [ -92.7255223, 41.740201 ] ] ] } },
{ "type": "Feature", "properties": { "name": "", "landuse": "", "leisure": "", "natural": "", "boundary": "", "amenity": "parking", "type": "District System", "district_system_type": "Central Hot Water", "slope_category": "flat" }, "geometry": { "type": "Polygon", "coordinates": [ [ [ -92.7232551, 41.7434603 ], [ -92.7232018, 41.7433753 ], [ -92.7230158, 41.7433765 ], [ -92.7229796, 41.7433935 ], [ -92.7230107, 41.7434303 ], [ -92.7229646, 41.7434308 ], [ -92.7229433, 41.7434298 ], [ -92.7229002, 41.7433753 ], [ -92.7226814, 41.743377 ], [ -92.7226536, 41.743393 ], [ -92.7226921, 41.7434584 ], [ -92.7226451, 41.7435305 ], [ -92.7226882, 41.7435492 ], [ -92.7229172, 41.7435493 ], [ -92.7229657, 41.7434869 ], [ -92.7230113, 41.7434869 ], [ -92.7230164, 41.7434975 ], [ -92.7229824, 41.7435284 ], [ -92.7230215, 41.7435493 ], [ -92.723199, 41.7435493 ], [ -92.7232506, 41.7434869 ], [ -92.7232551, 41.7434603 ] ] ] } },
{ "type": "Feature", "properties": { "name": "", "landuse": "", "leisure": "", "natural": "", "boundary": "", "amenity": "parking", "type": "District System", "district_system_type": "Central Hot Water", "slope_category": "flat" }, "geometry": { "type": "Polygon", "coordinates": [ [ [ -92.7237701, 41.7443524 ], [ -92.7237786, 41.7441833 ], [ -92.7233043, 41.7441804 ], [ -92.7233048, 41.7442975 ], [ -92.7233695, 41.7442981 ], [ -92.72359, 41.7442977 ], [ -92.7235981, 41.7443017 ], [ -92.7235988, 41.7443536 ], [ -92.7237701, 41.7443524 ] ] ] } },
{ "type": "Feature", "properties": { "name": "", "landuse": "", "leisure": "", "natural": "", "boundary": "", "amenity": "parking", "type": "District System", "district_system_type": "Central Hot Water", "slope_category": "mild" }, "geometry": { "type": "Polygon", "coordinates": [ [ [ -92.7304283, 41.7343418 ], [ -92.7306713, 41.7343401 ], [ -92.7306794, 41.733822 ], [ -92.7304316, 41.733823 ], [ -92.7304283, 41.7343418 ] ] ] } },
{ "type": "Feature", "properties": { "name": "", "landuse": "", "leisure": "", "natural": "", "boundary": "", "amenity": "parking", "type": "District System", "district_system_type": "Central Hot Water", "slope_category": "flat" }, "geometry": { "type": "Polygon", "coordinates": [ [ [ -92.7307365, 41.734477 ], [ -92.7307341, 41.7343191 ], [ -92.7309586, 41.7343226 ], [ -92.730962, 41.7344773 ], [ -92.7307365, 41.734477 ] ] ] } },
{ "type": "Feature", "properties": { "name": "", "landuse": "", "leisure": "", "natural": "", "boundary": "", "amenity": "parking", "type": "District System", "district_system_type": "Central Hot Water", "slope_category": "mild" }, "geometry": { "type": "Polygon", "coordinates": [ [ [ -92.7315122, 41.7344779 ], [ -92.7315137, 41.7343971 ], [ -92.7314215, 41.7343974 ], [ -92.731293, 41.734398 ], [ -92.7312933, 41.7344776 ], [ -92.7314183, 41.7344778 ], [ -92.7315122, 41.7344779 ] ] ] } },
{ "type": "Feature", "properties": { "name": "", "landuse": "", "leisure": "", "natural": "", "boundary": "", "amenity": "parking", "type": "District System", "district_system_type": "Central Hot Water", "slope_category": "flat" }, "geometry": { "type": "Polygon", "coordinates": [ [ [ -92.731526, 41.7338342 ], [ -92.7315273, 41.7337452 ], [ -92.7312987, 41.7337408 ], [ -92.7312979, 41.7337771 ], [ -92.7312966, 41.7338333 ], [ -92.731526, 41.7338342 ] ] ] } },
{ "type": "Feature", "properties": { "name": "", "landuse": "", "leisure": "", "natural": "", "boundary": "", "amenity": "parking", "type": "District System", "district_system_type": "Central Hot Water", "slope_category": "flat" }, "geometry": { "type": "Polygon", "coordinates": [ [ [ -92.7395765, 41.7434106 ], [ -92.7395761, 41.7435881 ], [ -92.7395378, 41.7435881 ], [ -92.7394605, 41.743588 ], [ -92.7388396, 41.7435874 ], [ -92.7388399, 41.743452 ], [ -92.7389834, 41.7434521 ], [ -92.7389835, 41.7434099 ], [ -92.7395765, 41.7434106 ] ] ] } },
{ "type": "Feature", "properties": { "name": "", "landuse": "", "leisure": "", "natural": "", "boundary": "", "amenity": "parking", "type": "District System", "district_system_type": "Central Hot Water", "slope_category": "flat" }, "geometry": { "type": "Polygon", "coordinates": [ [ [ -92.7218523, 41.7416805 ], [ -92.7222186, 41.7416824 ], [ -92.7222174, 41.7417921 ], [ -92.7222451, 41.7417921 ], [ -92.7222199, 41.7418978 ], [ -92.7219941, 41.7418978 ], [ -92.721527, 41.7418978 ], [ -92.7215222, 41.7417918 ], [ -92.7217254, 41.7417919 ], [ -92.7218523, 41.7417919 ], [ -92.7218523, 41.7416805 ] ] ] } },
{ "type": "Feature", "properties": { "name": "", "landuse": "", "leisure": "", "natural": "", "boundary": "", "amenity": "parking", "type": "District System", "district_system_type": "Central Hot Water", "slope_category": "mild" }, "geometry": { "type": "Polygon", "coordinates": [ [ [ -92.7313267, 41.7361429 ], [ -92.7315835, 41.7361545 ], [ -92.731583, 41.7362221 ], [ -92.7313768, 41.7362203 ], [ -92.7313645, 41.7365782 ], [ -92.7313864, 41.7365964 ], [ -92.7314049, 41.7366117 ], [ -92.7315947, 41.736615 ], [ -92.7316632, 41.7365949 ], [ -92.731665, 41.7362228 ], [ -92.7316652, 41.7361788 ], [ -92.731785, 41.7361778 ], [ -92.7317882, 41.736638 ], [ -92.7317025, 41.7366409 ], [ -92.7317003, 41.7366994 ], [ -92.7313263, 41.7366911 ], [ -92.7313272, 41.7366415 ], [ -92.7312496, 41.7366379 ], [ -92.7312468, 41.7366278 ], [ -92.7312456, 41.73647 ], [ -92.7312438, 41.7362244 ], [ -92.7312436, 41.7361908 ], [ -92.7313169, 41.7361911 ], [ -92.7313267, 41.7361429 ] ] ] } },
{ "type": "Feature", "properties": { "name": "Lot W; ", "landuse": "", "leisure": "", "natural": "", "boundary": "", "amenity": "parking", "type": "District System", "district_system_type": "Central Hot Water", "slope_category": "flat" }, "geometry": { "type": "Polygon", "coordinates": [ [ [ -92.723192, 41.7460107 ], [ -92.7231953, 41.7454983 ], [ -92.7233126, 41.7454989 ], [ -92.7233143, 41.7455943 ], [ -92.7233165, 41.7457126 ], [ -92.7234784, 41.7457137 ], [ -92.723716, 41.745715 ], [ -92.7237156, 41.7457795 ], [ -92.7236216, 41.7458406 ], [ -92.7236216, 41.7459444 ], [ -92.7236192, 41.7460042 ], [ -92.723481, 41.7460063 ], [ -92.7233219, 41.7460089 ], [ -92.723192, 41.7460107 ] ] ] } },
{ "type": "Feature", "properties": { "name": "", "landuse": "", "leisure": "", "natural": "", "boundary": "", "amenity": "parking", "type": "District System", "district_system_type": "Central Hot Water", "slope_category": "flat" }, "geometry": { "type": "Polygon", "coordinates": [ [ [ -92.7223325, 41.7415885 ], [ -92.722333, 41.7416831 ], [ -92.722291, 41.7416828 ], [ -92.722286, 41.7416696 ], [ -92.7219464, 41.7416058 ], [ -92.7219369, 41.7415621 ], [ -92.7219638, 41.7415007 ], [ -92.7223325, 41.7415885 ] ] ] } },
{ "type": "Feature", "properties": { "name": "", "landuse": "", "leisure": "", "natural": "", "boundary": "", "amenity": "parking", "type": "District System", "district_system_type": "Central Hot Water", "slope_category": "flat" }, "geometry": { "type": "Polygon", "coordinates": [ [ [ -92.7217642, 41.7415869 ], [ -92.7218637, 41.7415749 ], [ -92.7218751, 41.7416048 ], [ -92.7218551, 41.7416081 ], [ -92.7218719, 41.74164 ], [ -92.7217296, 41.7416647 ], [ -92.7217474, 41.7416207 ], [ -92.7217642, 41.7415869 ] ] ] } },
{ "type": "Feature", "properties": { "name": "", "landuse": "", "leisure": "", "natural": "", "boundary": "", "amenity": "parking", "type": "District System", "district_system_type": "Central Hot Water", "slope_category": "flat" }, "geometry": { "type": "Polygon", "coordinates": [ [ [ -92.724977, 41.743965 ], [ -92.7250263, 41.7439644 ], [ -92.72521, 41.7439638 ], [ -92.7252507, 41.7439641 ], [ -92.7252512, 41.7437911 ], [ -92.7249751, 41.7437904 ], [ -92.724977, 41.743965 ] ] ] } },
{ "type": "Feature", "properties": { "name": "", "landuse": "", "leisure": "", "natural": "", "boundary": "", "amenity": "parking", "type": "District System", "district_system_type": "Central Hot Water", "slope_category": "flat" }, "geometry": { "type": "Polygon", "coordinates": [ [ [ -92.7252108, 41.7441093 ], [ -92.7250271, 41.7441099 ], [ -92.7249786, 41.7441122 ], [ -92.7249816, 41.7443832 ], [ -92.724984, 41.7446052 ], [ -92.7250987, 41.7446052 ], [ -92.7250962, 41.7445517 ], [ -92.725097, 41.7443918 ], [ -92.7251809, 41.7443918 ], [ -92.725208, 41.744392 ], [ -92.7252108, 41.7441093 ] ] ] } },
{ "type": "Feature", "properties": { "name": "", "landuse": "", "leisure": "", "natural": "", "boundary": "", "amenity": "parking", "type": "District System", "district_system_type": "Central Hot Water", "slope_category": "flat" }, "geometry": { "type": "Polygon", "coordinates": [ [ [ -92.7275474, 41.732473 ], [ -92.7275376, 41.7323682 ], [ -92.7275672, 41.7323125 ], [ -92.7275727, 41.7322043 ], [ -92.7279778, 41.7322055 ], [ -92.7279835, 41.7324243 ], [ -92.7279163, 41.732429 ], [ -92.7276962, 41.7324287 ], [ -92.7276961, 41.7324706 ], [ -92.7275474, 41.732473 ] ] ] } },
{ "type": "Feature", "properties": { "name": "", "landuse": "", "leisure": "", "natural": "", "boundary": "", "amenity": "parking", "type": "District System", "district_system_type": "Central Hot Water", "slope_category": "flat" }, "geometry": { "type": "Polygon", "coordinates": [ [ [ -92.7275868, 41.7328986 ], [ -92.7275788, 41.7327901 ], [ -92.7275346, 41.7327255 ], [ -92.7275451, 41.7326034 ], [ -92.7276958, 41.7326027 ], [ -92.7276956, 41.7326741 ], [ -92.7279156, 41.7326744 ], [ -92.7279528, 41.7326742 ], [ -92.7279552, 41.7327929 ], [ -92.7278871, 41.7327919 ], [ -92.7277825, 41.7327913 ], [ -92.7277848, 41.7328964 ], [ -92.7275868, 41.7328986 ] ] ] } },
{ "type": "Feature", "properties": { "name": "", "landuse": "", "leisure": "", "natural": "", "boundary": "", "amenity": "parking", "type": "District System", "district_system_type": "Central Hot Water", "slope_category": "flat" }, "geometry": { "type": "Polygon", "coordinates": [ [ [ -92.7265883, 41.7431481 ], [ -92.7265839, 41.7428566 ], [ -92.7264074, 41.7428494 ], [ -92.7264067, 41.7429304 ], [ -92.7262923, 41.742929 ], [ -92.7262952, 41.7431471 ], [ -92.7264043, 41.7431467 ], [ -92.7265883, 41.7431481 ] ] ] } },
{ "type": "Feature", "properties": { "name": "", "landuse": "", "leisure": "", "natural": "", "boundary": "", "amenity": "parking", "type": "District System", "district_system_type": "Central Hot Water", "slope_category": "flat" }, "geometry": { "type": "Polygon", "coordinates": [ [ [ -92.7261048, 41.7426131 ], [ -92.726095, 41.742678 ], [ -92.7264817, 41.7426803 ], [ -92.7264697, 41.7427651 ], [ -92.7264082, 41.7427655 ], [ -92.7262992, 41.7427642 ], [ -92.7262988, 41.7428433 ], [ -92.7261496, 41.7428423 ], [ -92.7259205, 41.7428436 ], [ -92.7259011, 41.7428426 ], [ -92.7258997, 41.7427593 ], [ -92.7258999, 41.7426769 ], [ -92.7259832, 41.7426777 ], [ -92.7259856, 41.7426067 ], [ -92.7260165, 41.7422724 ], [ -92.7261541, 41.7422849 ], [ -92.7261048, 41.7426131 ] ] ] } },
{ "type": "Feature", "properties": { "name": "", "landuse": "", "leisure": "", "natural": "", "boundary": "", "amenity": "parking", "type": "District System", "district_system_type": "Central Hot Water", "slope_category": "flat" }, "geometry": { "type": "Polygon", "coordinates": [ [ [ -92.7209275, 41.7433902 ], [ -92.7210513, 41.7433872 ], [ -92.7210509, 41.7434311 ], [ -92.7210449, 41.7441748 ], [ -92.7209175, 41.7441754 ], [ -92.7209275, 41.7433902 ] ] ] } },
{ "type": "Feature", "properties": { "name": "", "landuse": "", "leisure": "", "natural": "", "boundary": "", "amenity": "parking", "type": "District System", "district_system_type": "Central Hot Water", "slope_category": "mild" }, "geometry": { "type": "Polygon", "coordinates": [ [ [ -92.7216991, 41.7437262 ], [ -92.7218983, 41.7437253 ], [ -92.7218972, 41.7435948 ], [ -92.7216979, 41.7435958 ], [ -92.7216991, 41.7437262 ] ] ] } },
{ "type": "Feature", "properties": { "name": "", "landuse": "", "leisure": "", "natural": "", "boundary": "", "amenity": "parking", "type": "District System", "district_system_type": "Central Hot Water", "slope_category": "flat" }, "geometry": { "type": "Polygon", "coordinates": [ [ [ -92.7221189, 41.7437841 ], [ -92.7221207, 41.743611 ], [ -92.7221946, 41.7436106 ], [ -92.7221942, 41.7436036 ], [ -92.7223704, 41.7436049 ], [ -92.7223691, 41.7436965 ], [ -92.722368, 41.7437851 ], [ -92.7221189, 41.7437841 ] ] ] } },
{ "type": "Feature", "properties": { "name": "", "landuse": "", "leisure": "", "natural": "", "boundary": "", "amenity": "parking", "type": "District System", "district_system_type": "Central Hot Water", "slope_category": "flat" }, "geometry": { "type": "Polygon", "coordinates": [ [ [ -92.728708, 41.7213953 ], [ -92.7287065, 41.7210928 ], [ -92.7286029, 41.721095 ], [ -92.7286004, 41.7210322 ], [ -92.7280993, 41.7210322 ], [ -92.7281047, 41.7212065 ], [ -92.7282633, 41.7212076 ], [ -92.7282564, 41.7211182 ], [ -92.728363, 41.7211198 ], [ -92.728375, 41.7213899 ], [ -92.7285445, 41.721392 ], [ -92.728708, 41.7213953 ] ] ] } },
{ "type": "Feature", "properties": { "name": "", "landuse": "", "leisure": "", "natural": "", "boundary": "", "amenity": "parking", "type": "District System", "district_system_type": "Central Hot Water", "slope_category": "flat" }, "geometry": { "type": "Polygon", "coordinates": [ [ [ -92.7283769, 41.7215363 ], [ -92.728587, 41.7215373 ], [ -92.7287099, 41.7215379 ], [ -92.7287002, 41.7223362 ], [ -92.7285914, 41.722334 ], [ -92.7285817, 41.7222301 ], [ -92.7284827, 41.7222302 ], [ -92.7284827, 41.7224052 ], [ -92.7284852, 41.7224339 ], [ -92.7284884, 41.7224903 ], [ -92.7285836, 41.7224865 ], [ -92.7286339, 41.7224766 ], [ -92.7286987, 41.7224776 ], [ -92.7286943, 41.7227958 ], [ -92.7286276, 41.7228123 ], [ -92.7286339, 41.7228579 ], [ -92.7280865, 41.7228546 ], [ -92.7280872, 41.7227714 ], [ -92.7281334, 41.7227749 ], [ -92.7284632, 41.7227735 ], [ -92.7284701, 41.7224903 ], [ -92.7282093, 41.7224912 ], [ -92.7282163, 41.7224066 ], [ -92.7282112, 41.7222307 ], [ -92.7283732, 41.7222307 ], [ -92.7283769, 41.7215363 ] ] ] } },
{ "type": "Feature", "properties": { "name": "", "landuse": "", "leisure": "", "natural": "", "boundary": "", "amenity": "parking", "type": "District System", "district_system_type": "Central Hot Water", "slope_category": "mild" }, "geometry": { "type": "Polygon", "coordinates": [ [ [ -92.7295853, 41.721214 ], [ -92.7295868, 41.7211282 ], [ -92.7295666, 41.7211213 ], [ -92.7290897, 41.7211205 ], [ -92.7290856, 41.7210886 ], [ -92.7289709, 41.7210906 ], [ -92.7289746, 41.7213832 ], [ -92.7290885, 41.7213865 ], [ -92.7291907, 41.7213894 ], [ -92.7291886, 41.721234 ], [ -92.7291922, 41.7212144 ], [ -92.7295853, 41.721214 ] ] ] } },
{ "type": "Feature", "properties": { "name": "", "landuse": "", "leisure": "", "natural": "", "boundary": "", "amenity": "parking", "type": "District System", "district_system_type": "Central Hot Water", "slope_category": "flat" }, "geometry": { "type": "Polygon", "coordinates": [ [ [ -92.7275094, 41.7457193 ], [ -92.7275093, 41.7456363 ], [ -92.7279863, 41.7456393 ], [ -92.7280496, 41.7457188 ], [ -92.7275094, 41.7457193 ] ] ] } },
{ "type": "Feature", "properties": { "name": "", "landuse": "", "leisure": "", "natural": "", "boundary": "", "amenity": "parking", "type": "District System", "district_system_type": "Central Hot Water", "slope_category": "flat" }, "geometry": { "type": "Polygon", "coordinates": [ [ [ -92.7275088, 41.74544 ], [ -92.7275092, 41.745525 ], [ -92.7275385, 41.7455797 ], [ -92.7275385, 41.7456247 ], [ -92.7275846, 41.7456233 ], [ -92.7279955, 41.7456284 ], [ -92.7279903, 41.7455296 ], [ -92.7276195, 41.745526 ], [ -92.7276201, 41.7454882 ], [ -92.7276209, 41.7454466 ], [ -92.7275777, 41.7454462 ], [ -92.7275778, 41.7454406 ], [ -92.7275088, 41.74544 ] ] ] } },
{ "type": "Feature", "properties": { "name": "", "landuse": "", "leisure": "", "natural": "", "boundary": "", "amenity": "parking", "type": "District System", "district_system_type": "Central Hot Water", "slope_category": "flat" }, "geometry": { "type": "Polygon", "coordinates": [ [ [ -92.727994, 41.7453396 ], [ -92.7280561, 41.7453063 ], [ -92.7280568, 41.7452319 ], [ -92.7275405, 41.7452267 ], [ -92.7275348, 41.7453172 ], [ -92.7276229, 41.7453325 ], [ -92.727994, 41.7453396 ] ] ] } },
{ "type": "Feature", "properties": { "name": "", "landuse": "", "leisure": "", "natural": "", "boundary": "", "amenity": "parking", "type": "District System", "district_system_type": "Central Hot Water", "slope_category": "flat" }, "geometry": { "type": "Polygon", "coordinates": [ [ [ -92.727135, 41.7405621 ], [ -92.7271746, 41.74056 ], [ -92.7271729, 41.7404783 ], [ -92.7266365, 41.7404774 ], [ -92.726635, 41.7405608 ], [ -92.7266378, 41.7407364 ], [ -92.7266398, 41.7407985 ], [ -92.7267175, 41.7407998 ], [ -92.726742, 41.7408311 ], [ -92.7271583, 41.7408311 ], [ -92.7271494, 41.7407777 ], [ -92.7271374, 41.7407328 ], [ -92.727135, 41.7405621 ] ] ] } },
{ "type": "Feature", "properties": { "name": "", "landuse": "", "leisure": "", "natural": "", "boundary": "", "amenity": "parking", "type": "District System", "district_system_type": "Central Hot Water", "slope_category": "flat" }, "geometry": { "type": "Polygon", "coordinates": [ [ [ -92.7271525, 41.740983 ], [ -92.7271735, 41.7410119 ], [ -92.7271741, 41.7410571 ], [ -92.7267845, 41.7410553 ], [ -92.7266459, 41.7409847 ], [ -92.7271525, 41.740983 ] ] ] } },
{ "type": "Feature", "properties": { "name": "", "landuse": "", "leisure": "", "natural": "", "boundary": "", "amenity": "parking", "type": "District System", "district_system_type": "Central Hot Water", "slope_category": "flat" }, "geometry": { "type": "Polygon", "coordinates": [ [ [ -92.7258985, 41.7410651 ], [ -92.7265645, 41.7410829 ], [ -92.7265599, 41.741109 ], [ -92.7265574, 41.7413865 ], [ -92.7265591, 41.7414235 ], [ -92.7264085, 41.7414249 ], [ -92.7259017, 41.7414271 ], [ -92.7259, 41.7413916 ], [ -92.7258988, 41.7410917 ], [ -92.7258985, 41.7410651 ] ] ] } },
{ "type": "Feature", "properties": { "name": "", "landuse": "", "leisure": "", "natural": "", "boundary": "", "amenity": "parking", "type": "District System", "district_system_type": "Central Hot Water", "slope_category": "flat" }, "geometry": { "type": "Polygon", "coordinates": [ [ [ -92.7265915, 41.7415337 ], [ -92.7266231, 41.7416211 ], [ -92.7268944, 41.7416203 ], [ -92.7269463, 41.7416238 ], [ -92.7270213, 41.7416657 ], [ -92.7271517, 41.7415136 ], [ -92.7270964, 41.7414829 ], [ -92.7271754, 41.7414723 ], [ -92.7271652, 41.7414139 ], [ -92.7271051, 41.741411 ], [ -92.7271019, 41.7413655 ], [ -92.7271043, 41.7413237 ], [ -92.7271604, 41.7413119 ], [ -92.7271746, 41.7410967 ], [ -92.727098, 41.7410967 ], [ -92.7270078, 41.7411146 ], [ -92.7266264, 41.7411087 ], [ -92.7266271, 41.7411799 ], [ -92.7268728, 41.7411852 ], [ -92.7268783, 41.741523 ], [ -92.7269392, 41.7415207 ], [ -92.726876, 41.7415849 ], [ -92.7268435, 41.741533 ], [ -92.7265915, 41.7415337 ] ] ] } },
{ "type": "Feature", "properties": { "name": "", "landuse": "", "leisure": "", "natural": "", "boundary": "", "amenity": "parking", "type": "District System", "district_system_type": "Central Hot Water", "slope_category": "flat" }, "geometry": { "type": "Polygon", "coordinates": [ [ [ -92.7256489, 41.7421235 ], [ -92.725631, 41.7420179 ], [ -92.7251105, 41.741943 ], [ -92.7249801, 41.741924 ], [ -92.724971, 41.7420415 ], [ -92.7256489, 41.7421235 ] ] ] } },
{ "type": "Feature", "properties": { "name": "", "landuse": "", "leisure": "", "natural": "", "boundary": "", "amenity": "parking", "type": "District System", "district_system_type": "Central Hot Water", "slope_category": "flat" }, "geometry": { "type": "Polygon", "coordinates": [ [ [ -92.7275606, 41.7410337 ], [ -92.7275563, 41.7416036 ], [ -92.7275839, 41.7416305 ], [ -92.7276192, 41.741639 ], [ -92.7278008, 41.7416406 ], [ -92.7280284, 41.7416427 ], [ -92.7280284, 41.7415562 ], [ -92.7281426, 41.7415229 ], [ -92.7281392, 41.7412222 ], [ -92.728028, 41.7412201 ], [ -92.7280279, 41.7411275 ], [ -92.7285859, 41.7411208 ], [ -92.7286396, 41.7411174 ], [ -92.7286323, 41.7410918 ], [ -92.7286155, 41.7410339 ], [ -92.7286155, 41.7408725 ], [ -92.728541, 41.7408505 ], [ -92.7281034, 41.7408579 ], [ -92.7281091, 41.7410338 ], [ -92.7280576, 41.7410338 ], [ -92.7280179, 41.7409482 ], [ -92.7275785, 41.7409499 ], [ -92.7276011, 41.7409881 ], [ -92.7275606, 41.7410337 ] ] ] } },
{ "type": "Feature", "properties": { "name": "", "landuse": "", "leisure": "", "natural": "", "boundary": "", "amenity": "parking", "type": "District System", "district_system_type": "Central Hot Water", "slope_category": "flat" }, "geometry": { "type": "Polygon", "coordinates": [ [ [ -92.7285195, 41.7417963 ], [ -92.7284694, 41.7416994 ], [ -92.7282331, 41.7416991 ], [ -92.7282853, 41.7417958 ], [ -92.7285195, 41.7417963 ] ] ] } },
{ "type": "Feature", "properties": { "name": "", "landuse": "", "leisure": "", "natural": "", "boundary": "", "amenity": "parking", "type": "District System", "district_system_type": "Central Hot Water", "slope_category": "flat" }, "geometry": { "type": "Polygon", "coordinates": [ [ [ -92.7278706, 41.7417976 ], [ -92.7278025, 41.7416987 ], [ -92.72768, 41.7416986 ], [ -92.7277509, 41.7417972 ], [ -92.7278706, 41.7417976 ] ] ] } },
{ "type": "Feature", "properties": { "name": "", "landuse": "", "leisure": "", "natural": "", "boundary": "", "amenity": "parking", "type": "District System", "district_system_type": "Central Hot Water", "slope_category": "flat" }, "geometry": { "type": "Polygon", "coordinates": [ [ [ -92.7239559, 41.7457167 ], [ -92.7239521, 41.7457863 ], [ -92.7238383, 41.7457876 ], [ -92.7238406, 41.7457159 ], [ -92.7239559, 41.7457167 ] ] ] } },
{ "type": "Feature", "properties": { "name": "", "landuse": "", "leisure": "", "natural": "", "boundary": "", "amenity": "parking", "type": "District System", "district_system_type": "Central Hot Water", "slope_category": "flat" }, "geometry": { "type": "Polygon", "coordinates": [ [ [ -92.7265115, 41.74604 ], [ -92.726508, 41.7459478 ], [ -92.7265044, 41.7458658 ], [ -92.7263675, 41.745865 ], [ -92.7263726, 41.7459484 ], [ -92.7263782, 41.7460385 ], [ -92.7265115, 41.74604 ] ] ] } },
{ "type": "Feature", "properties": { "name": "", "landuse": "", "leisure": "", "natural": "", "boundary": "", "amenity": "parking", "type": "District System", "district_system_type": "Central Hot Water", "slope_category": "flat" }, "geometry": { "type": "Polygon", "coordinates": [ [ [ -92.7265009, 41.745805 ], [ -92.7265029, 41.7457228 ], [ -92.7265049, 41.7456433 ], [ -92.7262831, 41.7456407 ], [ -92.7262856, 41.745758 ], [ -92.7263752, 41.7457614 ], [ -92.726364, 41.745805 ], [ -92.7265009, 41.745805 ] ] ] } },
{ "type": "Feature", "properties": { "name": "", "landuse": "", "leisure": "", "natural": "", "boundary": "", "amenity": "parking", "type": "District System", "district_system_type": "Central Hot Water", "slope_category": "flat" }, "geometry": { "type": "Polygon", "coordinates": [ [ [ -92.7259028, 41.7448911 ], [ -92.7259963, 41.7448916 ], [ -92.7260301, 41.7448918 ], [ -92.7261332, 41.7448924 ], [ -92.7261308, 41.744801 ], [ -92.7260257, 41.7448009 ], [ -92.7259024, 41.7448008 ], [ -92.7259028, 41.7448911 ] ] ] } },
{ "type": "Feature", "properties": { "name": "", "landuse": "", "leisure": "", "natural": "", "boundary": "", "amenity": "parking", "type": "District System", "district_system_type": "Central Hot Water", "slope_category": "flat" }, "geometry": { "type": "Polygon", "coordinates": [ [ [ -92.7101933, 41.7458941 ], [ -92.7100921, 41.7458969 ], [ -92.7100115, 41.7458956 ], [ -92.7099565, 41.745897 ], [ -92.7099752, 41.7455701 ], [ -92.710031, 41.7455712 ], [ -92.7100325, 41.7455301 ], [ -92.7102832, 41.7455314 ], [ -92.7102838, 41.7457021 ], [ -92.7101899, 41.7457012 ], [ -92.7101933, 41.7458941 ] ] ] } },
{ "type": "Feature", "properties": { "name": "", "landuse": "", "leisure": "", "natural": "", "boundary": "", "amenity": "parking", "type": "District System", "district_system_type": "Central Hot Water", "slope_category": "flat" }, "geometry": { "type": "Polygon", "coordinates": [ [ [ -92.7271845, 41.7463045 ], [ -92.7271872, 41.7463856 ], [ -92.7268668, 41.7463852 ], [ -92.7267155, 41.7463852 ], [ -92.7267771, 41.746304 ], [ -92.7271845, 41.7463045 ] ] ] } },
{ "type": "Feature", "properties": { "name": "", "landuse": "", "leisure": "", "natural": "", "boundary": "", "amenity": "parking", "type": "District System", "district_system_type": "Central Hot Water", "slope_category": "flat" }, "geometry": { "type": "Polygon", "coordinates": [ [ [ -92.7274908, 41.7465409 ], [ -92.7274911, 41.7463374 ], [ -92.7276046, 41.7462584 ], [ -92.727829, 41.7462589 ], [ -92.7278272, 41.746324 ], [ -92.7277372, 41.7463253 ], [ -92.7277372, 41.7465422 ], [ -92.7276161, 41.7465421 ], [ -92.7276169, 41.7466488 ], [ -92.727617, 41.7466563 ], [ -92.7275475, 41.7466556 ], [ -92.7275502, 41.7465412 ], [ -92.7274908, 41.7465409 ] ] ] } },
{ "type": "Feature", "properties": { "name": "", "landuse": "", "leisure": "", "natural": "", "boundary": "", "amenity": "parking", "type": "District System", "district_system_type": "Central Hot Water", "slope_category": "flat" }, "geometry": { "type": "Polygon", "coordinates": [ [ [ -92.7271378, 41.7468806 ], [ -92.7271546, 41.7467954 ], [ -92.7270564, 41.7467958 ], [ -92.7270553, 41.7466888 ], [ -92.7267838, 41.7466903 ], [ -92.7267824, 41.7465566 ], [ -92.7266396, 41.7465534 ], [ -92.7265746, 41.7465853 ], [ -92.7265752, 41.746786 ], [ -92.7266629, 41.7467865 ], [ -92.7266992, 41.7467947 ], [ -92.7267237, 41.7467948 ], [ -92.7267222, 41.7468795 ], [ -92.7271378, 41.7468806 ] ] ] } },
{ "type": "Feature", "properties": { "name": "", "landuse": "", "leisure": "", "natural": "", "boundary": "", "amenity": "parking", "type": "District System", "district_system_type": "Central Hot Water", "slope_category": "flat" }, "geometry": { "type": "Polygon", "coordinates": [ [ [ -92.7251398, 41.7462544 ], [ -92.7251343, 41.7463571 ], [ -92.7251468, 41.7463566 ], [ -92.7251472, 41.7464255 ], [ -92.7249827, 41.7464263 ], [ -92.7249771, 41.7466877 ], [ -92.724978, 41.7467738 ], [ -92.7247874, 41.7467741 ], [ -92.7247869, 41.7468021 ], [ -92.7243181, 41.7468035 ], [ -92.7243248, 41.7466814 ], [ -92.724321, 41.7465826 ], [ -92.7243219, 41.7465644 ], [ -92.7244241, 41.7465643 ], [ -92.7248329, 41.746564 ], [ -92.7248347, 41.7465533 ], [ -92.7248332, 41.7463971 ], [ -92.7249231, 41.7463966 ], [ -92.7249833, 41.7463943 ], [ -92.7249877, 41.746256 ], [ -92.7251398, 41.7462544 ] ] ] } },
{ "type": "Feature", "properties": { "name": "", "landuse": "", "leisure": "", "natural": "", "boundary": "", "amenity": "parking", "type": "District System", "district_system_type": "Central Hot Water", "slope_category": "flat" }, "geometry": { "type": "Polygon", "coordinates": [ [ [ -92.7286871, 41.7465834 ], [ -92.7286868, 41.746457 ], [ -92.7286292, 41.7464571 ], [ -92.7284205, 41.7464574 ], [ -92.7284042, 41.7464574 ], [ -92.7284045, 41.7465838 ], [ -92.7286871, 41.7465834 ] ] ] } },
{ "type": "Feature", "properties": { "name": "", "landuse": "", "leisure": "", "natural": "", "boundary": "", "amenity": "parking", "type": "District System", "district_system_type": "Central Hot Water", "slope_category": "flat" }, "geometry": { "type": "Polygon", "coordinates": [ [ [ -92.7272383, 41.7446031 ], [ -92.7272373, 41.7440445 ], [ -92.7272134, 41.7440426 ], [ -92.7268872, 41.7440431 ], [ -92.7268872, 41.7445867 ], [ -92.7268866, 41.7446059 ], [ -92.7271084, 41.7446041 ], [ -92.7272383, 41.7446031 ] ] ] } },
{ "type": "Feature", "properties": { "name": "", "landuse": "", "leisure": "", "natural": "", "boundary": "", "amenity": "parking", "type": "District System", "district_system_type": "Central Hot Water", "slope_category": "flat" }, "geometry": { "type": "Polygon", "coordinates": [ [ [ -92.7274929, 41.7433459 ], [ -92.7276248, 41.7433478 ], [ -92.7277113, 41.743349 ], [ -92.7277258, 41.7433615 ], [ -92.7277386, 41.7437971 ], [ -92.7281031, 41.7438051 ], [ -92.7281061, 41.7441811 ], [ -92.7274997, 41.7441868 ], [ -92.7274985, 41.7440406 ], [ -92.7274973, 41.7438846 ], [ -92.7274959, 41.7437129 ], [ -92.7274958, 41.7437038 ], [ -92.7274944, 41.7435349 ], [ -92.7274929, 41.7433459 ] ] ] } },
{ "type": "Feature", "properties": { "name": "", "landuse": "", "leisure": "", "natural": "", "boundary": "", "amenity": "parking", "type": "District System", "district_system_type": "Central Hot Water", "slope_category": "flat" }, "geometry": { "type": "Polygon", "coordinates": [ [ [ -92.7272367, 41.743702 ], [ -92.7272368, 41.7437767 ], [ -92.7272155, 41.7437777 ], [ -92.7268433, 41.7437804 ], [ -92.7268364, 41.7438981 ], [ -92.7267348, 41.7438971 ], [ -92.7267291, 41.7439693 ], [ -92.7266319, 41.7439703 ], [ -92.7265856, 41.7439704 ], [ -92.7265903, 41.7436983 ], [ -92.7272367, 41.743702 ] ] ] } },
{ "type": "Feature", "properties": { "name": "", "landuse": "", "leisure": "", "natural": "", "boundary": "", "amenity": "parking", "type": "District System", "district_system_type": "Central Hot Water", "slope_category": "flat" }, "geometry": { "type": "Polygon", "coordinates": [ [ [ -92.7282211, 41.7431285 ], [ -92.7286593, 41.7431285 ], [ -92.7286643, 41.7427209 ], [ -92.728285, 41.7427331 ], [ -92.7282786, 41.7430071 ], [ -92.7282203, 41.7430304 ], [ -92.7282211, 41.7431285 ] ] ] } },
{ "type": "Feature", "properties": { "name": "", "landuse": "", "leisure": "", "natural": "", "boundary": "", "amenity": "parking", "type": "District System", "district_system_type": "Central Hot Water", "slope_category": "flat" }, "geometry": { "type": "Polygon", "coordinates": [ [ [ -92.7277801, 41.7431547 ], [ -92.7279053, 41.743155 ], [ -92.7279059, 41.7431404 ], [ -92.7279067, 41.7429377 ], [ -92.727864, 41.7429393 ], [ -92.7277746, 41.7429847 ], [ -92.7277801, 41.7431547 ] ] ] } },
{ "type": "Feature", "properties": { "name": "", "landuse": "", "leisure": "", "natural": "", "boundary": "", "amenity": "parking", "type": "District System", "district_system_type": "Central Hot Water", "slope_category": "flat" }, "geometry": { "type": "Polygon", "coordinates": [ [ [ -92.7278163, 41.7432516 ], [ -92.7277363, 41.7431545 ], [ -92.7276059, 41.7431541 ], [ -92.7276942, 41.7432509 ], [ -92.7278163, 41.7432516 ] ] ] } },
{ "type": "Feature", "properties": { "name": "", "landuse": "", "leisure": "", "natural": "", "boundary": "", "amenity": "parking", "type": "District System", "district_system_type": "Central Hot Water", "slope_category": "flat" }, "geometry": { "type": "Polygon", "coordinates": [ [ [ -92.7271813, 41.7427308 ], [ -92.727232, 41.7427316 ], [ -92.7272329, 41.742885 ], [ -92.7272339, 41.7430621 ], [ -92.7272204, 41.7431529 ], [ -92.7271056, 41.7431521 ], [ -92.7270007, 41.7431513 ], [ -92.7269998, 41.7431391 ], [ -92.726993, 41.7427275 ], [ -92.7269283, 41.742729 ], [ -92.7269301, 41.7426831 ], [ -92.7268692, 41.742674 ], [ -92.7269103, 41.7424373 ], [ -92.7270893, 41.7424471 ], [ -92.7271814, 41.7424524 ], [ -92.7271813, 41.7427308 ] ] ] } },
{ "type": "Feature", "properties": { "name": "", "landuse": "", "leisure": "", "natural": "", "boundary": "", "amenity": "parking", "type": "District System", "district_system_type": "Central Hot Water", "slope_category": "flat" }, "geometry": { "type": "Polygon", "coordinates": [ [ [ -92.7271512, 41.742341 ], [ -92.7271009, 41.7423216 ], [ -92.727019, 41.7422967 ], [ -92.7270046, 41.7422365 ], [ -92.7271537, 41.7422477 ], [ -92.7271512, 41.742341 ] ] ] } },
{ "type": "Feature", "properties": { "name": "", "landuse": "", "leisure": "", "natural": "", "boundary": "", "amenity": "parking", "type": "District System", "district_system_type": "Central Hot Water", "slope_category": "flat" }, "geometry": { "type": "Polygon", "coordinates": [ [ [ -92.7265036, 41.7422205 ], [ -92.7268228, 41.7422519 ], [ -92.7268114, 41.7423349 ], [ -92.7264875, 41.7423113 ], [ -92.7264977, 41.7422539 ], [ -92.7265036, 41.7422205 ] ] ] } },
{ "type": "Feature", "properties": { "name": "", "landuse": "", "leisure": "", "natural": "", "boundary": "", "amenity": "parking", "type": "District System", "district_system_type": "Central Hot Water", "slope_category": "flat" }, "geometry": { "type": "MultiPolygon", "coordinates": [ [ [ [ -92.7259034, 41.7417984 ], [ -92.7259056, 41.7417603 ], [ -92.7259376, 41.7416983 ], [ -92.7262027, 41.7416976 ], [ -92.7264667, 41.741697 ], [ -92.7265006, 41.7417318 ], [ -92.7264949, 41.7417951 ], [ -92.7262495, 41.741796 ], [ -92.7262283, 41.7418925 ], [ -92.7262125, 41.7419728 ], [ -92.7261889, 41.7419798 ], [ -92.7259206, 41.7419508 ], [ -92.7259212, 41.741798 ], [ -92.7259034, 41.7417984 ] ] ], [ [ [ -92.7265421, 41.7418926 ], [ -92.7265405, 41.7419005 ], [ -92.7264752, 41.7418934 ], [ -92.7264901, 41.7418444 ], [ -92.7264949, 41.7417951 ], [ -92.7265645, 41.7417953 ], [ -92.7268394, 41.7417961 ], [ -92.7269936, 41.7417966 ], [ -92.7269968, 41.7418639 ], [ -92.727215, 41.7418643 ], [ -92.7272075, 41.7420862 ], [ -92.7268771, 41.7420453 ], [ -92.7268994, 41.7419315 ], [ -92.7265421, 41.7418926 ] ] ] ] } },
{ "type": "Feature", "properties": { "name": "", "landuse": "", "leisure": "", "natural": "", "boundary": "", "amenity": "parking", "type": "District System", "district_system_type": "Central Hot Water", "slope_category": "flat" }, "geometry": { "type": "Polygon", "coordinates": [ [ [ -92.7275142, 41.7420987 ], [ -92.7275101, 41.7419277 ], [ -92.7275702, 41.7419274 ], [ -92.7275986, 41.7419082 ], [ -92.7276447, 41.7419029 ], [ -92.7280064, 41.741905 ], [ -92.7280035, 41.7419851 ], [ -92.7277072, 41.7419845 ], [ -92.7277072, 41.7421003 ], [ -92.7275142, 41.7420987 ] ] ] } },
{ "type": "Feature", "properties": { "name": "", "landuse": "", "leisure": "", "natural": "", "boundary": "", "amenity": "parking", "type": "District System", "district_system_type": "Central Hot Water", "slope_category": "flat" }, "geometry": { "type": "Polygon", "coordinates": [ [ [ -92.7271707, 41.7401698 ], [ -92.7271692, 41.7399893 ], [ -92.7270997, 41.7398964 ], [ -92.7270976, 41.739835 ], [ -92.7268504, 41.7398295 ], [ -92.7268551, 41.7398941 ], [ -92.7269204, 41.7399641 ], [ -92.7269189, 41.7401424 ], [ -92.7270033, 41.7401439 ], [ -92.7271106, 41.7401737 ], [ -92.7271707, 41.7401698 ] ] ] } },
{ "type": "Feature", "properties": { "name": "", "landuse": "", "leisure": "", "natural": "", "boundary": "", "amenity": "parking", "type": "District System", "district_system_type": "Central Hot Water", "slope_category": "flat" }, "geometry": { "type": "Polygon", "coordinates": [ [ [ -92.7280701, 41.7399862 ], [ -92.7279885, 41.7399886 ], [ -92.7277293, 41.7399889 ], [ -92.7277289, 41.7397685 ], [ -92.7277266, 41.7397034 ], [ -92.7275319, 41.7397026 ], [ -92.7275361, 41.7397458 ], [ -92.727539, 41.740101 ], [ -92.727595, 41.7401006 ], [ -92.7276222, 41.7401005 ], [ -92.7276227, 41.7402094 ], [ -92.7279789, 41.7402077 ], [ -92.727974, 41.7400993 ], [ -92.7280623, 41.7400986 ], [ -92.7280701, 41.7399862 ] ] ] } },
{ "type": "Feature", "properties": { "name": "", "landuse": "", "leisure": "", "natural": "", "boundary": "", "amenity": "parking", "type": "District System", "district_system_type": "Central Hot Water", "slope_category": "flat" }, "geometry": { "type": "Polygon", "coordinates": [ [ [ -92.727522, 41.7393027 ], [ -92.7275205, 41.7395126 ], [ -92.7276712, 41.7395129 ], [ -92.7276677, 41.7393035 ], [ -92.727522, 41.7393027 ] ] ] } },
{ "type": "Feature", "properties": { "name": "", "landuse": "", "leisure": "", "natural": "", "boundary": "", "amenity": "parking", "type": "District System", "district_system_type": "Central Hot Water", "slope_category": "flat" }, "geometry": { "type": "Polygon", "coordinates": [ [ [ -92.7270672, 41.7389843 ], [ -92.7270687, 41.7390667 ], [ -92.7266731, 41.7390664 ], [ -92.7266745, 41.7390777 ], [ -92.7266748, 41.7394084 ], [ -92.7265808, 41.7394079 ], [ -92.7265678, 41.7389868 ], [ -92.7269275, 41.738985 ], [ -92.7270672, 41.7389843 ] ] ] } },
{ "type": "Feature", "properties": { "name": "", "landuse": "", "leisure": "", "natural": "", "boundary": "", "amenity": "parking", "type": "District System", "district_system_type": "Central Hot Water", "slope_category": "flat" }, "geometry": { "type": "Polygon", "coordinates": [ [ [ -92.7280767, 41.7387247 ], [ -92.7279529, 41.7386578 ], [ -92.7279525, 41.7385856 ], [ -92.7279028, 41.7385857 ], [ -92.7279017, 41.7383872 ], [ -92.7279045, 41.7383718 ], [ -92.728078, 41.7383715 ], [ -92.728316, 41.7383715 ], [ -92.7283164, 41.7384371 ], [ -92.7282816, 41.7384377 ], [ -92.72816, 41.7384381 ], [ -92.7281608, 41.7385924 ], [ -92.7280772, 41.7385929 ], [ -92.7280769, 41.7386871 ], [ -92.7280767, 41.7387247 ] ] ] } },
{ "type": "Feature", "properties": { "name": "", "landuse": "", "leisure": "", "natural": "", "boundary": "", "amenity": "parking", "type": "District System", "district_system_type": "Central Hot Water", "slope_category": "flat" }, "geometry": { "type": "Polygon", "coordinates": [ [ [ -92.7279929, 41.738889 ], [ -92.7279241, 41.7388307 ], [ -92.7279241, 41.7387919 ], [ -92.7278875, 41.7387917 ], [ -92.7277834, 41.7387912 ], [ -92.7277834, 41.7388288 ], [ -92.727733, 41.738889 ], [ -92.7277803, 41.738889 ], [ -92.7279929, 41.738889 ] ] ] } },
{ "type": "Feature", "properties": { "name": "", "landuse": "", "leisure": "", "natural": "", "boundary": "", "amenity": "parking", "type": "District System", "district_system_type": "Central Hot Water", "slope_category": "flat" }, "geometry": { "type": "Polygon", "coordinates": [ [ [ -92.727526, 41.7381287 ], [ -92.7275298, 41.7381912 ], [ -92.7275215, 41.7382888 ], [ -92.7275226, 41.7383116 ], [ -92.7275435, 41.7383164 ], [ -92.7276292, 41.7383121 ], [ -92.7276444, 41.738301 ], [ -92.7276566, 41.7382863 ], [ -92.7277319, 41.7382868 ], [ -92.7277306, 41.7380127 ], [ -92.7277288, 41.7379974 ], [ -92.7277266, 41.7379779 ], [ -92.7275188, 41.7379768 ], [ -92.7275188, 41.7380691 ], [ -92.727526, 41.7381287 ] ] ] } },
{ "type": "Feature", "properties": { "name": "", "landuse": "", "leisure": "", "natural": "", "boundary": "", "amenity": "parking", "type": "District System", "district_system_type": "Central Hot Water", "slope_category": "flat" }, "geometry": { "type": "Polygon", "coordinates": [ [ [ -92.7272104, 41.7372412 ], [ -92.7271632, 41.7372782 ], [ -92.7269365, 41.7372827 ], [ -92.7268632, 41.7372837 ], [ -92.7268617, 41.7371091 ], [ -92.7271366, 41.7371167 ], [ -92.7272129, 41.7371565 ], [ -92.7272104, 41.7371962 ], [ -92.7272104, 41.7372412 ] ] ] } },
{ "type": "Feature", "properties": { "name": "", "landuse": "", "leisure": "", "natural": "", "boundary": "", "amenity": "parking", "type": "District System", "district_system_type": "Central Hot Water", "slope_category": "flat" }, "geometry": { "type": "Polygon", "coordinates": [ [ [ -92.7269616, 41.734665 ], [ -92.7270977, 41.7346661 ], [ -92.7271158, 41.7347041 ], [ -92.7271073, 41.7348145 ], [ -92.7270684, 41.7348318 ], [ -92.7268272, 41.7348286 ], [ -92.7268306, 41.7347647 ], [ -92.7268611, 41.7347469 ], [ -92.7269589, 41.7347489 ], [ -92.7269616, 41.734665 ] ] ] } },
{ "type": "Feature", "properties": { "name": "", "landuse": "", "leisure": "", "natural": "", "boundary": "", "amenity": "parking", "type": "District System", "district_system_type": "Central Hot Water", "slope_category": "flat" }, "geometry": { "type": "Polygon", "coordinates": [ [ [ -92.7265617, 41.7350285 ], [ -92.726729, 41.7350274 ], [ -92.7267301, 41.7348897 ], [ -92.7265666, 41.7348893 ], [ -92.7265617, 41.7350285 ] ] ] } },
{ "type": "Feature", "properties": { "name": "", "landuse": "", "leisure": "", "natural": "", "boundary": "", "amenity": "parking", "type": "District System", "district_system_type": "Central Hot Water", "slope_category": "flat" }, "geometry": { "type": "Polygon", "coordinates": [ [ [ -92.7270904, 41.7343759 ], [ -92.7271936, 41.7343754 ], [ -92.7271936, 41.7342292 ], [ -92.7271654, 41.7342085 ], [ -92.7271633, 41.7341763 ], [ -92.7271818, 41.7341059 ], [ -92.7271807, 41.7340626 ], [ -92.7266537, 41.7340637 ], [ -92.7265595, 41.7340548 ], [ -92.7265606, 41.7341385 ], [ -92.7265633, 41.7344122 ], [ -92.7267155, 41.7344174 ], [ -92.7267133, 41.7342271 ], [ -92.7270887, 41.7342248 ], [ -92.7270904, 41.7343759 ] ] ] } },
{ "type": "Feature", "properties": { "name": "", "landuse": "", "leisure": "", "natural": "", "boundary": "", "amenity": "parking", "type": "District System", "district_system_type": "Central Hot Water", "slope_category": "flat" }, "geometry": { "type": "Polygon", "coordinates": [ [ [ -92.7280813, 41.7341373 ], [ -92.7280947, 41.7344222 ], [ -92.7279755, 41.7344204 ], [ -92.7275746, 41.734423 ], [ -92.7275155, 41.7343539 ], [ -92.7275141, 41.734263 ], [ -92.7275768, 41.7341863 ], [ -92.7278691, 41.7341885 ], [ -92.7278859, 41.7341352 ], [ -92.7280813, 41.7341373 ] ] ] } },
{ "type": "Feature", "properties": { "name": "", "landuse": "", "leisure": "", "natural": "", "boundary": "", "amenity": "parking", "type": "District System", "district_system_type": "Central Hot Water", "slope_category": "mild" }, "geometry": { "type": "Polygon", "coordinates": [ [ [ -92.7271125, 41.7338359 ], [ -92.7271131, 41.7338876 ], [ -92.7269734, 41.7338852 ], [ -92.7269728, 41.7338775 ], [ -92.726969, 41.7335704 ], [ -92.7269677, 41.7335624 ], [ -92.7271102, 41.7335616 ], [ -92.7271096, 41.7335911 ], [ -92.7271125, 41.7338359 ] ] ] } },
{ "type": "Feature", "properties": { "name": "", "landuse": "", "leisure": "", "natural": "", "boundary": "", "amenity": "parking", "type": "District System", "district_system_type": "Central Hot Water", "slope_category": "flat" }, "geometry": { "type": "Polygon", "coordinates": [ [ [ -92.7265577, 41.7340029 ], [ -92.726687, 41.7340017 ], [ -92.726687, 41.7338854 ], [ -92.7265715, 41.7338854 ], [ -92.7265567, 41.733887 ], [ -92.7265577, 41.7340029 ] ] ] } },
{ "type": "Feature", "properties": { "name": "", "landuse": "", "leisure": "", "natural": "", "boundary": "", "amenity": "parking", "type": "District System", "district_system_type": "Central Hot Water", "slope_category": "mild" }, "geometry": { "type": "Polygon", "coordinates": [ [ [ -92.7266886, 41.7337494 ], [ -92.7266885, 41.7335746 ], [ -92.726554, 41.7335744 ], [ -92.7265555, 41.7337499 ], [ -92.7266886, 41.7337494 ] ] ] } },
{ "type": "Feature", "properties": { "name": "", "landuse": "", "leisure": "", "natural": "", "boundary": "", "amenity": "parking", "type": "District System", "district_system_type": "Central Hot Water", "slope_category": "mild" }, "geometry": { "type": "MultiPolygon", "coordinates": [ [ [ [ -92.7275941, 41.7332893 ], [ -92.7276059, 41.7333586 ], [ -92.7276034, 41.733449 ], [ -92.7276554, 41.7334497 ], [ -92.7277004, 41.7334124 ], [ -92.7277271, 41.7334272 ], [ -92.7277242, 41.7334887 ], [ -92.7278739, 41.7334891 ], [ -92.7277406, 41.733602 ], [ -92.7276166, 41.7336008 ], [ -92.7275947, 41.7336006 ], [ -92.7275605, 41.7335945 ], [ -92.727557, 41.7336109 ], [ -92.7275285, 41.7336214 ], [ -92.7274812, 41.7336235 ], [ -92.7274819, 41.7336006 ], [ -92.7274916, 41.7332895 ], [ -92.7275941, 41.7332893 ] ] ], [ [ [ -92.7279436, 41.7335999 ], [ -92.7280448, 41.7335989 ], [ -92.7280458, 41.7336586 ], [ -92.7278444, 41.7336622 ], [ -92.7278545, 41.7339841 ], [ -92.7277391, 41.7339811 ], [ -92.7277402, 41.7339149 ], [ -92.7277406, 41.7338307 ], [ -92.7276278, 41.7338302 ], [ -92.727629, 41.7336644 ], [ -92.7277413, 41.7336608 ], [ -92.7277406, 41.733602 ], [ -92.7279436, 41.7335999 ] ] ] ] } },
{ "type": "Feature", "properties": { "name": "", "landuse": "", "leisure": "", "natural": "", "boundary": "", "amenity": "parking", "type": "District System", "district_system_type": "Central Hot Water", "slope_category": "flat" }, "geometry": { "type": "Polygon", "coordinates": [ [ [ -92.7271776, 41.7335332 ], [ -92.7271776, 41.733449 ], [ -92.7271776, 41.7333617 ], [ -92.7269436, 41.7333617 ], [ -92.7269436, 41.7335332 ], [ -92.7271776, 41.7335332 ] ] ] } },
{ "type": "Feature", "properties": { "name": "", "landuse": "", "leisure": "", "natural": "", "boundary": "", "amenity": "parking", "type": "District System", "district_system_type": "Central Hot Water", "slope_category": "flat" }, "geometry": { "type": "Polygon", "coordinates": [ [ [ -92.726937, 41.7333484 ], [ -92.726936, 41.7331686 ], [ -92.7266246, 41.7331628 ], [ -92.7266338, 41.7333292 ], [ -92.7268782, 41.7333379 ], [ -92.7268845, 41.733347 ], [ -92.726937, 41.7333484 ] ] ] } },
{ "type": "Feature", "properties": { "name": "", "landuse": "", "leisure": "", "natural": "", "boundary": "", "amenity": "parking", "type": "District System", "district_system_type": "Central Hot Water", "slope_category": "flat" }, "geometry": { "type": "Polygon", "coordinates": [ [ [ -92.7287163, 41.7329637 ], [ -92.7287236, 41.7327684 ], [ -92.7287053, 41.7327373 ], [ -92.7287002, 41.7325709 ], [ -92.7283894, 41.7325682 ], [ -92.72839, 41.7327569 ], [ -92.7284137, 41.7327602 ], [ -92.7284327, 41.73295 ], [ -92.7284663, 41.7329751 ], [ -92.7286074, 41.7329779 ], [ -92.7287163, 41.7329637 ] ] ] } },
{ "type": "Feature", "properties": { "name": "", "landuse": "", "leisure": "", "natural": "", "boundary": "", "amenity": "parking", "type": "District System", "district_system_type": "Central Hot Water", "slope_category": "flat" }, "geometry": { "type": "Polygon", "coordinates": [ [ [ -92.7268558, 41.7321498 ], [ -92.7268554, 41.7320531 ], [ -92.7268178, 41.7320589 ], [ -92.7266861, 41.7320742 ], [ -92.7266933, 41.7317911 ], [ -92.7264419, 41.7317936 ], [ -92.7264449, 41.7320157 ], [ -92.7260282, 41.7320188 ], [ -92.7260334, 41.7321469 ], [ -92.7268558, 41.7321498 ] ] ] } },
{ "type": "Feature", "properties": { "name": "", "landuse": "", "leisure": "", "natural": "", "boundary": "", "amenity": "parking", "type": "District System", "district_system_type": "Central Hot Water", "slope_category": "flat" }, "geometry": { "type": "Polygon", "coordinates": [ [ [ -92.7268199, 41.7302199 ], [ -92.7268181, 41.7298201 ], [ -92.7267458, 41.7298189 ], [ -92.7262909, 41.7298214 ], [ -92.7262899, 41.7297272 ], [ -92.7257857, 41.7297332 ], [ -92.7258484, 41.7298238 ], [ -92.7257951, 41.7298241 ], [ -92.7259148, 41.7299959 ], [ -92.7258308, 41.7299964 ], [ -92.7258291, 41.7300573 ], [ -92.7258526, 41.7300579 ], [ -92.7257808, 41.730152 ], [ -92.7258008, 41.7301519 ], [ -92.7258474, 41.7302239 ], [ -92.7268199, 41.7302199 ] ] ] } },
{ "type": "Feature", "properties": { "name": "", "landuse": "", "leisure": "", "natural": "", "boundary": "", "amenity": "parking", "type": "District System", "district_system_type": "Central Hot Water", "slope_category": "flat" }, "geometry": { "type": "Polygon", "coordinates": [ [ [ -92.7286006, 41.7288275 ], [ -92.7286038, 41.7286639 ], [ -92.7285183, 41.728662 ], [ -92.7285195, 41.7286131 ], [ -92.7277551, 41.7286061 ], [ -92.7277529, 41.7286917 ], [ -92.7277011, 41.7286898 ], [ -92.7277036, 41.7287843 ], [ -92.7284556, 41.7287896 ], [ -92.7284551, 41.728828 ], [ -92.7286006, 41.7288275 ] ] ] } },
{ "type": "Feature", "properties": { "name": "", "landuse": "", "leisure": "", "natural": "", "boundary": "", "amenity": "parking", "type": "District System", "district_system_type": "Central Hot Water", "slope_category": "mild" }, "geometry": { "type": "Polygon", "coordinates": [ [ [ -92.7281413, 41.7280454 ], [ -92.727674, 41.7280432 ], [ -92.7276746, 41.7283418 ], [ -92.7277615, 41.7283463 ], [ -92.727762, 41.7283235 ], [ -92.7280029, 41.7283266 ], [ -92.7281367, 41.7283283 ], [ -92.728138, 41.7282591 ], [ -92.7281413, 41.7280454 ] ] ] } },
{ "type": "Feature", "properties": { "name": "", "landuse": "", "leisure": "", "natural": "", "boundary": "", "amenity": "parking", "type": "District System", "district_system_type": "Central Hot Water", "slope_category": "flat" }, "geometry": { "type": "Polygon", "coordinates": [ [ [ -92.7269814, 41.7287493 ], [ -92.7269841, 41.7288397 ], [ -92.727025, 41.7288396 ], [ -92.7270202, 41.7289464 ], [ -92.726428, 41.7289516 ], [ -92.7264256, 41.728841 ], [ -92.7264258, 41.7287505 ], [ -92.7269814, 41.7287493 ] ] ] } },
{ "type": "Feature", "properties": { "name": "", "landuse": "", "leisure": "", "natural": "", "boundary": "", "amenity": "parking", "type": "District System", "district_system_type": "Central Hot Water", "slope_category": "flat" }, "geometry": { "type": "Polygon", "coordinates": [ [ [ -92.7264268, 41.727664 ], [ -92.7263778, 41.7276635 ], [ -92.7263122, 41.7275684 ], [ -92.7255829, 41.7275721 ], [ -92.7256089, 41.727595 ], [ -92.7256916, 41.7276161 ], [ -92.7256845, 41.7276585 ], [ -92.7255636, 41.7276397 ], [ -92.725576, 41.7278184 ], [ -92.7255771, 41.727836 ], [ -92.725596, 41.7279852 ], [ -92.7256115, 41.7281548 ], [ -92.7256114, 41.7283004 ], [ -92.7264266, 41.7283052 ], [ -92.7264269, 41.7281532 ], [ -92.7264271, 41.7279928 ], [ -92.7264274, 41.7278346 ], [ -92.7264268, 41.727664 ] ] ] } },
{ "type": "Feature", "properties": { "name": "", "landuse": "", "leisure": "", "natural": "", "boundary": "", "amenity": "parking", "type": "District System", "district_system_type": "Central Hot Water", "slope_category": "flat" }, "geometry": { "type": "Polygon", "coordinates": [ [ [ -92.7275157, 41.7402463 ], [ -92.7275715, 41.7403437 ], [ -92.7277458, 41.7403435 ], [ -92.7279777, 41.7403431 ], [ -92.7279804, 41.7402473 ], [ -92.7275157, 41.7402463 ] ] ] } },
{ "type": "Feature", "properties": { "name": "", "landuse": "", "leisure": "", "natural": "", "boundary": "", "amenity": "parking", "type": "District System", "district_system_type": "Central Hot Water", "slope_category": "flat" }, "geometry": { "type": "Polygon", "coordinates": [ [ [ -92.7295848, 41.7465885 ], [ -92.7295902, 41.7465874 ], [ -92.7296675, 41.7465824 ], [ -92.7296882, 41.7465818 ], [ -92.7296887, 41.7465929 ], [ -92.7298278, 41.7465892 ], [ -92.7298872, 41.746589 ], [ -92.7298099, 41.7470224 ], [ -92.7298344, 41.747152 ], [ -92.7298987, 41.7472251 ], [ -92.7298988, 41.7472936 ], [ -92.7298981, 41.7473042 ], [ -92.7295906, 41.7473029 ], [ -92.7295847, 41.7469383 ], [ -92.7295852, 41.7466606 ], [ -92.7295848, 41.7465885 ] ] ] } },
{ "type": "Feature", "properties": { "name": "", "landuse": "", "leisure": "", "natural": "", "boundary": "", "amenity": "parking", "type": "District System", "district_system_type": "Central Hot Water", "slope_category": "flat" }, "geometry": { "type": "Polygon", "coordinates": [ [ [ -92.7093334, 41.7542479 ], [ -92.7093271, 41.7540724 ], [ -92.7082879, 41.754073 ], [ -92.7082888, 41.7541631 ], [ -92.7083197, 41.7541628 ], [ -92.7083924, 41.754162 ], [ -92.7083924, 41.7542499 ], [ -92.7093334, 41.7542479 ] ] ] } },
{ "type": "Feature", "properties": { "name": "", "landuse": "", "leisure": "", "natural": "", "boundary": "", "amenity": "parking", "type": "District System", "district_system_type": "Central Hot Water", "slope_category": "mild" }, "geometry": { "type": "Polygon", "coordinates": [ [ [ -92.7292765, 41.7169713 ], [ -92.7292791, 41.7170271 ], [ -92.7294318, 41.7170233 ], [ -92.7294352, 41.7169688 ], [ -92.7295119, 41.7169688 ], [ -92.7295119, 41.7162599 ], [ -92.7293977, 41.7162684 ], [ -92.7293359, 41.716253 ], [ -92.7292706, 41.7162549 ], [ -92.729274, 41.7169327 ], [ -92.7292765, 41.7169713 ] ] ] } },
{ "type": "Feature", "properties": { "name": "", "landuse": "", "leisure": "", "natural": "", "boundary": "", "amenity": "parking", "type": "District System", "district_system_type": "Central Hot Water", "slope_category": "mild" }, "geometry": { "type": "Polygon", "coordinates": [ [ [ -92.7291793, 41.7163245 ], [ -92.7291806, 41.716609 ], [ -92.7291821, 41.7169334 ], [ -92.7290121, 41.716773 ], [ -92.7289683, 41.7166561 ], [ -92.7289669, 41.7165782 ], [ -92.7290004, 41.7164728 ], [ -92.7290442, 41.7164007 ], [ -92.7290796, 41.716274 ], [ -92.7291793, 41.7163245 ] ] ] } },
{ "type": "Feature", "properties": { "name": "", "landuse": "", "leisure": "", "natural": "", "boundary": "", "amenity": "parking", "type": "District System", "district_system_type": "Central Hot Water", "slope_category": null }, "geometry": { "type": "Polygon", "coordinates": [ [ [ -92.7290533, 41.7162017 ], [ -92.7290507, 41.7162739 ], [ -92.728937, 41.7163524 ], [ -92.7283956, 41.7163486 ], [ -92.7283956, 41.7161921 ], [ -92.7290533, 41.7162017 ] ] ] } },
{ "type": "Feature", "properties": { "name": "", "landuse": "", "leisure": "", "natural": "", "boundary": "", "amenity": "parking", "type": "District System", "district_system_type": "Central Hot Water", "slope_category": "flat" }, "geometry": { "type": "Polygon", "coordinates": [ [ [ -92.7178202, 41.7445879 ], [ -92.7179003, 41.74469 ], [ -92.7185011, 41.7446896 ], [ -92.7184943, 41.7445893 ], [ -92.7178202, 41.7445879 ] ] ] } },
{ "type": "Feature", "properties": { "name": "", "landuse": "", "leisure": "", "natural": "", "boundary": "", "amenity": "parking", "type": "District System", "district_system_type": "Central Hot Water", "slope_category": "flat" }, "geometry": { "type": "Polygon", "coordinates": [ [ [ -92.7189454, 41.7445908 ], [ -92.7190133, 41.7446892 ], [ -92.7191936, 41.7446906 ], [ -92.7191217, 41.7445913 ], [ -92.7189454, 41.7445908 ] ] ] } },
{ "type": "Feature", "properties": { "name": "", "landuse": "", "leisure": "", "natural": "", "boundary": "", "amenity": "parking", "type": "District System", "district_system_type": "Central Hot Water", "slope_category": "mild" }, "geometry": { "type": "Polygon", "coordinates": [ [ [ -92.7203926, 41.7445908 ], [ -92.7203938, 41.7446274 ], [ -92.720349, 41.7446895 ], [ -92.7207627, 41.7446933 ], [ -92.7207633, 41.7445908 ], [ -92.7203926, 41.7445908 ] ] ] } },
{ "type": "Feature", "properties": { "name": "", "landuse": "", "leisure": "", "natural": "", "boundary": "", "amenity": "parking", "type": "District System", "district_system_type": "Central Hot Water", "slope_category": "flat" }, "geometry": { "type": "Polygon", "coordinates": [ [ [ -92.7325168, 41.7431693 ], [ -92.732622, 41.7432679 ], [ -92.7328474, 41.7432685 ], [ -92.7330282, 41.743269 ], [ -92.7329557, 41.7431698 ], [ -92.7328442, 41.7431697 ], [ -92.7325168, 41.7431693 ] ] ] } },
{ "type": "Feature", "properties": { "name": "", "landuse": "", "leisure": "", "natural": "", "boundary": "", "amenity": "parking", "type": "District System", "district_system_type": "Central Hot Water", "slope_category": "mild" }, "geometry": { "type": "Polygon", "coordinates": [ [ [ -92.7348484, 41.7431869 ], [ -92.7348507, 41.7432777 ], [ -92.7349447, 41.7432779 ], [ -92.7353219, 41.7432786 ], [ -92.7353208, 41.7431893 ], [ -92.7351255, 41.7431883 ], [ -92.7350807, 41.7431881 ], [ -92.7348484, 41.7431869 ] ] ] } },
{ "type": "Feature", "properties": { "name": "", "landuse": "", "leisure": "", "natural": "", "boundary": "", "amenity": "parking", "type": "District System", "district_system_type": "Central Hot Water", "slope_category": "flat" }, "geometry": { "type": "Polygon", "coordinates": [ [ [ -92.7205569, 41.7432378 ], [ -92.7206617, 41.7433344 ], [ -92.720517, 41.7433341 ], [ -92.7203795, 41.7433339 ], [ -92.7202718, 41.7432365 ], [ -92.7204685, 41.7432374 ], [ -92.7205569, 41.7432378 ] ] ] } },
{ "type": "Feature", "properties": { "name": "", "landuse": "", "leisure": "", "natural": "", "boundary": "", "amenity": "parking", "type": "District System", "district_system_type": "Central Hot Water", "slope_category": "flat" }, "geometry": { "type": "Polygon", "coordinates": [ [ [ -92.7174675, 41.7371911 ], [ -92.7174596, 41.7371009 ], [ -92.7172035, 41.7371009 ], [ -92.7172063, 41.7371877 ], [ -92.7173416, 41.7371914 ], [ -92.7174675, 41.7371911 ] ] ] } },
{ "type": "Feature", "properties": { "name": "", "landuse": "", "leisure": "", "natural": "", "boundary": "", "amenity": "parking", "type": "District System", "district_system_type": "Central Hot Water", "slope_category": "mild" }, "geometry": { "type": "Polygon", "coordinates": [ [ [ -92.7174625, 41.7376727 ], [ -92.7174623, 41.7377077 ], [ -92.7173508, 41.7377113 ], [ -92.717351, 41.737703 ], [ -92.7173516, 41.7376567 ], [ -92.7173521, 41.7376262 ], [ -92.7173543, 41.7374718 ], [ -92.7173553, 41.7374009 ], [ -92.7173573, 41.7372607 ], [ -92.7174668, 41.7372623 ], [ -92.7174625, 41.7376727 ] ] ] } },
{ "type": "Feature", "properties": { "name": "", "landuse": "", "leisure": "", "natural": "", "boundary": "", "amenity": "parking", "type": "District System", "district_system_type": "Central Hot Water", "slope_category": "flat" }, "geometry": { "type": "Polygon", "coordinates": [ [ [ -92.7168851, 41.7371854 ], [ -92.7168828, 41.7372861 ], [ -92.717071, 41.7372856 ], [ -92.7170717, 41.737185 ], [ -92.7168851, 41.7371854 ] ] ] } },
{ "type": "Feature", "properties": { "name": "", "landuse": "", "leisure": "", "natural": "", "boundary": "", "amenity": "parking", "type": "District System", "district_system_type": "Central Hot Water", "slope_category": "flat" }, "geometry": { "type": "Polygon", "coordinates": [ [ [ -92.7168357, 41.7371863 ], [ -92.7168316, 41.7372849 ], [ -92.7167039, 41.737288 ], [ -92.7166939, 41.737188 ], [ -92.7168357, 41.7371863 ] ] ] } },
{ "type": "Feature", "properties": { "name": "", "landuse": "", "leisure": "", "natural": "", "boundary": "", "amenity": "parking", "type": "District System", "district_system_type": "Central Hot Water", "slope_category": "flat" }, "geometry": { "type": "Polygon", "coordinates": [ [ [ -92.7164548, 41.7370849 ], [ -92.7164596, 41.7371842 ], [ -92.7163536, 41.7371844 ], [ -92.7163548, 41.7373173 ], [ -92.7163961, 41.7373157 ], [ -92.7163952, 41.7374 ], [ -92.7163532, 41.7374002 ], [ -92.7160889, 41.7374015 ], [ -92.7159141, 41.737402 ], [ -92.7157024, 41.7374027 ], [ -92.7157037, 41.7373366 ], [ -92.7156196, 41.737338 ], [ -92.7156208, 41.7373102 ], [ -92.7156239, 41.7372391 ], [ -92.7156253, 41.7372064 ], [ -92.7156283, 41.7371399 ], [ -92.7156925, 41.7371415 ], [ -92.7156973, 41.7371774 ], [ -92.7157575, 41.7371786 ], [ -92.7162893, 41.7371836 ], [ -92.7162864, 41.7370861 ], [ -92.7164548, 41.7370849 ] ] ] } },
{ "type": "Feature", "properties": { "name": "", "landuse": "", "leisure": "", "natural": "", "boundary": "", "amenity": "parking", "type": "District System", "district_system_type": "Central Hot Water", "slope_category": "flat" }, "geometry": { "type": "Polygon", "coordinates": [ [ [ -92.7080007, 41.7440475 ], [ -92.7078635, 41.7440282 ], [ -92.7078613, 41.7438991 ], [ -92.7079989, 41.7438654 ], [ -92.7080007, 41.7440475 ] ] ] } },
{ "type": "Feature", "properties": { "name": "", "landuse": "", "leisure": "", "natural": "", "boundary": "", "amenity": "parking", "type": "District System", "district_system_type": "Central Hot Water", "slope_category": "flat" }, "geometry": { "type": "Polygon", "coordinates": [ [ [ -92.7177418, 41.7445868 ], [ -92.7178203, 41.7445538 ], [ -92.7178205, 41.7444303 ], [ -92.7178176, 41.7441793 ], [ -92.7177002, 41.7442048 ], [ -92.7177014, 41.7443719 ], [ -92.7177029, 41.7445867 ], [ -92.7177418, 41.7445868 ] ] ] } },
{ "type": "Feature", "properties": { "name": "", "landuse": "", "leisure": "", "natural": "", "boundary": "", "amenity": "parking", "type": "District System", "district_system_type": "Central Hot Water", "slope_category": "flat" }, "geometry": { "type": "Polygon", "coordinates": [ [ [ -92.7193156, 41.7451135 ], [ -92.7194476, 41.7451178 ], [ -92.7194477, 41.7451331 ], [ -92.7194478, 41.7451887 ], [ -92.7194478, 41.7452143 ], [ -92.7193155, 41.7452161 ], [ -92.7193156, 41.7451344 ], [ -92.7193156, 41.7451135 ] ] ] } },
{ "type": "Feature", "properties": { "name": "", "landuse": "", "leisure": "", "natural": "", "boundary": "", "amenity": "parking", "type": "District System", "district_system_type": "Central Hot Water", "slope_category": "mild" }, "geometry": { "type": "Polygon", "coordinates": [ [ [ -92.7193, 41.7400057 ], [ -92.7191634, 41.7400052 ], [ -92.7191634, 41.740072 ], [ -92.7191634, 41.740102 ], [ -92.7193004, 41.7401051 ], [ -92.7193, 41.7400057 ] ] ] } },
{ "type": "Feature", "properties": { "name": "", "landuse": "", "leisure": "", "natural": "", "boundary": "", "amenity": "parking", "type": "District System", "district_system_type": "Central Hot Water", "slope_category": "flat" }, "geometry": { "type": "Polygon", "coordinates": [ [ [ -92.7225475, 41.7561475 ], [ -92.7224535, 41.7561456 ], [ -92.7224415, 41.7561459 ], [ -92.7222413, 41.7561505 ], [ -92.7222464, 41.7563392 ], [ -92.7226677, 41.7563483 ], [ -92.7226858, 41.7563377 ], [ -92.7226838, 41.7562843 ], [ -92.7227151, 41.756252 ], [ -92.7230984, 41.7562376 ], [ -92.72322, 41.7562331 ], [ -92.7232209, 41.7562636 ], [ -92.7232244, 41.756382 ], [ -92.723173, 41.7563809 ], [ -92.7231727, 41.7564392 ], [ -92.7232201, 41.7564435 ], [ -92.7232563, 41.7564468 ], [ -92.7234791, 41.7564527 ], [ -92.7234755, 41.7562045 ], [ -92.7233988, 41.7562034 ], [ -92.7233991, 41.7560622 ], [ -92.7225415, 41.7560583 ], [ -92.7225475, 41.7561475 ] ] ] } },
{ "type": "Feature", "properties": { "name": "", "landuse": "", "leisure": "", "natural": "", "boundary": "", "amenity": "parking", "type": "District System", "district_system_type": "Central Hot Water", "slope_category": "flat" }, "geometry": { "type": "Polygon", "coordinates": [ [ [ -92.7225081, 41.7445952 ], [ -92.7226391, 41.744525 ], [ -92.7226329, 41.7435798 ], [ -92.7225017, 41.7434803 ], [ -92.7225029, 41.7437008 ], [ -92.7225041, 41.7439161 ], [ -92.7225062, 41.74427 ], [ -92.7225081, 41.7445952 ] ] ] } },
{ "type": "Feature", "properties": { "name": "", "landuse": "", "leisure": "", "natural": "", "boundary": "", "amenity": "parking", "type": "District System", "district_system_type": "Central Hot Water", "slope_category": "flat" }, "geometry": { "type": "Polygon", "coordinates": [ [ [ -92.724313, 41.7473586 ], [ -92.7243144, 41.7472741 ], [ -92.724207, 41.7472303 ], [ -92.7241425, 41.7472307 ], [ -92.7241485, 41.7473579 ], [ -92.724313, 41.7473586 ] ] ] } },
{ "type": "Feature", "properties": { "name": "", "landuse": "", "leisure": "", "natural": "", "boundary": "", "amenity": "parking", "type": "District System", "district_system_type": "Central Hot Water", "slope_category": "flat" }, "geometry": { "type": "Polygon", "coordinates": [ [ [ -92.7241115, 41.7371001 ], [ -92.7242399, 41.7370381 ], [ -92.7242396, 41.736864 ], [ -92.7242393, 41.7366345 ], [ -92.7241119, 41.7366976 ], [ -92.7241117, 41.7368853 ], [ -92.7241115, 41.737083 ], [ -92.7241115, 41.7371001 ] ] ] } },
{ "type": "Feature", "properties": { "name": "", "landuse": "", "leisure": "", "natural": "", "boundary": "", "amenity": "parking", "type": "District System", "district_system_type": "Central Hot Water", "slope_category": "flat" }, "geometry": { "type": "Polygon", "coordinates": [ [ [ -92.7241105, 41.7366387 ], [ -92.7242442, 41.7365742 ], [ -92.7242387, 41.7361804 ], [ -92.7241094, 41.7361362 ], [ -92.7241096, 41.7362427 ], [ -92.7241105, 41.7366082 ], [ -92.7241105, 41.7366387 ] ] ] } },
{ "type": "Feature", "properties": { "name": "Lot A", "landuse": "", "leisure": "", "natural": "", "boundary": "", "amenity": "parking", "type": "District System", "district_system_type": "Central Hot Water", "slope_category": "flat" }, "geometry": { "type": "Polygon", "coordinates": [ [ [ -92.7236717, 41.7462886 ], [ -92.7236708, 41.746329 ], [ -92.7236679, 41.74646 ], [ -92.7233083, 41.7464529 ], [ -92.7233083, 41.7464737 ], [ -92.7233084, 41.7464861 ], [ -92.7233501, 41.7464865 ], [ -92.7233486, 41.7465644 ], [ -92.7233932, 41.7465647 ], [ -92.7233928, 41.7464922 ], [ -92.7236603, 41.7464968 ], [ -92.7236632, 41.7466667 ], [ -92.7233353, 41.7466633 ], [ -92.7233089, 41.746663 ], [ -92.7233093, 41.7467829 ], [ -92.7233109, 41.7472915 ], [ -92.7233112, 41.7474047 ], [ -92.7231826, 41.7474075 ], [ -92.7231799, 41.7473976 ], [ -92.7231837, 41.7470652 ], [ -92.7231866, 41.746781 ], [ -92.7231878, 41.7464004 ], [ -92.7231853, 41.7462909 ], [ -92.7233078, 41.7462912 ], [ -92.7236717, 41.7462886 ] ] ] } },
{ "type": "Feature", "properties": { "name": "", "landuse": "", "leisure": "", "natural": "", "boundary": "", "amenity": "parking", "type": "District System", "district_system_type": "Central Hot Water", "slope_category": "flat" }, "geometry": { "type": "Polygon", "coordinates": [ [ [ -92.7252941, 41.7368632 ], [ -92.7252849, 41.7369127 ], [ -92.7252869, 41.736952 ], [ -92.7256175, 41.7369427 ], [ -92.7256151, 41.7370535 ], [ -92.725611, 41.73713 ], [ -92.7257017, 41.7372649 ], [ -92.7257511, 41.7372688 ], [ -92.725751, 41.7372497 ], [ -92.7257495, 41.7370701 ], [ -92.7257481, 41.7368976 ], [ -92.7257478, 41.7368637 ], [ -92.7256104, 41.7368625 ], [ -92.7252941, 41.7368632 ] ] ] } },
{ "type": "Feature", "properties": { "name": "", "landuse": "", "leisure": "", "natural": "", "boundary": "", "amenity": "parking", "type": "District System", "district_system_type": "Central Hot Water", "slope_category": "flat" }, "geometry": { "type": "Polygon", "coordinates": [ [ [ -92.7256106, 41.736721 ], [ -92.7257458, 41.7366237 ], [ -92.7257442, 41.7364382 ], [ -92.725742, 41.7361653 ], [ -92.7256025, 41.7362622 ], [ -92.7256076, 41.7366679 ], [ -92.7256106, 41.736721 ] ] ] } },
{ "type": "Feature", "properties": { "name": "", "landuse": "", "leisure": "", "natural": "", "boundary": "", "amenity": "parking", "type": "District System", "district_system_type": "Central Hot Water", "slope_category": "flat" }, "geometry": { "type": "Polygon", "coordinates": [ [ [ -92.72749, 41.7469907 ], [ -92.7275002, 41.7469908 ], [ -92.7275728, 41.7469915 ], [ -92.727575, 41.7469074 ], [ -92.7275757, 41.7468819 ], [ -92.7274949, 41.7468783 ], [ -92.7274852, 41.7468779 ], [ -92.7274864, 41.7469065 ], [ -92.7274877, 41.7469363 ], [ -92.72749, 41.7469907 ] ] ] } },
{ "type": "Feature", "properties": { "name": "", "landuse": "", "leisure": "", "natural": "", "boundary": "", "amenity": "parking", "type": "District System", "district_system_type": "Central Hot Water", "slope_category": "flat" }, "geometry": { "type": "Polygon", "coordinates": [ [ [ -92.7280165, 41.7466557 ], [ -92.7279186, 41.7466501 ], [ -92.7279186, 41.7465422 ], [ -92.7280923, 41.7465412 ], [ -92.7281401, 41.7465601 ], [ -92.7281682, 41.7465704 ], [ -92.7282084, 41.7465701 ], [ -92.7282093, 41.7466114 ], [ -92.7282048, 41.7466543 ], [ -92.728174, 41.7466545 ], [ -92.7280165, 41.7466557 ] ] ] } },
{ "type": "Feature", "properties": { "name": "", "landuse": "", "leisure": "", "natural": "", "boundary": "", "amenity": "parking", "type": "District System", "district_system_type": "Central Hot Water", "slope_category": "flat" }, "geometry": { "type": "Polygon", "coordinates": [ [ [ -92.7332392, 41.7467057 ], [ -92.733388, 41.7467118 ], [ -92.733387, 41.7467971 ], [ -92.7333867, 41.746824 ], [ -92.733235, 41.7468245 ], [ -92.7332359, 41.7467992 ], [ -92.7332392, 41.7467057 ] ] ] } },
{ "type": "Feature", "properties": { "name": "", "landuse": "", "leisure": "", "natural": "", "boundary": "", "amenity": "parking", "type": "District System", "district_system_type": "Central Hot Water", "slope_category": "flat" }, "geometry": { "type": "Polygon", "coordinates": [ [ [ -92.7332368, 41.7474463 ], [ -92.7331007, 41.7474597 ], [ -92.7331011, 41.7475643 ], [ -92.7331013, 41.7476216 ], [ -92.7331014, 41.7476605 ], [ -92.7332373, 41.7476609 ], [ -92.7332393, 41.7475649 ], [ -92.7332368, 41.7474463 ] ] ] } },
{ "type": "Feature", "properties": { "name": "", "landuse": "", "leisure": "", "natural": "", "boundary": "", "amenity": "parking", "type": "District System", "district_system_type": "Central Hot Water", "slope_category": "flat" }, "geometry": { "type": "Polygon", "coordinates": [ [ [ -92.7332372, 41.7471171 ], [ -92.7331782, 41.7471198 ], [ -92.7330996, 41.7471233 ], [ -92.7330999, 41.7472014 ], [ -92.7331002, 41.7473001 ], [ -92.7331002, 41.7473076 ], [ -92.7331164, 41.7473084 ], [ -92.7331842, 41.7473119 ], [ -92.7332375, 41.7473147 ], [ -92.7332373, 41.7472891 ], [ -92.7332372, 41.7471171 ] ] ] } },
{ "type": "Feature", "properties": { "name": "", "landuse": "", "leisure": "", "natural": "", "boundary": "", "amenity": "parking", "type": "District System", "district_system_type": "Central Hot Water", "slope_category": "flat" }, "geometry": { "type": "Polygon", "coordinates": [ [ [ -92.7303009, 41.7416077 ], [ -92.7304193, 41.7415485 ], [ -92.7304191, 41.7414867 ], [ -92.7304186, 41.7413569 ], [ -92.7302962, 41.7414429 ], [ -92.7303009, 41.7416077 ] ] ] } },
{ "type": "Feature", "properties": { "name": "", "landuse": "", "leisure": "", "natural": "", "boundary": "", "amenity": "parking", "type": "District System", "district_system_type": "Central Hot Water", "slope_category": "mild" }, "geometry": { "type": "Polygon", "coordinates": [ [ [ -92.7301127, 41.7373333 ], [ -92.7300416, 41.7374299 ], [ -92.7302138, 41.7374292 ], [ -92.730256, 41.737429 ], [ -92.7303231, 41.7374288 ], [ -92.7303943, 41.7374285 ], [ -92.7303145, 41.7373331 ], [ -92.7302118, 41.7373328 ], [ -92.7301664, 41.737333 ], [ -92.7301127, 41.7373333 ] ] ] } },
{ "type": "Feature", "properties": { "name": "", "landuse": "", "leisure": "", "natural": "", "boundary": "", "amenity": "parking", "type": "District System", "district_system_type": "Central Hot Water", "slope_category": "mild" }, "geometry": { "type": "Polygon", "coordinates": [ [ [ -92.7192912, 41.7496399 ], [ -92.7191848, 41.7496042 ], [ -92.7192016, 41.7494902 ], [ -92.7192917, 41.7495181 ], [ -92.7192912, 41.7496399 ] ] ] } },
{ "type": "Feature", "properties": { "name": "Lot C; Parking Lot D", "landuse": "", "leisure": "", "natural": "", "boundary": "", "amenity": "parking", "type": "District System", "district_system_type": "Central Hot Water", "slope_category": "flat" }, "geometry": { "type": "MultiPolygon", "coordinates": [ [ [ [ -92.7233128, 41.7479619 ], [ -92.7233131, 41.7480916 ], [ -92.7232806, 41.7480914 ], [ -92.7231726, 41.748091 ], [ -92.7231684, 41.7478247 ], [ -92.7231732, 41.7477982 ], [ -92.7231763, 41.747746 ], [ -92.7231891, 41.7477443 ], [ -92.7232543, 41.7477462 ], [ -92.7233122, 41.7477419 ], [ -92.7233124, 41.7478002 ], [ -92.7233128, 41.7479619 ] ] ], [ [ [ -92.7226725, 41.7482567 ], [ -92.7226719, 41.7481647 ], [ -92.7226715, 41.7480832 ], [ -92.7231348, 41.7480818 ], [ -92.7231352, 41.7481672 ], [ -92.7231718, 41.7481671 ], [ -92.7231721, 41.7482136 ], [ -92.7231619, 41.7482136 ], [ -92.7231619, 41.7482242 ], [ -92.7233123, 41.7482255 ], [ -92.7233141, 41.7484774 ], [ -92.7231635, 41.7484783 ], [ -92.723163, 41.7483931 ], [ -92.7231621, 41.7482552 ], [ -92.7228251, 41.7482562 ], [ -92.7226725, 41.7482567 ] ] ], [ [ [ -92.7231639, 41.7485325 ], [ -92.7233142, 41.7485306 ], [ -92.7233143, 41.7485576 ], [ -92.7233159, 41.7489264 ], [ -92.7231663, 41.7489268 ], [ -92.723165, 41.7487139 ], [ -92.7231639, 41.7485325 ] ] ] ] } },
{ "type": "Feature", "properties": { "name": "", "landuse": "", "leisure": "", "natural": "", "boundary": "", "amenity": "parking", "type": "District System", "district_system_type": "Central Hot Water", "slope_category": "mild" }, "geometry": { "type": "Polygon", "coordinates": [ [ [ -92.7194197, 41.7492641 ], [ -92.7194037, 41.7492626 ], [ -92.7193375, 41.7492622 ], [ -92.7192928, 41.7492625 ], [ -92.7192927, 41.749291 ], [ -92.7192925, 41.7493265 ], [ -92.7192924, 41.749364 ], [ -92.7192922, 41.7493984 ], [ -92.7192921, 41.7494379 ], [ -92.7192919, 41.7494834 ], [ -92.7192918, 41.7494962 ], [ -92.7194177, 41.7494969 ], [ -92.7194178, 41.7494931 ], [ -92.7194177, 41.749438 ], [ -92.7194181, 41.7493991 ], [ -92.7194185, 41.7493639 ], [ -92.7194189, 41.749331 ], [ -92.719419, 41.7493262 ], [ -92.7194194, 41.749291 ], [ -92.7194197, 41.7492641 ] ] ] } },
{ "type": "Feature", "properties": { "name": "", "landuse": "", "leisure": "", "natural": "", "boundary": "", "amenity": "parking", "type": "District System", "district_system_type": "Central Hot Water", "slope_category": "flat" }, "geometry": { "type": "Polygon", "coordinates": [ [ [ -92.7217095, 41.7462592 ], [ -92.7217116, 41.7461726 ], [ -92.7218838, 41.7461749 ], [ -92.7218817, 41.7462615 ], [ -92.7217095, 41.7462592 ] ] ] } },
{ "type": "Feature", "properties": { "name": "", "landuse": "", "leisure": "", "natural": "", "boundary": "", "amenity": "parking", "type": "District System", "district_system_type": "Central Hot Water", "slope_category": "flat" }, "geometry": { "type": "Polygon", "coordinates": [ [ [ -92.706511, 41.7462741 ], [ -92.7065125, 41.7463641 ], [ -92.7068554, 41.7463667 ], [ -92.7068541, 41.7462765 ], [ -92.706511, 41.7462741 ] ] ] } },
{ "type": "Feature", "properties": { "name": "", "landuse": "", "leisure": "", "natural": "", "boundary": "", "amenity": "parking", "type": "District System", "district_system_type": "Central Hot Water", "slope_category": "flat" }, "geometry": { "type": "Polygon", "coordinates": [ [ [ -92.7269188, 41.7595838 ], [ -92.7270348, 41.7596223 ], [ -92.7271341, 41.7594833 ], [ -92.7270331, 41.7594394 ], [ -92.727003, 41.7594775 ], [ -92.7269188, 41.7595838 ] ] ] } },
{ "type": "Feature", "properties": { "name": "", "landuse": "", "leisure": "", "natural": "", "boundary": "", "amenity": "parking", "type": "District System", "district_system_type": "Central Hot Water", "slope_category": "flat" }, "geometry": { "type": "Polygon", "coordinates": [ [ [ -92.7270386, 41.7596332 ], [ -92.7269114, 41.7596716 ], [ -92.7269677, 41.7597226 ], [ -92.7270009, 41.759776 ], [ -92.7270286, 41.7598193 ], [ -92.7271482, 41.7597891 ], [ -92.7270386, 41.7596332 ] ] ] } },
{ "type": "Feature", "properties": { "name": "", "landuse": "", "leisure": "", "natural": "", "boundary": "", "amenity": "parking", "type": "District System", "district_system_type": "Central Hot Water", "slope_category": "flat" }, "geometry": { "type": "Polygon", "coordinates": [ [ [ -92.7268661, 41.7601564 ], [ -92.7268527, 41.7601259 ], [ -92.726818, 41.7600743 ], [ -92.7267726, 41.7600753 ], [ -92.72656, 41.7600796 ], [ -92.7265375, 41.7600791 ], [ -92.7265351, 41.7601673 ], [ -92.7265787, 41.76017 ], [ -92.7266314, 41.7601694 ], [ -92.7266357, 41.7602542 ], [ -92.7268393, 41.7602515 ], [ -92.7268191, 41.7601672 ], [ -92.7268661, 41.7601564 ] ] ] } },
{ "type": "Feature", "properties": { "name": "", "landuse": "", "leisure": "", "natural": "", "boundary": "", "amenity": "parking", "type": "District System", "district_system_type": "Central Hot Water", "slope_category": "flat" }, "geometry": { "type": "Polygon", "coordinates": [ [ [ -92.7268553, 41.75909 ], [ -92.726849, 41.7591776 ], [ -92.7267717, 41.7591756 ], [ -92.7265366, 41.7591695 ], [ -92.7265432, 41.7590877 ], [ -92.7266015, 41.7590884 ], [ -92.7266717, 41.7590888 ], [ -92.7266732, 41.7590018 ], [ -92.7268456, 41.7590013 ], [ -92.7268553, 41.75909 ] ] ] } },
{ "type": "Feature", "properties": { "name": "", "landuse": "", "leisure": "", "natural": "", "boundary": "", "amenity": "parking", "type": "District System", "district_system_type": "Central Hot Water", "slope_category": "flat" }, "geometry": { "type": "Polygon", "coordinates": [ [ [ -92.7279467, 41.7460581 ], [ -92.7279469, 41.74599 ], [ -92.7280679, 41.7459898 ], [ -92.7280683, 41.7460025 ], [ -92.72807, 41.7460583 ], [ -92.7279656, 41.7460581 ], [ -92.7279467, 41.7460581 ] ] ] } },
{ "type": "Feature", "properties": { "name": "", "landuse": "", "leisure": "", "natural": "", "boundary": "", "amenity": "parking", "type": "District System", "district_system_type": "Central Hot Water", "slope_category": "flat" }, "geometry": { "type": "Polygon", "coordinates": [ [ [ -92.7325096, 41.7471503 ], [ -92.7326397, 41.74715 ], [ -92.732625, 41.7472986 ], [ -92.7325096, 41.7473 ], [ -92.7325138, 41.7472908 ], [ -92.7325096, 41.7471503 ] ] ] } },
{ "type": "Feature", "properties": { "name": "", "landuse": "", "leisure": "", "natural": "", "boundary": "", "amenity": "parking", "type": "District System", "district_system_type": "Central Hot Water", "slope_category": "flat" }, "geometry": { "type": "Polygon", "coordinates": [ [ [ -92.737585, 41.7463971 ], [ -92.7375841, 41.7464714 ], [ -92.7376726, 41.7464722 ], [ -92.7376733, 41.7465269 ], [ -92.7379208, 41.7465331 ], [ -92.7381492, 41.746535 ], [ -92.738149, 41.7465238 ], [ -92.7382532, 41.7465246 ], [ -92.7382595, 41.7469993 ], [ -92.738155, 41.7469998 ], [ -92.7381554, 41.7470361 ], [ -92.737923, 41.7470363 ], [ -92.7378744, 41.7470321 ], [ -92.7376784, 41.7470178 ], [ -92.7374674, 41.7470119 ], [ -92.7371999, 41.7470137 ], [ -92.7371442, 41.7470135 ], [ -92.7371414, 41.7463976 ], [ -92.737585, 41.7463971 ] ] ] } },
{ "type": "Feature", "properties": { "name": "", "landuse": "", "leisure": "", "natural": "", "boundary": "", "amenity": "parking", "type": "District System", "district_system_type": "Central Hot Water", "slope_category": "flat" }, "geometry": { "type": "Polygon", "coordinates": [ [ [ -92.7387312, 41.7466762 ], [ -92.7387194, 41.746653 ], [ -92.7387172, 41.7463324 ], [ -92.7387813, 41.7462967 ], [ -92.7388102, 41.7462962 ], [ -92.73896, 41.746259 ], [ -92.7390037, 41.7462761 ], [ -92.7390846, 41.7462802 ], [ -92.7391086, 41.7462687 ], [ -92.7392611, 41.7463243 ], [ -92.739318, 41.7463236 ], [ -92.7393343, 41.7467574 ], [ -92.7393314, 41.7468434 ], [ -92.7392952, 41.7468708 ], [ -92.7389522, 41.7468646 ], [ -92.7388345, 41.7468203 ], [ -92.7387813, 41.7467423 ], [ -92.7387312, 41.7466762 ] ], [ [ -92.7390625, 41.7463345 ], [ -92.7390626, 41.7463237 ], [ -92.7390088, 41.7463235 ], [ -92.7390087, 41.7463347 ], [ -92.7389259, 41.7463344 ], [ -92.7389251, 41.7464988 ], [ -92.7391428, 41.7464994 ], [ -92.7391437, 41.7463347 ], [ -92.7390625, 41.7463345 ] ] ] } },
{ "type": "Feature", "properties": { "name": "", "landuse": "", "leisure": "", "natural": "", "boundary": "", "amenity": "parking", "type": "District System", "district_system_type": "Central Hot Water", "slope_category": "flat" }, "geometry": { "type": "Polygon", "coordinates": [ [ [ -92.7366748, 41.7462755 ], [ -92.7366746, 41.7463448 ], [ -92.7366813, 41.7464232 ], [ -92.7363586, 41.746425 ], [ -92.7363577, 41.7463454 ], [ -92.7363351, 41.7463455 ], [ -92.7363376, 41.7462733 ], [ -92.7366748, 41.7462755 ] ] ] } },
{ "type": "Feature", "properties": { "name": "", "landuse": "", "leisure": "", "natural": "", "boundary": "", "amenity": "parking", "type": "District System", "district_system_type": "Central Hot Water", "slope_category": "flat" }, "geometry": { "type": "Polygon", "coordinates": [ [ [ -92.7409752, 41.7463034 ], [ -92.7409733, 41.7463652 ], [ -92.7409372, 41.7463989 ], [ -92.7409037, 41.7464355 ], [ -92.7409032, 41.7464672 ], [ -92.7413432, 41.7464679 ], [ -92.7413521, 41.7464484 ], [ -92.7414147, 41.7463001 ], [ -92.7409752, 41.7463034 ] ] ] } },
{ "type": "Feature", "properties": { "name": "", "landuse": "", "leisure": "", "natural": "", "boundary": "", "amenity": "parking", "type": "District System", "district_system_type": "Central Hot Water", "slope_category": "flat" }, "geometry": { "type": "Polygon", "coordinates": [ [ [ -92.74241, 41.7463005 ], [ -92.7424051, 41.7464479 ], [ -92.7421802, 41.7464551 ], [ -92.7419903, 41.7464611 ], [ -92.7419687, 41.7463159 ], [ -92.74241, 41.7463005 ] ] ] } },
{ "type": "Feature", "properties": { "name": "", "landuse": "", "leisure": "", "natural": "", "boundary": "", "amenity": "parking", "type": "District System", "district_system_type": "Central Hot Water", "slope_category": "flat" }, "geometry": { "type": "Polygon", "coordinates": [ [ [ -92.7416449, 41.7463242 ], [ -92.7416478, 41.7463518 ], [ -92.7416535, 41.746406 ], [ -92.7418866, 41.7464003 ], [ -92.7418805, 41.7463182 ], [ -92.7418653, 41.7463185 ], [ -92.7416449, 41.7463242 ] ] ] } },
{ "type": "Feature", "properties": { "name": "", "landuse": "", "leisure": "", "natural": "", "boundary": "", "amenity": "parking", "type": "District System", "district_system_type": "Central Hot Water", "slope_category": "flat" }, "geometry": { "type": "Polygon", "coordinates": [ [ [ -92.7454701, 41.7461658 ], [ -92.7454731, 41.7462695 ], [ -92.7450852, 41.7462735 ], [ -92.7450847, 41.7461627 ], [ -92.7454701, 41.7461658 ] ] ] } },
{ "type": "Feature", "properties": { "name": "", "landuse": "", "leisure": "", "natural": "", "boundary": "", "amenity": "parking", "type": "District System", "district_system_type": "Central Hot Water", "slope_category": "flat" }, "geometry": { "type": "MultiPolygon", "coordinates": [ [ [ [ -92.7178281, 41.7470705 ], [ -92.717828, 41.7471005 ], [ -92.7178286, 41.7471272 ], [ -92.7178288, 41.7471365 ], [ -92.7178339, 41.7475618 ], [ -92.7177124, 41.7475614 ], [ -92.7177112, 41.7474538 ], [ -92.7177095, 41.7473038 ], [ -92.7177075, 41.7471272 ], [ -92.7177069, 41.7470706 ], [ -92.7177066, 41.7470422 ], [ -92.7177586, 41.7470418 ], [ -92.7178157, 41.7470415 ], [ -92.7178278, 41.7470414 ], [ -92.7178281, 41.7470705 ] ] ], [ [ [ -92.7177123, 41.748629 ], [ -92.7177119, 41.7485144 ], [ -92.7177136, 41.7483485 ], [ -92.7177138, 41.7482975 ], [ -92.7177095, 41.7482055 ], [ -92.7177068, 41.7481506 ], [ -92.7177073, 41.7479343 ], [ -92.7177132, 41.7476413 ], [ -92.7178218, 41.7476425 ], [ -92.7178234, 41.7477768 ], [ -92.7178378, 41.7477936 ], [ -92.7178331, 41.74863 ], [ -92.7178356, 41.7487577 ], [ -92.7177102, 41.7487671 ], [ -92.7177123, 41.748629 ] ] ] ] } },
{ "type": "Feature", "properties": { "name": "Lot H", "landuse": "", "leisure": "", "natural": "", "boundary": "", "amenity": "parking", "type": "District System", "district_system_type": "Central Hot Water", "slope_category": "mild" }, "geometry": { "type": "MultiPolygon", "coordinates": [ [ [ [ -92.7215477, 41.751324 ], [ -92.7215463, 41.7513851 ], [ -92.7215005, 41.7513861 ], [ -92.7214367, 41.7513855 ], [ -92.7213834, 41.7513849 ], [ -92.7212977, 41.7513841 ], [ -92.7212968, 41.7512893 ], [ -92.7213336, 41.7512896 ], [ -92.721384, 41.7512894 ], [ -92.7214343, 41.7512901 ], [ -92.7214719, 41.7512907 ], [ -92.7215402, 41.7512917 ], [ -92.7215415, 41.7513115 ], [ -92.7215477, 41.751324 ] ] ], [ [ [ -92.7209465, 41.7513959 ], [ -92.7210408, 41.7513956 ], [ -92.7210392, 41.7515015 ], [ -92.7209454, 41.7515029 ], [ -92.7209465, 41.7513959 ] ] ], [ [ [ -92.7213778, 41.7515901 ], [ -92.7213779, 41.7514978 ], [ -92.7213769, 41.7514335 ], [ -92.7215009, 41.7514335 ], [ -92.721501, 41.7514503 ], [ -92.7215039, 41.7518411 ], [ -92.7213791, 41.7518394 ], [ -92.7213778, 41.7515901 ] ] ], [ [ [ -92.7216223, 41.7517431 ], [ -92.7216224, 41.7517048 ], [ -92.7216226, 41.7516544 ], [ -92.7216616, 41.7516544 ], [ -92.7217034, 41.7516546 ], [ -92.7220975, 41.7516569 ], [ -92.7220977, 41.7518322 ], [ -92.7216181, 41.7518297 ], [ -92.7216223, 41.7517431 ] ] ] ] } },
{ "type": "Feature", "properties": { "name": "Miller Park", "landuse": "", "leisure": "park", "natural": "", "boundary": "", "amenity": "", "type": "District System", "district_system_type": "Central Hot Water", "slope_category": "flat" }, "geometry": { "type": "Polygon", "coordinates": [ [ [ -92.7191378, 41.7354241 ], [ -92.71849, 41.7354267 ], [ -92.718491, 41.7353162 ], [ -92.7185066, 41.7335982 ], [ -92.7185281, 41.7316464 ], [ -92.7216241, 41.731653 ], [ -92.7216115, 41.7330927 ], [ -92.7210772, 41.7330911 ], [ -92.7210185, 41.7359214 ], [ -92.7191427, 41.7359142 ], [ -92.7191378, 41.7354241 ] ] ] } },
{ "type": "Feature", "properties": { "name": "Central Park", "landuse": "", "leisure": "park", "natural": "", "boundary": "", "amenity": "", "type": "District System", "district_system_type": "Central Hot Water", "slope_category": "flat" }, "geometry": { "type": "Polygon", "coordinates": [ [ [ -92.7237776, 41.7431457 ], [ -92.7237557, 41.7431458 ], [ -92.7234281, 41.7431479 ], [ -92.7232848, 41.7431474 ], [ -92.7229548, 41.7431462 ], [ -92.7226397, 41.7431433 ], [ -92.7225831, 41.743142 ], [ -92.7225658, 41.743073 ], [ -92.7225764, 41.7425481 ], [ -92.7225751, 41.7424417 ], [ -92.7225733, 41.7422934 ], [ -92.7225691, 41.7419507 ], [ -92.7225746, 41.7418927 ], [ -92.7225991, 41.7418715 ], [ -92.7226296, 41.7418559 ], [ -92.7226828, 41.7418559 ], [ -92.7235743, 41.7418564 ], [ -92.7237013, 41.7418732 ], [ -92.7239281, 41.741927 ], [ -92.7239607, 41.7419469 ], [ -92.7239788, 41.7419687 ], [ -92.723988, 41.74205 ], [ -92.7239893, 41.7422766 ], [ -92.72399, 41.7423908 ], [ -92.7239905, 41.7424926 ], [ -92.7239927, 41.7428605 ], [ -92.7239934, 41.7429891 ], [ -92.7239936, 41.7430181 ], [ -92.723994, 41.7430919 ], [ -92.7239943, 41.7431472 ], [ -92.7237776, 41.7431457 ] ] ] } },
{ "type": "Feature", "properties": { "name": "Merrill Park", "landuse": "", "leisure": "park", "natural": "", "boundary": "", "amenity": "", "type": "District System", "district_system_type": "Central Hot Water", "slope_category": "flat" }, "geometry": { "type": "Polygon", "coordinates": [ [ [ -92.72422, 41.7543494 ], [ -92.7225871, 41.7543484 ], [ -92.722583428129369, 41.754135352820484 ], [ -92.7226601, 41.7541346 ], [ -92.7226533, 41.753623 ], [ -92.7226267, 41.7536231 ], [ -92.722574604696689, 41.753623404650895 ], [ -92.7225731, 41.7535361 ], [ -92.7244149, 41.7535278 ], [ -92.724549, 41.7535559 ], [ -92.7261347, 41.7535708 ], [ -92.7261818, 41.7535769 ], [ -92.7262453, 41.7535713 ], [ -92.7267529, 41.753572 ], [ -92.7267912, 41.7535805 ], [ -92.7271959, 41.7535825 ], [ -92.7272647, 41.7535392 ], [ -92.7272842, 41.7535356 ], [ -92.7272867, 41.7535251 ], [ -92.7273245, 41.7535271 ], [ -92.7273163, 41.7543416 ], [ -92.72422, 41.7543494 ] ] ] } },
{ "type": "Feature", "properties": { "name": "Poweshiek County 4-H and FFA fairgrounds", "landuse": "fairground", "leisure": "park", "natural": "", "boundary": "", "amenity": "", "type": "District System", "district_system_type": "Central Hot Water", "slope_category": "flat" }, "geometry": { "type": "Polygon", "coordinates": [ [ [ -92.7213886, 41.7272993 ], [ -92.7212263, 41.7274127 ], [ -92.7198637, 41.7274387 ], [ -92.7196656, 41.7279639 ], [ -92.7195933, 41.7286244 ], [ -92.717814, 41.7286058 ], [ -92.7178157, 41.7263292 ], [ -92.7191187, 41.7263127 ], [ -92.7191113, 41.7254562 ], [ -92.719215, 41.7243788 ], [ -92.7214508, 41.7243567 ], [ -92.7213886, 41.7272993 ] ] ] } },
{ "type": "Feature", "properties": { "name": "Summer Street Park", "landuse": "", "leisure": "park", "natural": "", "boundary": "", "amenity": "", "type": "District System", "district_system_type": "Central Hot Water", "slope_category": "flat" }, "geometry": { "type": "Polygon", "coordinates": [ [ [ -92.714579, 41.7412224 ], [ -92.7130749, 41.7412264 ], [ -92.7130818, 41.7417264 ], [ -92.712855, 41.7417236 ], [ -92.7128392, 41.7410037 ], [ -92.7127996, 41.739337 ], [ -92.713959, 41.739587 ], [ -92.7139703, 41.7406095 ], [ -92.7145891, 41.7406118 ], [ -92.714579, 41.7412224 ] ] ] } },
{ "type": "Feature", "properties": { "name": "Bailey Park", "landuse": "", "leisure": "park", "natural": "", "boundary": "", "amenity": "", "type": "District System", "district_system_type": "Central Hot Water", "slope_category": "flat" }, "geometry": { "type": "Polygon", "coordinates": [ [ [ -92.7361105, 41.7475804 ], [ -92.7361135, 41.7481264 ], [ -92.736046, 41.7481262 ], [ -92.7360477, 41.7486138 ], [ -92.7360485, 41.7488545 ], [ -92.736109, 41.7488538 ], [ -92.7361147, 41.7489651 ], [ -92.7360561, 41.7489703 ], [ -92.7360073, 41.7489886 ], [ -92.7347557, 41.7489801 ], [ -92.7347569, 41.7489154 ], [ -92.7348212, 41.7489157 ], [ -92.7348221, 41.7478974 ], [ -92.7347597, 41.7478976 ], [ -92.734762, 41.7476997 ], [ -92.7347932, 41.74767 ], [ -92.7348452, 41.7476694 ], [ -92.7348447, 41.7475809 ], [ -92.7347814, 41.7475648 ], [ -92.7361105, 41.7475804 ] ] ] } },
{ "type": "Feature", "properties": { "name": "Van Horn Park", "landuse": "", "leisure": "park", "natural": "", "boundary": "", "amenity": "", "type": "District System", "district_system_type": "Central Hot Water", "slope_category": "flat" }, "geometry": { "type": "Polygon", "coordinates": [ [ [ -92.7317219, 41.7606042 ], [ -92.7317198, 41.7602543 ], [ -92.7293078, 41.7602662 ], [ -92.7293066, 41.7601713 ], [ -92.729485, 41.7601725 ], [ -92.729468, 41.7592834 ], [ -92.7293354, 41.7592815 ], [ -92.7293224, 41.7586123 ], [ -92.7288877, 41.7586112 ], [ -92.7288964, 41.7579155 ], [ -92.7289933, 41.7579101 ], [ -92.7289951, 41.7582142 ], [ -92.729952, 41.7588817 ], [ -92.7301864, 41.7589801 ], [ -92.7303353, 41.7589911 ], [ -92.7303583, 41.7593174 ], [ -92.7315036, 41.7593219 ], [ -92.7321913, 41.7593205 ], [ -92.732209, 41.760604 ], [ -92.7317219, 41.7606042 ] ] ] } },
{ "type": "Feature", "properties": { "name": "; Ahrens/Paschall Memorial Park", "landuse": "farmland", "leisure": "park", "natural": "", "boundary": "", "amenity": "", "type": "District System", "district_system_type": "Central Hot Water", "slope_category": "flat" }, "geometry": { "type": "Polygon", "coordinates": [ [ [ -92.7078929, 41.7489615 ], [ -92.70795, 41.748963 ], [ -92.7079467, 41.7515493 ], [ -92.707876, 41.7515483 ], [ -92.70789, 41.7533512 ], [ -92.7078832, 41.7538495 ], [ -92.707886, 41.7543314 ], [ -92.7078825, 41.7550591 ], [ -92.7078301, 41.7551463 ], [ -92.7078282, 41.7540047 ], [ -92.7078272, 41.7539676 ], [ -92.7078257, 41.753936 ], [ -92.7074663, 41.7539396 ], [ -92.7074655, 41.7555803 ], [ -92.7078265, 41.7555767 ], [ -92.7079526, 41.7555802 ], [ -92.7079519, 41.7563236 ], [ -92.7056891, 41.7563139 ], [ -92.7031568, 41.7563107 ], [ -92.7031485, 41.7569855 ], [ -92.7031451, 41.7605094 ], [ -92.7011479, 41.7605113 ], [ -92.7010937, 41.759323 ], [ -92.6998149, 41.7593472 ], [ -92.6997933, 41.7605355 ], [ -92.6979156, 41.7605284 ], [ -92.6978664, 41.7604605 ], [ -92.6978204, 41.760244 ], [ -92.697798, 41.7601824 ], [ -92.697495, 41.7598723 ], [ -92.6974265, 41.7597512 ], [ -92.6974153, 41.7596145 ], [ -92.6968736, 41.7596 ], [ -92.6968977, 41.7602218 ], [ -92.6967238, 41.7602196 ], [ -92.6967143, 41.7605527 ], [ -92.6757997, 41.7604547 ], [ -92.6754313, 41.7602526 ], [ -92.6750736, 41.7598969 ], [ -92.6744993, 41.7595978 ], [ -92.6739899, 41.7595089 ], [ -92.6739357, 41.7597837 ], [ -92.673784, 41.7604466 ], [ -92.6692432, 41.7604385 ], [ -92.6694058, 41.7467916 ], [ -92.670793, 41.7467754 ], [ -92.6707279, 41.746169 ], [ -92.6747052, 41.7461609 ], [ -92.6747269, 41.7472605 ], [ -92.6758431, 41.7471392 ], [ -92.676114, 41.7470018 ], [ -92.6761574, 41.7467673 ], [ -92.676049, 41.7462094 ], [ -92.6776312, 41.7462175 ], [ -92.6776637, 41.7465166 ], [ -92.6775229, 41.7465894 ], [ -92.677382, 41.7466945 ], [ -92.6774578, 41.747018 ], [ -92.6790401, 41.7470099 ], [ -92.6790509, 41.7462579 ], [ -92.6869079, 41.7462175 ], [ -92.6869729, 41.7478993 ], [ -92.6887502, 41.7479235 ], [ -92.6887177, 41.7462337 ], [ -92.6963037, 41.7462417 ], [ -92.6963037, 41.7475759 ], [ -92.6970298, 41.7475193 ], [ -92.6970515, 41.747689 ], [ -92.699143, 41.747689 ], [ -92.6993815, 41.7475597 ], [ -92.6996415, 41.747778 ], [ -92.6999558, 41.7475839 ], [ -92.7009312, 41.7476163 ], [ -92.700942, 41.7462337 ], [ -92.7019824, 41.7462579 ], [ -92.7019607, 41.7483601 ], [ -92.7023292, 41.7483682 ], [ -92.7025242, 41.7484895 ], [ -92.7027627, 41.7485946 ], [ -92.7031094, 41.7486108 ], [ -92.7031196, 41.7488564 ], [ -92.7070115, 41.7488578 ], [ -92.7070094, 41.748927 ], [ -92.7070127, 41.7489888 ], [ -92.707719, 41.74899 ], [ -92.7077503, 41.748927 ], [ -92.7077881, 41.748858 ], [ -92.7078936, 41.7488596 ], [ -92.7078929, 41.7489615 ] ], [ [ -92.7067035, 41.7523039 ], [ -92.7067023, 41.7520564 ], [ -92.7067006, 41.7517199 ], [ -92.7067001, 41.7516266 ], [ -92.7067003, 41.7515317 ], [ -92.7067083, 41.7515127 ], [ -92.7066787, 41.7515127 ], [ -92.7062851, 41.751511 ], [ -92.70629, 41.7523761 ], [ -92.7062871, 41.7527706 ], [ -92.7063634, 41.7527874 ], [ -92.7063618, 41.7528298 ], [ -92.7062505, 41.7529722 ], [ -92.7061741, 41.7530122 ], [ -92.706143, 41.7530854 ], [ -92.7061394, 41.7531358 ], [ -92.7061777, 41.7531924 ], [ -92.7062566, 41.7532316 ], [ -92.706319, 41.7532423 ], [ -92.7063663, 41.7532428 ], [ -92.7064182, 41.7532288 ], [ -92.7065515, 41.7530869 ], [ -92.7065905, 41.7529963 ], [ -92.7066471, 41.7529214 ], [ -92.7066549, 41.7528961 ], [ -92.7066476, 41.7527895 ], [ -92.7067168, 41.7527895 ], [ -92.7067186, 41.752371 ], [ -92.7067035, 41.7523039 ] ] ] } },
{ "type": "Feature", "properties": { "name": "Arbor Lake Park; Thomazin Park; ", "landuse": "farmland", "leisure": "park", "natural": "", "boundary": "", "amenity": "", "type": "District System", "district_system_type": "Central Hot Water", "slope_category": "mild" }, "geometry": { "type": "Polygon", "coordinates": [ [ [ -92.7276407, 41.7270023 ], [ -92.7275867, 41.7267971 ], [ -92.7276107, 41.725567 ], [ -92.7355788, 41.725555 ], [ -92.7355859, 41.7280592 ], [ -92.7371098, 41.7280598 ], [ -92.7369908, 41.7315262 ], [ -92.7342805, 41.7315139 ], [ -92.7342622, 41.7352758 ], [ -92.7340486, 41.7352758 ], [ -92.7340482, 41.7358745 ], [ -92.73386, 41.7358744 ], [ -92.7333621, 41.7358743 ], [ -92.7333621, 41.7359648 ], [ -92.7333613, 41.73739 ], [ -92.7333544, 41.7388489 ], [ -92.7324766, 41.7388444 ], [ -92.7324481, 41.7373892 ], [ -92.7322043, 41.737389 ], [ -92.7322047, 41.7360699 ], [ -92.7322047, 41.7359717 ], [ -92.732192, 41.7352333 ], [ -92.7321782, 41.7344631 ], [ -92.7321771, 41.7341061 ], [ -92.7321759, 41.7337492 ], [ -92.7318609, 41.7337517 ], [ -92.7315273, 41.7337452 ], [ -92.7312987, 41.7337408 ], [ -92.7312016, 41.7337389 ], [ -92.731196, 41.733061 ], [ -92.7311955, 41.7329814 ], [ -92.7305749, 41.7329836 ], [ -92.7302748, 41.7329845 ], [ -92.7302722, 41.7328791 ], [ -92.7302687, 41.732583 ], [ -92.7302681, 41.7322589 ], [ -92.7302642, 41.7321346 ], [ -92.7280089, 41.7321415 ], [ -92.7274703, 41.7321435 ], [ -92.7274696, 41.7320394 ], [ -92.7274938, 41.731997 ], [ -92.7274851, 41.7319685 ], [ -92.7274714, 41.7319217 ], [ -92.7274492, 41.7318216 ], [ -92.7274354, 41.7317102 ], [ -92.7274486, 41.7316174 ], [ -92.7287239, 41.7316174 ], [ -92.7287176, 41.7310134 ], [ -92.7275847, 41.7310027 ], [ -92.7275889, 41.7306864 ], [ -92.7275862, 41.7303311 ], [ -92.728713, 41.7303198 ], [ -92.728708, 41.730002 ], [ -92.7288666, 41.730007 ], [ -92.7295339, 41.7306905 ], [ -92.7292813, 41.73069 ], [ -92.7292827, 41.7312747 ], [ -92.7299173, 41.7312749 ], [ -92.7299177, 41.7306913 ], [ -92.7308272, 41.7306916 ], [ -92.7317891, 41.730692 ], [ -92.7317897, 41.7298325 ], [ -92.7286763, 41.7298319 ], [ -92.7286731, 41.7297527 ], [ -92.7286623, 41.729482 ], [ -92.7286449, 41.7290199 ], [ -92.7286528, 41.7285743 ], [ -92.7286593, 41.7284926 ], [ -92.7286745, 41.7284141 ], [ -92.7286782, 41.7280129 ], [ -92.727585, 41.7280087 ], [ -92.7275915, 41.7275964 ], [ -92.7276392, 41.7273392 ], [ -92.7276407, 41.7270023 ] ], [ [ -92.732992, 41.7360585 ], [ -92.7329919, 41.7358426 ], [ -92.7325498, 41.7358446 ], [ -92.7325218, 41.7358491 ], [ -92.732538, 41.7359626 ], [ -92.7325449, 41.7360497 ], [ -92.732992, 41.7360585 ] ] ] } },
{ "type": "Feature", "properties": { "name": "", "landuse": "farmland", "leisure": "", "natural": "", "boundary": "", "amenity": "", "type": "District System", "district_system_type": "Central Hot Water", "slope_category": "flat" }, "geometry": { "type": "Polygon", "coordinates": [ [ [ -92.7082032, 41.7551834 ], [ -92.7081549, 41.7551569 ], [ -92.7081526, 41.7549484 ], [ -92.7093694, 41.7549489 ], [ -92.7093695, 41.7540978 ], [ -92.7101872, 41.7540856 ], [ -92.7110168, 41.7541319 ], [ -92.7126062, 41.7540926 ], [ -92.7127752, 41.7541516 ], [ -92.7128403, 41.7542707 ], [ -92.7128372, 41.7546825 ], [ -92.7128124, 41.7547751 ], [ -92.7127349, 41.754826 ], [ -92.712541, 41.7548364 ], [ -92.7124154, 41.754782 ], [ -92.7123581, 41.7547994 ], [ -92.7123534, 41.7548711 ], [ -92.7124434, 41.7549405 ], [ -92.7124992, 41.7550319 ], [ -92.7125736, 41.7551348 ], [ -92.7125907, 41.7552381 ], [ -92.7126002, 41.7553017 ], [ -92.7127659, 41.7555065 ], [ -92.7127635, 41.7556513 ], [ -92.7128695, 41.7570441 ], [ -92.7130228, 41.7570441 ], [ -92.7154017, 41.7570448 ], [ -92.7176598, 41.757056 ], [ -92.7174367, 41.7583704 ], [ -92.7171554, 41.7585023 ], [ -92.7171067, 41.7587088 ], [ -92.7174257, 41.7588725 ], [ -92.7174248, 41.758911 ], [ -92.7174276, 41.7605254 ], [ -92.7124898, 41.760478 ], [ -92.712487, 41.7603523 ], [ -92.7119659, 41.7603631 ], [ -92.7119695, 41.7600607 ], [ -92.7112403, 41.7600418 ], [ -92.7112602, 41.7597773 ], [ -92.7128127, 41.7598043 ], [ -92.7128509, 41.758857 ], [ -92.715561, 41.7587937 ], [ -92.7155062, 41.7586981 ], [ -92.7101658, 41.7585946 ], [ -92.7094303, 41.7582634 ], [ -92.7094309, 41.7581571 ], [ -92.7094348, 41.7570431 ], [ -92.7092486, 41.757022 ], [ -92.7091463, 41.7569731 ], [ -92.7091284, 41.7569191 ], [ -92.7090992, 41.756483 ], [ -92.7090282, 41.7564495 ], [ -92.7082992, 41.7564618 ], [ -92.7082163, 41.7564353 ], [ -92.7081761, 41.7563206 ], [ -92.7081311, 41.7552699 ], [ -92.7122806, 41.7552822 ], [ -92.7123374, 41.7552399 ], [ -92.7122946, 41.7551934 ], [ -92.7082032, 41.7551834 ] ] ] } },
{ "type": "Feature", "properties": { "name": "Grinnell Mutual Family Aquatic Center; ; Lion's Park", "landuse": "grass", "leisure": "water_park; park", "natural": "wood", "boundary": "", "amenity": "", "type": "District System", "district_system_type": "Central Hot Water", "slope_category": "flat" }, "geometry": { "type": "Polygon", "coordinates": [ [ [ -92.7382599, 41.7470233 ], [ -92.7382595, 41.7469993 ], [ -92.7382532, 41.7465246 ], [ -92.7381781, 41.7464635 ], [ -92.7379648, 41.7464095 ], [ -92.7378617, 41.7464037 ], [ -92.7378567, 41.7462294 ], [ -92.7380001, 41.7462307 ], [ -92.7379966, 41.746247 ], [ -92.7381538, 41.7462451 ], [ -92.7381492, 41.7462316 ], [ -92.7382218, 41.7462242 ], [ -92.7387515, 41.746217 ], [ -92.7387975, 41.7462359 ], [ -92.7388151, 41.7462737 ], [ -92.7388102, 41.7462962 ], [ -92.7387813, 41.7462967 ], [ -92.7387172, 41.7463324 ], [ -92.7387194, 41.746653 ], [ -92.7387312, 41.7466762 ], [ -92.7387813, 41.7467423 ], [ -92.7388345, 41.7468203 ], [ -92.7389522, 41.7468646 ], [ -92.7392952, 41.7468708 ], [ -92.7392677, 41.746929 ], [ -92.7391984, 41.746984 ], [ -92.7392598, 41.7471646 ], [ -92.7393729, 41.7471796 ], [ -92.7394203, 41.7473596 ], [ -92.7394238, 41.7475087 ], [ -92.7394729, 41.7475949 ], [ -92.7394919, 41.7483451 ], [ -92.7389347, 41.7483518 ], [ -92.7389345, 41.7483998 ], [ -92.738816, 41.7483997 ], [ -92.7385398, 41.7490355 ], [ -92.7383241, 41.7490355 ], [ -92.7383376, 41.748957 ], [ -92.7383, 41.7489475 ], [ -92.7382993, 41.7489048 ], [ -92.7381938, 41.7489719 ], [ -92.7363182, 41.7489703 ], [ -92.7363219, 41.7485542 ], [ -92.7370661, 41.7485581 ], [ -92.7370638, 41.7481057 ], [ -92.7378902, 41.7481068 ], [ -92.7378873, 41.7476637 ], [ -92.7379326, 41.7476634 ], [ -92.7379323, 41.7476318 ], [ -92.7379182, 41.7476319 ], [ -92.7379169, 41.7475983 ], [ -92.737886, 41.7475901 ], [ -92.7378839, 41.7474848 ], [ -92.7381251, 41.7474819 ], [ -92.738183, 41.7474608 ], [ -92.7382976, 41.7474569 ], [ -92.7383011, 41.7470615 ], [ -92.7382599, 41.7470233 ] ], [ [ -92.7371048, 41.7486746 ], [ -92.7371065, 41.7485926 ], [ -92.736358, 41.748592 ], [ -92.7363569, 41.7486879 ], [ -92.7363558, 41.7487726 ], [ -92.7371355, 41.7487721 ], [ -92.7371036, 41.7487372 ], [ -92.7371045, 41.7486896 ], [ -92.7371048, 41.7486746 ] ] ] } },
{ "type": "Feature", "properties": { "name": "", "landuse": "farmland", "leisure": "", "natural": "", "boundary": "", "amenity": "", "type": "District System", "district_system_type": "Central Hot Water", "slope_category": "flat" }, "geometry": { "type": "Polygon", "coordinates": [ [ [ -92.7234169, 41.7703338 ], [ -92.7234181, 41.7698443 ], [ -92.7232858, 41.7688576 ], [ -92.7234523, 41.7684343 ], [ -92.723879, 41.7680969 ], [ -92.7243143, 41.7679505 ], [ -92.7271086, 41.7679543 ], [ -92.7271028, 41.7703388 ], [ -92.7234169, 41.7703338 ] ] ] } },
{ "type": "Feature", "properties": { "name": "", "landuse": "farmland", "leisure": "", "natural": "", "boundary": "", "amenity": "", "type": "District System", "district_system_type": "Central Hot Water", "slope_category": "flat" }, "geometry": { "type": "Polygon", "coordinates": [ [ [ -92.722846, 41.7730921 ], [ -92.7228817, 41.7731765 ], [ -92.7232567, 41.7730921 ], [ -92.7237388, 41.7730966 ], [ -92.7238103, 41.7731365 ], [ -92.7235305, 41.7736914 ], [ -92.7236198, 41.7737358 ], [ -92.7239174, 41.7730744 ], [ -92.7250662, 41.7731321 ], [ -92.7244114, 41.7738512 ], [ -92.7244174, 41.7739533 ], [ -92.7245007, 41.7739533 ], [ -92.7249829, 41.7733274 ], [ -92.7251019, 41.7732653 ], [ -92.7251852, 41.7733097 ], [ -92.7251376, 41.7738379 ], [ -92.7252031, 41.7739267 ], [ -92.7252686, 41.7738778 ], [ -92.7253162, 41.7731188 ], [ -92.7266376, 41.773141 ], [ -92.726328, 41.7738512 ], [ -92.7263459, 41.7739755 ], [ -92.7264233, 41.77394 ], [ -92.726578, 41.7736603 ], [ -92.7267745, 41.7731454 ], [ -92.7270602, 41.7731765 ], [ -92.7269662, 41.7780374 ], [ -92.7268757, 41.7791468 ], [ -92.7268042, 41.7792888 ], [ -92.7266495, 41.779311 ], [ -92.7264828, 41.7791246 ], [ -92.718943, 41.7682356 ], [ -92.7190085, 41.7680891 ], [ -92.7192585, 41.7679604 ], [ -92.7199549, 41.7679604 ], [ -92.7200144, 41.768462 ], [ -92.7200918, 41.7687594 ], [ -92.7201572, 41.7689104 ], [ -92.7202465, 41.7689059 ], [ -92.7202644, 41.7688038 ], [ -92.720193, 41.7685996 ], [ -92.7200799, 41.7681557 ], [ -92.720068, 41.7680491 ], [ -92.7201334, 41.7679604 ], [ -92.7224965, 41.7679604 ], [ -92.7224667, 41.7682223 ], [ -92.7222703, 41.7685153 ], [ -92.7219131, 41.7687905 ], [ -92.7217108, 41.7691368 ], [ -92.7216929, 41.7692123 ], [ -92.7217941, 41.7692078 ], [ -92.7218774, 41.7690746 ], [ -92.7221989, 41.7687594 ], [ -92.7225322, 41.7683466 ], [ -92.7226512, 41.7681202 ], [ -92.7226631, 41.7679648 ], [ -92.7237524, 41.7679648 ], [ -92.7235262, 41.768169 ], [ -92.7231274, 41.7686662 ], [ -92.7230857, 41.7690214 ], [ -92.7231869, 41.7693943 ], [ -92.7232702, 41.7697539 ], [ -92.7232286, 41.7702555 ], [ -92.7231869, 41.770362 ], [ -92.7213953, 41.7703754 ], [ -92.7232567, 41.7730122 ], [ -92.722846, 41.7730921 ] ] ] } },
{ "type": "Feature", "properties": { "name": "", "landuse": "farmland", "leisure": "", "natural": "", "boundary": "", "amenity": "", "type": "District System", "district_system_type": "Central Hot Water", "slope_category": "flat" }, "geometry": { "type": "Polygon", "coordinates": [ [ [ -92.7188397, 41.7679427 ], [ -92.7187691, 41.7676494 ], [ -92.7187994, 41.7675442 ], [ -92.7190287, 41.7671063 ], [ -92.7190312, 41.7669916 ], [ -92.719064, 41.766892 ], [ -92.7192, 41.7669371 ], [ -92.7193714, 41.7670818 ], [ -92.7196587, 41.7672623 ], [ -92.7198552, 41.7674352 ], [ -92.7199132, 41.7676137 ], [ -92.7199308, 41.7679239 ], [ -92.7188397, 41.7679427 ] ] ] } },
{ "type": "Feature", "properties": { "name": "", "landuse": "farmland", "leisure": "", "natural": "", "boundary": "", "amenity": "", "type": "District System", "district_system_type": "Central Hot Water", "slope_category": "flat" }, "geometry": { "type": "Polygon", "coordinates": [ [ [ -92.7226475, 41.7628306 ], [ -92.7226124, 41.7627441 ], [ -92.7226228, 41.7624997 ], [ -92.7226546, 41.7617557 ], [ -92.7227178, 41.7617085 ], [ -92.7263315, 41.761724 ], [ -92.7269858, 41.7617268 ], [ -92.7271323, 41.7617845 ], [ -92.727171, 41.7619025 ], [ -92.7271605, 41.7628253 ], [ -92.7226475, 41.7628306 ] ] ] } },
{ "type": "Feature", "properties": { "name": "", "landuse": "farmland", "leisure": "", "natural": "grassland", "boundary": "", "amenity": "", "type": "District System", "district_system_type": "Central Hot Water", "slope_category": "flat" }, "geometry": { "type": "Polygon", "coordinates": [ [ [ -92.7147576, 41.7338409 ], [ -92.7145249, 41.7338194 ], [ -92.7143875, 41.7338239 ], [ -92.7128801, 41.7338249 ], [ -92.712805, 41.7338429 ], [ -92.7127755, 41.733937 ], [ -92.7127862, 41.7350499 ], [ -92.7127755, 41.7351339 ], [ -92.7127641, 41.7352485 ], [ -92.7081976, 41.7352258 ], [ -92.7081426, 41.7352233 ], [ -92.7080957, 41.735218 ], [ -92.7080467, 41.735182 ], [ -92.7080414, 41.7316712 ], [ -92.7081292, 41.7316216 ], [ -92.7163965, 41.7316482 ], [ -92.7163911, 41.7317112 ], [ -92.7163884, 41.7337749 ], [ -92.7163535, 41.7338089 ], [ -92.7147576, 41.7338409 ] ] ] } },
{ "type": "Feature", "properties": { "name": "", "landuse": "farmland", "leisure": "", "natural": "grassland", "boundary": "", "amenity": "", "type": "District System", "district_system_type": "Central Hot Water", "slope_category": "flat" }, "geometry": { "type": "Polygon", "coordinates": [ [ [ -92.6983063, 41.7317853 ], [ -92.6983331, 41.7317232 ], [ -92.6984122, 41.7316822 ], [ -92.7014726, 41.7316502 ], [ -92.7016202, 41.7316612 ], [ -92.7016979, 41.7317763 ], [ -92.7017784, 41.7327631 ], [ -92.7018066, 41.7328111 ], [ -92.7030337, 41.7328121 ], [ -92.7030095, 41.7322597 ], [ -92.7030149, 41.7320615 ], [ -92.7030578, 41.7319414 ], [ -92.7031383, 41.7318153 ], [ -92.7032805, 41.7317292 ], [ -92.7034816, 41.7316812 ], [ -92.7076498, 41.7316882 ], [ -92.7077329, 41.7316862 ], [ -92.7077892, 41.7316962 ], [ -92.7078187, 41.7317252 ], [ -92.7078228, 41.7369033 ], [ -92.7076082, 41.7369103 ], [ -92.7065206, 41.7367392 ], [ -92.7063596, 41.7367392 ], [ -92.7038974, 41.7361247 ], [ -92.7037928, 41.7361427 ], [ -92.7018723, 41.7359586 ], [ -92.7017677, 41.7359466 ], [ -92.6999559, 41.7358915 ], [ -92.6994355, 41.7358715 ], [ -92.6993322, 41.7358635 ], [ -92.6992444, 41.7358575 ], [ -92.6988374, 41.7358715 ], [ -92.6985772, 41.7358875 ], [ -92.6984377, 41.7358865 ], [ -92.6983559, 41.7358405 ], [ -92.698305, 41.7357474 ], [ -92.6983318, 41.732706 ], [ -92.6983532, 41.7325859 ], [ -92.6983063, 41.7317853 ] ] ] } },
{ "type": "Feature", "properties": { "name": "", "landuse": "farmland", "leisure": "", "natural": "grassland", "boundary": "", "amenity": "", "type": "District System", "district_system_type": "Central Hot Water", "slope_category": "flat" }, "geometry": { "type": "Polygon", "coordinates": [ [ [ -92.7564257, 41.7537116 ], [ -92.7564499, 41.7536216 ], [ -92.7565786, 41.7535915 ], [ -92.760838, 41.7536075 ], [ -92.7609875, 41.753609 ], [ -92.7610465, 41.7536331 ], [ -92.7610814, 41.7536786 ], [ -92.7611142, 41.7537631 ], [ -92.761121, 41.7538422 ], [ -92.7611733, 41.7607206 ], [ -92.7578505, 41.7607347 ], [ -92.7563171, 41.7607156 ], [ -92.756353, 41.7569666 ], [ -92.7563632, 41.756945 ], [ -92.7563721, 41.7565309 ], [ -92.7564257, 41.7537116 ] ] ] } },
{ "type": "Feature", "properties": { "name": "", "landuse": "farmland; grass", "leisure": "", "natural": "grassland; wood", "boundary": "", "amenity": "", "type": "District System", "district_system_type": "Central Hot Water", "slope_category": "flat" }, "geometry": { "type": "Polygon", "coordinates": [ [ [ -92.7346746, 41.7585074 ], [ -92.7346639, 41.757819 ], [ -92.7346575, 41.7576673 ], [ -92.7347905, 41.7576705 ], [ -92.7349888, 41.7576562 ], [ -92.73519, 41.7576742 ], [ -92.7383499, 41.7576414 ], [ -92.7383556, 41.7562332 ], [ -92.7383591, 41.7553725 ], [ -92.7395599, 41.7553688 ], [ -92.7404929, 41.7553665 ], [ -92.7406907, 41.7554003 ], [ -92.7407399, 41.7539169 ], [ -92.7410909, 41.7539169 ], [ -92.7410935, 41.7534753 ], [ -92.7418994, 41.7534684 ], [ -92.7464941, 41.7535393 ], [ -92.7465391, 41.7607063 ], [ -92.7465503, 41.7609683 ], [ -92.7465232, 41.760972 ], [ -92.7463184, 41.7607624 ], [ -92.7460203, 41.7607219 ], [ -92.7456952, 41.760775 ], [ -92.7452533, 41.7607472 ], [ -92.7417904, 41.7607384 ], [ -92.741269, 41.7607486 ], [ -92.7416623, 41.7608536 ], [ -92.7421839, 41.7611068 ], [ -92.7426765, 41.7612519 ], [ -92.7438315, 41.7613013 ], [ -92.7443738, 41.7613971 ], [ -92.7450237, 41.7616256 ], [ -92.7457565, 41.7615731 ], [ -92.7459593, 41.7619004 ], [ -92.7451314, 41.7621474 ], [ -92.7446884, 41.7625488 ], [ -92.744796, 41.7626013 ], [ -92.7452763, 41.7622061 ], [ -92.746038, 41.7619714 ], [ -92.7463733, 41.7623358 ], [ -92.7464809, 41.76266 ], [ -92.7464616, 41.7638684 ], [ -92.7461686, 41.7637854 ], [ -92.7459949, 41.7636276 ], [ -92.74552, 41.7633745 ], [ -92.7450777, 41.763079 ], [ -92.7442826, 41.7629373 ], [ -92.7442257, 41.7628098 ], [ -92.7441904, 41.7625406 ], [ -92.7441117, 41.7627005 ], [ -92.7441117, 41.7629029 ], [ -92.7443098, 41.7630527 ], [ -92.7445784, 41.7630892 ], [ -92.7449773, 41.7631276 ], [ -92.7454223, 41.7634393 ], [ -92.7458999, 41.7637024 ], [ -92.7464833, 41.7640081 ], [ -92.7464861, 41.7643967 ], [ -92.743475, 41.7643865 ], [ -92.7434746, 41.7644926 ], [ -92.7437413, 41.7650514 ], [ -92.7437706, 41.7654132 ], [ -92.7437999, 41.7658007 ], [ -92.7435338, 41.7664077 ], [ -92.7395787, 41.7664092 ], [ -92.7396049, 41.7655402 ], [ -92.7390418, 41.765615 ], [ -92.738717, 41.7655617 ], [ -92.738509, 41.7662194 ], [ -92.7382378, 41.7663574 ], [ -92.7370417, 41.7664125 ], [ -92.7370721, 41.7658485 ], [ -92.7369315, 41.7656822 ], [ -92.7369005, 41.7670668 ], [ -92.7368665, 41.7671473 ], [ -92.7367637, 41.7671407 ], [ -92.7359669, 41.7668975 ], [ -92.7354048, 41.7668135 ], [ -92.7347026, 41.7666623 ], [ -92.7341858, 41.7665694 ], [ -92.7336689, 41.7664397 ], [ -92.7335928, 41.7663546 ], [ -92.7333734, 41.7662661 ], [ -92.7325726, 41.7660042 ], [ -92.7322941, 41.765901 ], [ -92.7321852, 41.7657036 ], [ -92.7322353, 41.7653024 ], [ -92.732225, 41.7651399 ], [ -92.7320797, 41.7648496 ], [ -92.7319915, 41.7646793 ], [ -92.7321398, 41.764572 ], [ -92.7321263, 41.7642574 ], [ -92.7321552, 41.7641151 ], [ -92.7311875, 41.7641292 ], [ -92.7311253, 41.7642109 ], [ -92.731048, 41.7645718 ], [ -92.7310785, 41.7648026 ], [ -92.731645, 41.765009 ], [ -92.7319556, 41.7651545 ], [ -92.7320013, 41.7653943 ], [ -92.7319327, 41.7655787 ], [ -92.7317322, 41.7655389 ], [ -92.7307537, 41.7652022 ], [ -92.7295481, 41.7648514 ], [ -92.7298597, 41.7643836 ], [ -92.7299289, 41.7641542 ], [ -92.729986, 41.763659 ], [ -92.7302609, 41.7637259 ], [ -92.7294423, 41.7633765 ], [ -92.7297131, 41.7635603 ], [ -92.7298964, 41.7636135 ], [ -92.7298068, 41.764136 ], [ -92.7294545, 41.7648058 ], [ -92.7286196, 41.7645218 ], [ -92.7290472, 41.7635892 ], [ -92.7293812, 41.7636879 ], [ -92.7290757, 41.7635117 ], [ -92.7289047, 41.7634768 ], [ -92.7290167, 41.7623239 ], [ -92.7288682, 41.7620683 ], [ -92.7284627, 41.7620556 ], [ -92.7284115, 41.7620838 ], [ -92.7283689, 41.7620574 ], [ -92.7283871, 41.761297 ], [ -92.7283795, 41.7612121 ], [ -92.73219, 41.7612204 ], [ -92.7321913, 41.7607998 ], [ -92.732399, 41.7608003 ], [ -92.7325873, 41.7612076 ], [ -92.7328914, 41.7612085 ], [ -92.7334229, 41.7612099 ], [ -92.7346268, 41.7612051 ], [ -92.7346284, 41.7602467 ], [ -92.7346152, 41.7585667 ], [ -92.734684, 41.7585694 ], [ -92.7346746, 41.7585074 ] ], [ [ -92.7406868, 41.7586489 ], [ -92.740686818949214, 41.758648985929369 ], [ -92.7406907, 41.7554003 ], [ -92.7406868, 41.7586489 ] ], [ [ -92.736705, 41.7648148 ], [ -92.7368805, 41.7645412 ], [ -92.7368229, 41.7643243 ], [ -92.7369303, 41.7640644 ], [ -92.7369617, 41.763742 ], [ -92.7368424, 41.7636371 ], [ -92.7367288, 41.7637093 ], [ -92.7365593, 41.7638615 ], [ -92.7363898, 41.7642366 ], [ -92.7360288, 41.7643937 ], [ -92.7359555, 41.7644661 ], [ -92.7358879, 41.7646671 ], [ -92.7357483, 41.7648714 ], [ -92.7354873, 41.7650082 ], [ -92.7354214, 41.7650714 ], [ -92.735219, 41.7653388 ], [ -92.7350735, 41.7654198 ], [ -92.7348847, 41.7654741 ], [ -92.7345676, 41.765413 ], [ -92.7344041, 41.7653093 ], [ -92.7342924, 41.7651603 ], [ -92.7341953, 41.7651194 ], [ -92.7340554, 41.7651078 ], [ -92.7338659, 41.7651461 ], [ -92.7336621, 41.7651619 ], [ -92.7335554, 41.7651502 ], [ -92.7336874, 41.7651999 ], [ -92.7338526, 41.7652036 ], [ -92.7340686, 41.7651887 ], [ -92.7342307, 41.7652265 ], [ -92.734323, 41.7653255 ], [ -92.7344997, 41.7654364 ], [ -92.7346457, 41.7654998 ], [ -92.7349518, 41.7655054 ], [ -92.7352359, 41.7654069 ], [ -92.7355009, 41.7651899 ], [ -92.7359365, 41.7655344 ], [ -92.7361529, 41.7656273 ], [ -92.7356622, 41.7666145 ], [ -92.7357851, 41.7666296 ], [ -92.7362562, 41.765704 ], [ -92.7367973, 41.7648913 ], [ -92.736705, 41.7648148 ] ], [ [ -92.7416268, 41.7615504 ], [ -92.740669369401814, 41.761180560105309 ], [ -92.7406311, 41.761169 ], [ -92.7416268, 41.7615504 ] ], [ [ -92.740686742003376, 41.758713394476473 ], [ -92.740686742003376, 41.758713394476466 ], [ -92.7403871, 41.7586967 ], [ -92.740686742003376, 41.758713394476473 ] ], [ [ -92.7423724, 41.7547473 ], [ -92.7418673, 41.7546205 ], [ -92.7417441, 41.754694 ], [ -92.741919, 41.754876 ], [ -92.7425819, 41.7553631 ], [ -92.7428381, 41.755672 ], [ -92.7434, 41.7556242 ], [ -92.7436415, 41.7554385 ], [ -92.743464, 41.7550249 ], [ -92.7434394, 41.7546995 ], [ -92.7433926, 41.7546756 ], [ -92.743225, 41.7547326 ], [ -92.743023, 41.7550249 ], [ -92.7427297, 41.755001 ], [ -92.7423724, 41.7547473 ] ], [ [ -92.744398, 41.7577197 ], [ -92.7441959, 41.7572694 ], [ -92.7439322, 41.7570286 ], [ -92.7438164, 41.7566793 ], [ -92.74357, 41.7563209 ], [ -92.7432718, 41.7563558 ], [ -92.7433876, 41.7568153 ], [ -92.7431486, 41.757001 ], [ -92.7434936, 41.7573668 ], [ -92.7436316, 41.75783 ], [ -92.7440209, 41.7578355 ], [ -92.744398, 41.7577197 ] ], [ [ -92.7330312, 41.7620488 ], [ -92.7330314, 41.7620382 ], [ -92.73302, 41.7621673 ], [ -92.7330312, 41.7620488 ] ], [ [ -92.7330322, 41.7619902 ], [ -92.733031, 41.7619746 ], [ -92.7330314, 41.7620382 ], [ -92.7330322, 41.7619902 ] ], [ [ -92.7342738, 41.7634331 ], [ -92.7345649, 41.7634575 ], [ -92.7346229, 41.76342 ], [ -92.7342443, 41.7633687 ], [ -92.7336376, 41.7634657 ], [ -92.7334699, 41.76352 ], [ -92.7325766, 41.7635918 ], [ -92.7325668, 41.7636503 ], [ -92.7334068, 41.7636081 ], [ -92.7336669, 41.7635109 ], [ -92.7342738, 41.7634331 ] ], [ [ -92.7325377, 41.7645194 ], [ -92.7325221, 41.7645793 ], [ -92.7329447, 41.764608 ], [ -92.7329284, 41.7645547 ], [ -92.7325377, 41.7645194 ] ] ] } },
{ "type": "Feature", "properties": { "name": "Athletics Grove", "landuse": "", "leisure": "", "natural": "wood", "boundary": "", "amenity": "", "type": "District System", "district_system_type": "Central Hot Water", "slope_category": "flat" }, "geometry": { "type": "Polygon", "coordinates": [ [ [ -92.7206612, 41.7536252 ], [ -92.7206853, 41.7537505 ], [ -92.7207721, 41.7538558 ], [ -92.720913, 41.7539388 ], [ -92.7210911, 41.7539735 ], [ -92.7214868, 41.7544569 ], [ -92.722422, 41.7545835 ], [ -92.7224253, 41.7550906 ], [ -92.7211239, 41.7551451 ], [ -92.721108, 41.754607 ], [ -92.7209828, 41.7545724 ], [ -92.7207755, 41.7545315 ], [ -92.7206681, 41.7545052 ], [ -92.7205374, 41.7544506 ], [ -92.7203867, 41.7543679 ], [ -92.7199708, 41.7542986 ], [ -92.7197662, 41.7542639 ], [ -92.7203009, 41.7537847 ], [ -92.7203256, 41.7534588 ], [ -92.7203306, 41.7534056 ], [ -92.7204238, 41.7534049 ], [ -92.7206573, 41.7534024 ], [ -92.7206612, 41.7536252 ] ] ] } },
{ "type": "Feature", "properties": { "name": "Athletic Field Prairies", "landuse": "", "leisure": "", "natural": "grassland", "boundary": "", "amenity": "", "type": "District System", "district_system_type": "Central Hot Water", "slope_category": "flat" }, "geometry": { "type": "Polygon", "coordinates": [ [ [ -92.7177208, 41.7561295 ], [ -92.7177328, 41.7560504 ], [ -92.7177508, 41.7559623 ], [ -92.7174807, 41.7559153 ], [ -92.7174817, 41.7558906 ], [ -92.7178416, 41.7558118 ], [ -92.7179451, 41.7556772 ], [ -92.7179236, 41.7554994 ], [ -92.7179496, 41.7554053 ], [ -92.7179713, 41.7551995 ], [ -92.7179783, 41.7551187 ], [ -92.717957, 41.7548399 ], [ -92.7177511, 41.7545961 ], [ -92.7175049, 41.754469 ], [ -92.7175502, 41.7544617 ], [ -92.7176593, 41.7544227 ], [ -92.7178166, 41.7543417 ], [ -92.7178139, 41.7542022 ], [ -92.7179306, 41.7540203 ], [ -92.7178737, 41.7538507 ], [ -92.7179066, 41.7538328 ], [ -92.7181882, 41.7538549 ], [ -92.7182936, 41.7538029 ], [ -92.7183235, 41.7538059 ], [ -92.7179287, 41.7561553 ], [ -92.7177208, 41.7561295 ] ] ] } },
{ "type": "Feature", "properties": { "name": "Harris Prairie", "landuse": "", "leisure": "", "natural": "grassland", "boundary": "", "amenity": "", "type": "District System", "district_system_type": "Central Hot Water", "slope_category": "flat" }, "geometry": { "type": "Polygon", "coordinates": [ [ [ -92.7205519, 41.7507456 ], [ -92.7206093, 41.7508071 ], [ -92.7207493, 41.7509077 ], [ -92.7202055, 41.7509049 ], [ -92.720303, 41.7508378 ], [ -92.7203644, 41.750792 ], [ -92.7204277, 41.7507273 ], [ -92.720481, 41.7506214 ], [ -92.7205519, 41.7507456 ] ] ] } },
{ "type": "Feature", "properties": { "name": "Macy House Prairie", "landuse": "", "leisure": "", "natural": "grassland", "boundary": "", "amenity": "", "type": "District System", "district_system_type": "Central Hot Water", "slope_category": "flat" }, "geometry": { "type": "Polygon", "coordinates": [ [ [ -92.7231763, 41.747746 ], [ -92.7231732, 41.7477982 ], [ -92.7229801, 41.7477997 ], [ -92.7227414, 41.7478012 ], [ -92.7226207, 41.7477013 ], [ -92.7229725, 41.7477034 ], [ -92.7231767, 41.7477046 ], [ -92.7231763, 41.747746 ] ] ] } },
{ "type": "Feature", "properties": { "name": "", "landuse": "grass", "leisure": "", "natural": "wood", "boundary": "", "amenity": "", "type": "District System", "district_system_type": "Central Hot Water", "slope_category": "flat" }, "geometry": { "type": "Polygon", "coordinates": [ [ [ -92.7368794, 41.7463954 ], [ -92.7368782, 41.7462737 ], [ -92.7367631, 41.7462736 ], [ -92.7367609, 41.7462544 ], [ -92.736726, 41.7462541 ], [ -92.7367622, 41.7462265 ], [ -92.7370396, 41.7462242 ], [ -92.7370418, 41.7463954 ], [ -92.7370482, 41.7468941 ], [ -92.736903, 41.746895 ], [ -92.7362269, 41.7468995 ], [ -92.7362256, 41.74668 ], [ -92.7368553, 41.7466762 ], [ -92.7368537, 41.7464864 ], [ -92.7369809, 41.7464839 ], [ -92.7369797, 41.746396 ], [ -92.7368794, 41.7463954 ] ] ] } },
{ "type": "Feature", "properties": { "name": "", "landuse": "grass", "leisure": "", "natural": "", "boundary": "", "amenity": "", "type": "District System", "district_system_type": "Central Hot Water", "slope_category": "flat" }, "geometry": { "type": "Polygon", "coordinates": [ [ [ -92.739249, 41.7463096 ], [ -92.7392345, 41.746257 ], [ -92.739256, 41.7462296 ], [ -92.7393217, 41.7462191 ], [ -92.739318, 41.7463236 ], [ -92.7392611, 41.7463243 ], [ -92.739249, 41.7463096 ] ] ] } },
{ "type": "Feature", "properties": { "name": "", "landuse": "grass", "leisure": "", "natural": "", "boundary": "", "amenity": "", "type": "District System", "district_system_type": "Central Hot Water", "slope_category": "flat" }, "geometry": { "type": "Polygon", "coordinates": [ [ [ -92.7389928, 41.7462673 ], [ -92.7389791, 41.7462415 ], [ -92.7389954, 41.7462262 ], [ -92.7390779, 41.746226 ], [ -92.7391007, 41.7462343 ], [ -92.7391079, 41.7462491 ], [ -92.7391086, 41.7462687 ], [ -92.7390846, 41.7462802 ], [ -92.7390037, 41.7462761 ], [ -92.7389928, 41.7462673 ] ] ] } },
{ "type": "Feature", "properties": { "name": "", "landuse": "farmland; grass", "leisure": "", "natural": "", "boundary": "", "amenity": "", "type": "District System", "district_system_type": "Central Hot Water", "slope_category": "flat" }, "geometry": { "type": "Polygon", "coordinates": [ [ [ -92.7440315, 41.747419 ], [ -92.744093, 41.7474129 ], [ -92.7441754, 41.7473575 ], [ -92.7441767, 41.7473036 ], [ -92.7445215, 41.7470213 ], [ -92.7445944, 41.747028 ], [ -92.7446008, 41.7467241 ], [ -92.7446805, 41.7466465 ], [ -92.7446513, 41.7465406 ], [ -92.7447301, 41.7464506 ], [ -92.7449955, 41.7464484 ], [ -92.745014, 41.7464325 ], [ -92.7449819, 41.7463998 ], [ -92.744943, 41.7463933 ], [ -92.7449537, 41.7462051 ], [ -92.7450694, 41.746206 ], [ -92.7450753, 41.7468008 ], [ -92.7465717, 41.7467917 ], [ -92.7465861, 41.7473384 ], [ -92.7466162, 41.7531703 ], [ -92.7465668, 41.7533087 ], [ -92.7464671, 41.753324 ], [ -92.74204, 41.7533213 ], [ -92.7419197, 41.7532623 ], [ -92.7419184, 41.7497919 ], [ -92.7419183, 41.7495927 ], [ -92.7419181, 41.7490804 ], [ -92.7419004, 41.7476423 ], [ -92.7407266, 41.7476413 ], [ -92.7407159, 41.747375 ], [ -92.7407979, 41.7473744 ], [ -92.7413476, 41.7473705 ], [ -92.7413394, 41.7471284 ], [ -92.7418784, 41.7471321 ], [ -92.7426389, 41.747106 ], [ -92.7428763, 41.7470979 ], [ -92.7429457, 41.7472269 ], [ -92.7431021, 41.747356 ], [ -92.7432115, 41.7474435 ], [ -92.7432366, 41.7474621 ], [ -92.7433116, 41.7474621 ], [ -92.743375, 41.7473756 ], [ -92.7433382, 41.7473345 ], [ -92.7433728, 41.7473391 ], [ -92.7434062, 41.7473307 ], [ -92.7434321, 41.7473087 ], [ -92.7434384, 41.7472797 ], [ -92.7434231, 41.7472526 ], [ -92.743391, 41.7472357 ], [ -92.7433517, 41.7472341 ], [ -92.7433204, 41.7472461 ], [ -92.7433006, 41.7472678 ], [ -92.743297, 41.7472939 ], [ -92.7432325, 41.7472231 ], [ -92.7432634, 41.7472336 ], [ -92.7432972, 41.747231 ], [ -92.7433246, 41.7472161 ], [ -92.743338, 41.7471934 ], [ -92.7433346, 41.7471688 ], [ -92.7433711, 41.7471676 ], [ -92.7433802, 41.7471227 ], [ -92.7433847, 41.7467233 ], [ -92.7433809, 41.746707 ], [ -92.7433784, 41.7465314 ], [ -92.74329, 41.7465285 ], [ -92.7432229, 41.7462589 ], [ -92.7432187, 41.7462099 ], [ -92.7440359, 41.7462016 ], [ -92.7440354, 41.7463405 ], [ -92.7440315, 41.747419 ] ] ] } },
{ "type": "Feature", "properties": { "name": "", "landuse": "grass; farmland", "leisure": "", "natural": "", "boundary": "", "amenity": "", "type": "District System", "district_system_type": "Central Hot Water", "slope_category": "flat" }, "geometry": { "type": "Polygon", "coordinates": [ [ [ -92.7429152, 41.7466396 ], [ -92.7429138, 41.7467014 ], [ -92.7428444, 41.7467007 ], [ -92.7427298, 41.7464977 ], [ -92.7427173, 41.746246 ], [ -92.7427622, 41.7462007 ], [ -92.7431494, 41.7462082 ], [ -92.7431527, 41.746264 ], [ -92.7432136, 41.7465209 ], [ -92.7431413, 41.7465235 ], [ -92.7431377, 41.7466928 ], [ -92.7429868, 41.7466914 ], [ -92.7429742, 41.7466429 ], [ -92.7429152, 41.7466396 ] ] ] } },
{ "type": "Feature", "properties": { "name": "", "landuse": "farmland", "leisure": "", "natural": "", "boundary": "", "amenity": "", "type": "District System", "district_system_type": "Central Hot Water", "slope_category": "flat" }, "geometry": { "type": "Polygon", "coordinates": [ [ [ -92.748909, 41.7498173 ], [ -92.7478348, 41.7498279 ], [ -92.7478136, 41.74703 ], [ -92.747808, 41.7463213 ], [ -92.7478662, 41.7462975 ], [ -92.7488896, 41.7462882 ], [ -92.748909, 41.7498173 ] ] ] } },
{ "type": "Feature", "properties": { "name": "", "landuse": "grass", "leisure": "", "natural": "", "boundary": "", "amenity": "", "type": "District System", "district_system_type": "Central Hot Water", "slope_category": "mild" }, "geometry": { "type": "Polygon", "coordinates": [ [ [ -92.7199006, 41.7612779 ], [ -92.7203848, 41.7612822 ], [ -92.7203923, 41.7615809 ], [ -92.7203966, 41.761752 ], [ -92.7202954, 41.7617535 ], [ -92.7197838, 41.761755 ], [ -92.7194731, 41.761756 ], [ -92.7193984, 41.7617232 ], [ -92.7193556, 41.7616577 ], [ -92.7193951, 41.7615062 ], [ -92.7194467, 41.7615007 ], [ -92.7194537, 41.7616538 ], [ -92.7196993, 41.7616476 ], [ -92.7196793, 41.761211 ], [ -92.7196051, 41.7612129 ], [ -92.719573, 41.7607273 ], [ -92.7198893, 41.7607273 ], [ -92.7199006, 41.7612779 ] ] ] } },
{ "type": "Feature", "properties": { "name": "", "landuse": "", "leisure": "", "natural": "wood", "boundary": "", "amenity": "", "type": "District System", "district_system_type": "Central Hot Water", "slope_category": "flat" }, "geometry": { "type": "Polygon", "coordinates": [ [ [ -92.7175011, 41.7607319 ], [ -92.717529, 41.7618569 ], [ -92.7175821, 41.7640624 ], [ -92.7174013, 41.764009 ], [ -92.7172939, 41.7623913 ], [ -92.7172619, 41.7619358 ], [ -92.7172829, 41.7614441 ], [ -92.7172585, 41.7613436 ], [ -92.717272, 41.7612808 ], [ -92.7172046, 41.7611844 ], [ -92.7171725, 41.7610687 ], [ -92.7170496, 41.7609007 ], [ -92.717019, 41.7607284 ], [ -92.7175011, 41.7607319 ] ] ] } },
{ "type": "Feature", "properties": { "name": "", "landuse": "farmland", "leisure": "", "natural": "", "boundary": "", "amenity": "", "type": "District System", "district_system_type": "Central Hot Water", "slope_category": "flat" }, "geometry": { "type": "Polygon", "coordinates": [ [ [ -92.7176255, 41.7733203 ], [ -92.7176598, 41.7704064 ], [ -92.7176843, 41.7683736 ], [ -92.7177529, 41.7682785 ], [ -92.7179834, 41.7682273 ], [ -92.7182481, 41.7682383 ], [ -92.7182922, 41.7695948 ], [ -92.7194099, 41.7696167 ], [ -92.7237777, 41.7759087 ], [ -92.7175961, 41.7759672 ], [ -92.7176255, 41.7733203 ] ], [ [ -92.7189109, 41.7709508 ], [ -92.7188605, 41.7709489 ], [ -92.7188605, 41.7710203 ], [ -92.7189764, 41.7712703 ], [ -92.7190445, 41.7713173 ], [ -92.7190495, 41.7712665 ], [ -92.7190268, 41.7711256 ], [ -92.7190168, 41.7710823 ], [ -92.7189109, 41.7709508 ] ] ] } }
]
}
