{
"type": "FeatureCollection",
"name": "ghe_locations",
"crs": { "type": "name", "properties": { "name": "urn:ogc:def:crs:OGC:1.3:CRS84" } },
"features": [
{ "type": "Feature", "properties": { "name": "Stratton Commons", "landuse": "grass", "leisure": "park", "natural": "", "boundary": "", "amenity": "", "type": "District System", "district_system_type": "Central Hot Water" }, "geometry": { "type": "Polygon", "coordinates": [ [ [ -105.2222512, 39.7513176 ], [ -105.2213595, 39.7518039 ], [ -105.2213729, 39.7518181 ], [ -105.2213593, 39.7518273 ], [ -105.2213577, 39.7518451 ], [ -105.2213577, 39.751855 ], [ -105.2213658, 39.7518653 ], [ -105.2213664, 39.7518805 ], [ -105.221583, 39.7521142 ], [ -105.2219378, 39.7519429 ], [ -105.2219478, 39.751954 ], [ -105.2219777, 39.7519362 ], [ -105.2219926, 39.7519527 ], [ -105.22217, 39.7518648 ], [ -105.2220961, 39.7517824 ], [ -105.2222659, 39.7516941 ], [ -105.2223239, 39.751754 ], [ -105.2225357, 39.7516341 ], [ -105.2222512, 39.7513176 ] ] ] } },
{ "type": "Feature", "properties": { "name": "Union Square Park; ", "landuse": "", "leisure": "park", "natural": "wetland", "boundary": "", "amenity": "", "type": "District System", "district_system_type": "Central Hot Water" }, "geometry": { "type": "Polygon", "coordinates": [ [ [ -105.1388052, 39.7172342 ], [ -105.1388669, 39.7172074 ], [ -105.1389165, 39.7171734 ], [ -105.1389514, 39.7171424 ], [ -105.1390694, 39.7169928 ], [ -105.1391553, 39.7168814 ], [ -105.1392237, 39.7167669 ], [ -105.1392786, 39.7166411 ], [ -105.1393216, 39.716509 ], [ -105.1393524, 39.7163997 ], [ -105.1393712, 39.7163006 ], [ -105.1393739, 39.7162047 ], [ -105.1393578, 39.7161077 ], [ -105.1393216, 39.716018 ], [ -105.1392693, 39.7159489 ], [ -105.1391834, 39.7158777 ], [ -105.1390372, 39.7157859 ], [ -105.1388763, 39.715694 ], [ -105.1386939, 39.7156084 ], [ -105.1385544, 39.7155537 ], [ -105.1383975, 39.715497 ], [ -105.1382017, 39.7154372 ], [ -105.1381172, 39.7154977 ], [ -105.1380334, 39.7154371 ], [ -105.1380036, 39.7153549 ], [ -105.1380649, 39.7152336 ], [ -105.138107, 39.7150112 ], [ -105.1380614, 39.7147362 ], [ -105.1379983, 39.7146163 ], [ -105.1382868, 39.7146181 ], [ -105.1383386, 39.7146184 ], [ -105.1392736, 39.7146241 ], [ -105.1396843, 39.7146267 ], [ -105.1400996, 39.7146292 ], [ -105.1401132, 39.7150799 ], [ -105.1401114, 39.7161676 ], [ -105.1401167, 39.7166002 ], [ -105.1400098, 39.7167013 ], [ -105.1399047, 39.7168132 ], [ -105.1394316, 39.7172754 ], [ -105.1393352, 39.7172229 ], [ -105.1391145, 39.7174695 ], [ -105.138878, 39.7177239 ], [ -105.1385797, 39.7180448 ], [ -105.138524, 39.718149 ], [ -105.1384817, 39.7182338 ], [ -105.1384645, 39.7185449 ], [ -105.1384606, 39.7186166 ], [ -105.1384577, 39.7186688 ], [ -105.1380742, 39.7186582 ], [ -105.1371127, 39.7186724 ], [ -105.1355015, 39.7186688 ], [ -105.1353785, 39.7186656 ], [ -105.1353283, 39.7186435 ], [ -105.1353052, 39.7186114 ], [ -105.1353087, 39.7182202 ], [ -105.1353143, 39.7178276 ], [ -105.1353229, 39.7177351 ], [ -105.1353435, 39.7176335 ], [ -105.1353605, 39.7175801 ], [ -105.1354034, 39.7174876 ], [ -105.1354407, 39.7174006 ], [ -105.1355269, 39.7173066 ], [ -105.1356124, 39.7172289 ], [ -105.1357725, 39.7171569 ], [ -105.1363283, 39.7167411 ], [ -105.1363667, 39.716762 ], [ -105.1367641, 39.7170661 ], [ -105.137271, 39.7170568 ], [ -105.1374749, 39.7170888 ], [ -105.1376653, 39.7171352 ], [ -105.1378209, 39.7171899 ], [ -105.1379737, 39.7172518 ], [ -105.1382027, 39.7173732 ], [ -105.1387355, 39.7172652 ], [ -105.1388052, 39.7172342 ] ] ] } },
{ "type": "Feature", "properties": { "name": "", "landuse": "", "leisure": "park", "natural": "", "boundary": "", "amenity": "", "type": "District System", "district_system_type": "Central Hot Water" }, "geometry": { "type": "Polygon", "coordinates": [ [ [ -105.1558654, 39.7224645 ], [ -105.1560881, 39.7223283 ], [ -105.1563777, 39.722382 ], [ -105.1567474, 39.72204 ], [ -105.1570833, 39.7222458 ], [ -105.1571182, 39.7222149 ], [ -105.1567877, 39.7220021 ], [ -105.1568498, 39.7219446 ], [ -105.1566647, 39.7217919 ], [ -105.1567291, 39.7215196 ], [ -105.1566781, 39.7214969 ], [ -105.1564797, 39.7216929 ], [ -105.1558654, 39.7217012 ], [ -105.1558225, 39.7217692 ], [ -105.1560639, 39.7219817 ], [ -105.1558118, 39.7224315 ], [ -105.1558654, 39.7224645 ] ] ] } },
{ "type": "Feature", "properties": { "name": "; Union Ridge Park", "landuse": "", "leisure": "park", "natural": "wetland", "boundary": "", "amenity": "", "type": "District System", "district_system_type": "Central Hot Water" }, "geometry": { "type": "Polygon", "coordinates": [ [ [ -105.1386805, 39.7247028 ], [ -105.1396193, 39.7243934 ], [ -105.1408417, 39.7236053 ], [ -105.1410784, 39.7234527 ], [ -105.1417651, 39.7227347 ], [ -105.1424839, 39.7223469 ], [ -105.1444687, 39.7215959 ], [ -105.1450159, 39.7212782 ], [ -105.145621, 39.7211276 ], [ -105.1457615, 39.7213447 ], [ -105.1457955, 39.7215629 ], [ -105.1457924, 39.7216469 ], [ -105.145726, 39.7218326 ], [ -105.1453016, 39.7225691 ], [ -105.1450979, 39.7227773 ], [ -105.1449075, 39.7228928 ], [ -105.1432419, 39.7236183 ], [ -105.1421717, 39.7241045 ], [ -105.1419598, 39.724286 ], [ -105.1418579, 39.7244758 ], [ -105.1418499, 39.7247192 ], [ -105.1418126, 39.7248522 ], [ -105.1395642, 39.72489 ], [ -105.137994, 39.724894 ], [ -105.1379417, 39.7246984 ], [ -105.1380722, 39.7247005 ], [ -105.1386805, 39.7247028 ] ] ] } },
{ "type": "Feature", "properties": { "name": "", "landuse": "recreation_ground", "leisure": "", "natural": "", "boundary": "", "amenity": "", "type": "District System", "district_system_type": "Central Hot Water" }, "geometry": { "type": "Polygon", "coordinates": [ [ [ -105.1751821, 39.7550372 ], [ -105.1756094, 39.7550401 ], [ -105.1756133, 39.7547093 ], [ -105.1751859, 39.7547064 ], [ -105.1751821, 39.7550372 ] ] ] } },
{ "type": "Feature", "properties": { "name": "", "landuse": "recreation_ground", "leisure": "", "natural": "", "boundary": "", "amenity": "", "type": "District System", "district_system_type": "Central Hot Water" }, "geometry": { "type": "Polygon", "coordinates": [ [ [ -105.1750569, 39.755038 ], [ -105.1746192, 39.7550344 ], [ -105.1746239, 39.7546995 ], [ -105.1750615, 39.7547031 ], [ -105.1750569, 39.755038 ] ] ] } },
{ "type": "Feature", "properties": { "name": "; Wright Park", "landuse": "", "leisure": "park", "natural": "wetland", "boundary": "", "amenity": "", "type": "District System", "district_system_type": "Central Hot Water" }, "geometry": { "type": "Polygon", "coordinates": [ [ [ -105.1390684, 39.7223715 ], [ -105.1384924, 39.7225935 ], [ -105.1382134, 39.7227714 ], [ -105.1379689, 39.7230525 ], [ -105.1377812, 39.7230418 ], [ -105.1377733, 39.7226216 ], [ -105.1369437, 39.7222842 ], [ -105.137857, 39.7210633 ], [ -105.1378371, 39.7203793 ], [ -105.1387224, 39.7203701 ], [ -105.1388028, 39.7204971 ], [ -105.1392731, 39.7212404 ], [ -105.1397789, 39.7220651 ], [ -105.1390684, 39.7223715 ] ] ] } },
{ "type": "Feature", "properties": { "name": "Lewis Meadows Park", "landuse": "", "leisure": "park", "natural": "", "boundary": "", "amenity": "", "type": "District System", "district_system_type": "Central Hot Water" }, "geometry": { "type": "Polygon", "coordinates": [ [ [ -105.1305311, 39.7655606 ], [ -105.1305821, 39.765505 ], [ -105.1305767, 39.7651916 ], [ -105.1300349, 39.7651854 ], [ -105.1300081, 39.7652081 ], [ -105.1297721, 39.765206 ], [ -105.1294717, 39.7652431 ], [ -105.1289138, 39.7652452 ], [ -105.128616, 39.7652102 ], [ -105.1286134, 39.765105 ], [ -105.1289433, 39.7651751 ], [ -105.1294636, 39.7651545 ], [ -105.1297372, 39.764837 ], [ -105.129925, 39.7648617 ], [ -105.1307538, 39.7648617 ], [ -105.1307527, 39.7647429 ], [ -105.1307404, 39.7633793 ], [ -105.1309549, 39.7633298 ], [ -105.1310327, 39.7633443 ], [ -105.1311507, 39.7635484 ], [ -105.131317, 39.7636123 ], [ -105.1315021, 39.7636494 ], [ -105.1324167, 39.763602 ], [ -105.1327654, 39.7633607 ], [ -105.1328942, 39.7631979 ], [ -105.1328968, 39.763103 ], [ -105.1328834, 39.7630309 ], [ -105.1330122, 39.762868 ], [ -105.1330417, 39.7628824 ], [ -105.1330417, 39.7629669 ], [ -105.1331677, 39.7629793 ], [ -105.1330846, 39.7636473 ], [ -105.1330833, 39.764639 ], [ -105.1324006, 39.7647483 ], [ -105.132457, 39.7649627 ], [ -105.13217, 39.7650864 ], [ -105.1314029, 39.765138 ], [ -105.1309603, 39.7652452 ], [ -105.1307886, 39.7652741 ], [ -105.1307001, 39.7655792 ], [ -105.1305392, 39.7655854 ], [ -105.1305311, 39.7655606 ] ] ] } },
{ "type": "Feature", "properties": { "name": "Arapahoe Park", "landuse": "", "leisure": "park", "natural": "", "boundary": "", "amenity": "", "type": "District System", "district_system_type": "Central Hot Water" }, "geometry": { "type": "Polygon", "coordinates": [ [ [ -105.1652628, 39.7762767 ], [ -105.163852, 39.7762767 ], [ -105.1638493, 39.7781113 ], [ -105.1652548, 39.7781278 ], [ -105.1652628, 39.7762767 ] ] ] } },
{ "type": "Feature", "properties": { "name": "", "landuse": "", "leisure": "park", "natural": "", "boundary": "", "amenity": "", "type": "District System", "district_system_type": "Central Hot Water" }, "geometry": { "type": "Polygon", "coordinates": [ [ [ -105.2305935, 39.7711449 ], [ -105.2306251, 39.7708929 ], [ -105.2299036, 39.7705651 ], [ -105.2291418, 39.7700374 ], [ -105.2289782, 39.769825 ], [ -105.2285678, 39.76939 ], [ -105.2280609, 39.7690004 ], [ -105.2274815, 39.7689983 ], [ -105.227334, 39.768452 ], [ -105.2270685, 39.7678479 ], [ -105.2265803, 39.7668315 ], [ -105.2266903, 39.7667319 ], [ -105.2269314, 39.7665174 ], [ -105.2269666, 39.7664851 ], [ -105.2272441, 39.7664364 ], [ -105.2277648, 39.7670411 ], [ -105.2277956, 39.7670773 ], [ -105.2276908, 39.7671446 ], [ -105.227594, 39.7672004 ], [ -105.2275288, 39.7673104 ], [ -105.2286537, 39.7689426 ], [ -105.2294235, 39.7689179 ], [ -105.2294852, 39.7697157 ], [ -105.229968, 39.7699673 ], [ -105.2302576, 39.7700332 ], [ -105.2302657, 39.7704682 ], [ -105.2310402, 39.77048 ], [ -105.2310471, 39.7707887 ], [ -105.2310486, 39.7709027 ], [ -105.2310501, 39.771091 ], [ -105.2310451, 39.771104 ], [ -105.2310251, 39.771117 ], [ -105.2310052, 39.7711249 ], [ -105.2309861, 39.7711283 ], [ -105.230764, 39.7711332 ], [ -105.230737, 39.7711192 ], [ -105.2306985, 39.7711124 ], [ -105.2306668, 39.7711124 ], [ -105.230641, 39.7711187 ], [ -105.2306226, 39.7711272 ], [ -105.2306083, 39.7711415 ], [ -105.2305935, 39.7711449 ] ] ] } },
{ "type": "Feature", "properties": { "name": "; Tucker Gulch", "landuse": "", "leisure": "park", "natural": "wood", "boundary": "", "amenity": "", "type": "District System", "district_system_type": "Central Hot Water" }, "geometry": { "type": "Polygon", "coordinates": [ [ [ -105.2268549, 39.7664626 ], [ -105.226685, 39.7666071 ], [ -105.2266377, 39.7666423 ], [ -105.2264719, 39.7667662 ], [ -105.2258105, 39.7658481 ], [ -105.2250434, 39.7653058 ], [ -105.2247108, 39.7649182 ], [ -105.2246679, 39.7647986 ], [ -105.2240242, 39.7643657 ], [ -105.2239115, 39.7638317 ], [ -105.2237828, 39.7635575 ], [ -105.2235414, 39.7635616 ], [ -105.2234743, 39.7631657 ], [ -105.2234451, 39.7617603 ], [ -105.223572, 39.7616876 ], [ -105.2237112, 39.7616064 ], [ -105.2237519, 39.761586 ], [ -105.2237747, 39.7615882 ], [ -105.2237964, 39.7616067 ], [ -105.2238287, 39.7616414 ], [ -105.2238791, 39.7616954 ], [ -105.2238906, 39.7617134 ], [ -105.2238874, 39.7617431 ], [ -105.2238105, 39.7620744 ], [ -105.2237662, 39.7622662 ], [ -105.2237487, 39.7623421 ], [ -105.2237417, 39.7623721 ], [ -105.2237396, 39.7624001 ], [ -105.2237396, 39.7624115 ], [ -105.2237425, 39.7624275 ], [ -105.2237833, 39.7625992 ], [ -105.2238128, 39.7627059 ], [ -105.2238201, 39.7627289 ], [ -105.2238412, 39.7627633 ], [ -105.2238685, 39.7628 ], [ -105.2238988, 39.7628339 ], [ -105.2239345, 39.7628639 ], [ -105.2239455, 39.7628705 ], [ -105.2238981, 39.7630585 ], [ -105.2239705, 39.7633575 ], [ -105.2245982, 39.7644832 ], [ -105.2248905, 39.76471 ], [ -105.2261726, 39.7655326 ], [ -105.2264859, 39.7655475 ], [ -105.2268925, 39.7664295 ], [ -105.2268549, 39.7664626 ] ] ] } },
{ "type": "Feature", "properties": { "name": "Cressman Gulch Park", "landuse": "", "leisure": "park", "natural": "", "boundary": "", "amenity": "", "type": "District System", "district_system_type": "Central Hot Water" }, "geometry": { "type": "Polygon", "coordinates": [ [ [ -105.2297659, 39.7750299 ], [ -105.2298027, 39.7753214 ], [ -105.2299352, 39.7757042 ], [ -105.2304501, 39.7756921 ], [ -105.2304588, 39.7758797 ], [ -105.2304373, 39.7768588 ], [ -105.2300155, 39.7768515 ], [ -105.2299637, 39.776937 ], [ -105.2299691, 39.7769728 ], [ -105.2300498, 39.7770385 ], [ -105.23011, 39.7771077 ], [ -105.2305044, 39.7770155 ], [ -105.2305956, 39.7772835 ], [ -105.2305634, 39.7781369 ], [ -105.2307109, 39.7783719 ], [ -105.2307609, 39.7784216 ], [ -105.2308058, 39.7784285 ], [ -105.2310026, 39.7784034 ], [ -105.2311322, 39.7784028 ], [ -105.2311864, 39.7783571 ], [ -105.2312038, 39.7781961 ], [ -105.2307941, 39.7781822 ], [ -105.2309014, 39.7768678 ], [ -105.2309052, 39.7765319 ], [ -105.2309241, 39.776222 ], [ -105.230904, 39.7762054 ], [ -105.2305849, 39.7753561 ], [ -105.2306278, 39.7750242 ], [ -105.2297659, 39.7750299 ] ] ] } },
{ "type": "Feature", "properties": { "name": "Estates Park", "landuse": "", "leisure": "park", "natural": "", "boundary": "", "amenity": "", "type": "District System", "district_system_type": "Central Hot Water" }, "geometry": { "type": "Polygon", "coordinates": [ [ [ -105.1835156, 39.7181732 ], [ -105.1796303, 39.7182622 ], [ -105.1794773, 39.7181225 ], [ -105.1796239, 39.7180774 ], [ -105.1796199, 39.7173594 ], [ -105.1805319, 39.7167828 ], [ -105.1808792, 39.7158899 ], [ -105.1811421, 39.7159761 ], [ -105.1816369, 39.7161484 ], [ -105.1820473, 39.7162969 ], [ -105.1822123, 39.7163464 ], [ -105.1821069, 39.716633 ], [ -105.182502, 39.7167145 ], [ -105.1834812, 39.7168184 ], [ -105.1839919, 39.7168725 ], [ -105.1841115, 39.7169127 ], [ -105.1841818, 39.7170639 ], [ -105.1842273, 39.7172448 ], [ -105.1842394, 39.7174453 ], [ -105.183717, 39.717444 ], [ -105.1836197, 39.7176023 ], [ -105.1835013, 39.7178211 ], [ -105.1835156, 39.7181732 ] ] ] } },
{ "type": "Feature", "properties": { "name": "Golden Heights Park", "landuse": "", "leisure": "park", "natural": "", "boundary": "", "amenity": "", "type": "District System", "district_system_type": "Central Hot Water" }, "geometry": { "type": "Polygon", "coordinates": [ [ [ -105.1860176, 39.7201961 ], [ -105.1856169, 39.720517 ], [ -105.1855133, 39.720586 ], [ -105.1843262, 39.721383 ], [ -105.1835995, 39.7218723 ], [ -105.1832888, 39.721872 ], [ -105.1832526, 39.7218638 ], [ -105.1831065, 39.7218306 ], [ -105.1830792, 39.7206481 ], [ -105.1830704, 39.7202595 ], [ -105.1830674, 39.7201262 ], [ -105.1836044, 39.7201056 ], [ -105.1842285, 39.7201053 ], [ -105.1842339, 39.7202147 ], [ -105.1860176, 39.7201961 ] ] ] } },
{ "type": "Feature", "properties": { "name": "; Sixth Avenue West Park", "landuse": "", "leisure": "park", "natural": "scrub", "boundary": "", "amenity": "", "type": "District System", "district_system_type": "Central Hot Water" }, "geometry": { "type": "MultiPolygon", "coordinates": [ [ [ [ -105.1588205, 39.7133832 ], [ -105.1588714, 39.7134265 ], [ -105.1587775, 39.7141878 ], [ -105.158807, 39.7145634 ], [ -105.159086, 39.7150668 ], [ -105.1587561, 39.7151803 ], [ -105.1588757, 39.7154194 ], [ -105.1589652, 39.7158189 ], [ -105.1589586, 39.7159477 ], [ -105.1587775, 39.716282 ], [ -105.1585335, 39.7167834 ], [ -105.1578897, 39.717163 ], [ -105.1577452, 39.7176673 ], [ -105.157544, 39.7177777 ], [ -105.1574086, 39.7178994 ], [ -105.1572999, 39.7180562 ], [ -105.1572275, 39.7182347 ], [ -105.1567578, 39.7182585 ], [ -105.1566264, 39.7182709 ], [ -105.1564896, 39.7180419 ], [ -105.1562482, 39.717881 ], [ -105.156157, 39.7179491 ], [ -105.1556678, 39.7184379 ], [ -105.1541457, 39.7189743 ], [ -105.1541155, 39.7181181 ], [ -105.154539, 39.7181181 ], [ -105.155029, 39.7179128 ], [ -105.155112, 39.7177209 ], [ -105.155414, 39.717524 ], [ -105.155414, 39.7172544 ], [ -105.1554144, 39.7171814 ], [ -105.1555477, 39.7171762 ], [ -105.1555669, 39.7171754 ], [ -105.1555589, 39.7169268 ], [ -105.1556048, 39.7169074 ], [ -105.1565325, 39.716575 ], [ -105.1568893, 39.7160695 ], [ -105.1575089, 39.7155991 ], [ -105.1577073, 39.715434 ], [ -105.1577744, 39.7149595 ], [ -105.1578763, 39.7146789 ], [ -105.1579005, 39.7141651 ], [ -105.1582679, 39.7133419 ], [ -105.1588205, 39.7133832 ] ] ], [ [ [ -105.1541128, 39.7186907 ], [ -105.1541072, 39.7189581 ], [ -105.1541015, 39.7195403 ], [ -105.1535493, 39.719667 ], [ -105.1535166, 39.7196661 ], [ -105.1533465, 39.7194645 ], [ -105.1530591, 39.7191606 ], [ -105.1528785, 39.7189866 ], [ -105.1527105, 39.718868 ], [ -105.1524928, 39.7187558 ], [ -105.152161, 39.7186063 ], [ -105.1518863, 39.7185161 ], [ -105.1517468, 39.7184828 ], [ -105.1517711, 39.7183942 ], [ -105.151878, 39.7181878 ], [ -105.1523869, 39.7183341 ], [ -105.1524094, 39.7182889 ], [ -105.1530579, 39.7169529 ], [ -105.1530803, 39.7169074 ], [ -105.1521997, 39.7166516 ], [ -105.1521773, 39.716697 ], [ -105.1518599, 39.7173103 ], [ -105.1516208, 39.7172419 ], [ -105.1515046, 39.7172143 ], [ -105.1514137, 39.7172143 ], [ -105.1513218, 39.7172248 ], [ -105.1512045, 39.7172386 ], [ -105.1511643, 39.7172443 ], [ -105.1510545, 39.7172126 ], [ -105.1508114, 39.7171777 ], [ -105.1509879, 39.7170737 ], [ -105.1510386, 39.7170558 ], [ -105.1510957, 39.7170598 ], [ -105.1511108, 39.7170766 ], [ -105.1511578, 39.7171388 ], [ -105.1518234, 39.7170987 ], [ -105.1520088, 39.716675 ], [ -105.1515755, 39.7165746 ], [ -105.1513591, 39.7168974 ], [ -105.1512848, 39.7169339 ], [ -105.151177, 39.7169712 ], [ -105.1510048, 39.7170029 ], [ -105.1509012, 39.7170517 ], [ -105.1507618, 39.7171758 ], [ -105.15007, 39.7172049 ], [ -105.1500154, 39.7172063 ], [ -105.1499713, 39.7171982 ], [ -105.1499521, 39.7171834 ], [ -105.1499298, 39.7171448 ], [ -105.1499484, 39.7171133 ], [ -105.1500222, 39.7170298 ], [ -105.1500961, 39.7169429 ], [ -105.1501234, 39.7169166 ], [ -105.1502108, 39.7168513 ], [ -105.1502797, 39.7168083 ], [ -105.1503442, 39.7167754 ], [ -105.1504224, 39.7167448 ], [ -105.1508865, 39.7165897 ], [ -105.1511279, 39.7165105 ], [ -105.1511899, 39.7164885 ], [ -105.1512576, 39.7164594 ], [ -105.1513364, 39.7164103 ], [ -105.151399, 39.7163597 ], [ -105.151445, 39.7163096 ], [ -105.1514865, 39.7162456 ], [ -105.1516106, 39.7160366 ], [ -105.151672, 39.715944 ], [ -105.1517068, 39.7158967 ], [ -105.1517669, 39.7158316 ], [ -105.1518557, 39.7157519 ], [ -105.1519353, 39.7156878 ], [ -105.1519908, 39.715653 ], [ -105.1520592, 39.7156174 ], [ -105.1521378, 39.7155918 ], [ -105.152259, 39.7155626 ], [ -105.1524181, 39.7155391 ], [ -105.1526373, 39.7155128 ], [ -105.1527723, 39.7154928 ], [ -105.1528574, 39.7154694 ], [ -105.1529815, 39.7154171 ], [ -105.1530524, 39.7153747 ], [ -105.1531551, 39.7152858 ], [ -105.1533243, 39.715123 ], [ -105.1533457, 39.7151194 ], [ -105.1533676, 39.7151205 ], [ -105.1533895, 39.7151252 ], [ -105.1534337, 39.7150689 ], [ -105.1534208, 39.7150609 ], [ -105.1534118, 39.7150433 ], [ -105.1534132, 39.7150199 ], [ -105.1534451, 39.714965 ], [ -105.1534774, 39.7149029 ], [ -105.1535026, 39.7148231 ], [ -105.153514, 39.7147438 ], [ -105.1535188, 39.7146505 ], [ -105.1534884, 39.7145119 ], [ -105.1534394, 39.7144073 ], [ -105.1533909, 39.7143352 ], [ -105.1533429, 39.7142785 ], [ -105.153273, 39.7142182 ], [ -105.1532031, 39.7141666 ], [ -105.1530162, 39.7140649 ], [ -105.1527086, 39.7139003 ], [ -105.1526135, 39.7138455 ], [ -105.1525478, 39.7137986 ], [ -105.1525669, 39.7137759 ], [ -105.1529893, 39.7135871 ], [ -105.1532173, 39.7135552 ], [ -105.1533152, 39.7135572 ], [ -105.153676, 39.713551 ], [ -105.1541574, 39.7135582 ], [ -105.1541835, 39.7135591 ], [ -105.1541965, 39.7136431 ], [ -105.1542244, 39.7137276 ], [ -105.1542561, 39.7137935 ], [ -105.154315, 39.7138794 ], [ -105.1543858, 39.7139505 ], [ -105.1545291, 39.7140908 ], [ -105.1546178, 39.7141963 ], [ -105.1546269, 39.7142288 ], [ -105.1546377, 39.7143077 ], [ -105.1546329, 39.7145528 ], [ -105.1546177, 39.7145549 ], [ -105.1541231, 39.7145583 ], [ -105.1540662, 39.7148241 ], [ -105.1541413, 39.7150417 ], [ -105.154085, 39.7154987 ], [ -105.1540796, 39.7158206 ], [ -105.1541346, 39.7162797 ], [ -105.1542985, 39.7164118 ], [ -105.1543354, 39.7164249 ], [ -105.1543, 39.7164741 ], [ -105.1542734, 39.7165428 ], [ -105.1542454, 39.7167451 ], [ -105.1542057, 39.7170725 ], [ -105.1541809, 39.7173059 ], [ -105.1541834, 39.7173541 ], [ -105.1542014, 39.7174181 ], [ -105.1542154, 39.7174496 ], [ -105.1541215, 39.7175198 ], [ -105.1541155, 39.7181181 ], [ -105.1541128, 39.7186907 ] ] ] ] } },
{ "type": "Feature", "properties": { "name": "Chester - Portsmouth Park", "landuse": "", "leisure": "park", "natural": "", "boundary": "", "amenity": "", "type": "District System", "district_system_type": "Central Hot Water" }, "geometry": { "type": "Polygon", "coordinates": [ [ [ -105.1418396, 39.7555809 ], [ -105.1418262, 39.756051 ], [ -105.1417203, 39.7560512 ], [ -105.140595, 39.7560531 ], [ -105.1406111, 39.7575067 ], [ -105.138975, 39.7575108 ], [ -105.138975, 39.7581872 ], [ -105.137811, 39.7581913 ], [ -105.1377923, 39.7565459 ], [ -105.1384145, 39.7560614 ], [ -105.1384172, 39.7559686 ], [ -105.1400371, 39.7559644 ], [ -105.1404556, 39.7558964 ], [ -105.1407855, 39.7558036 ], [ -105.1409062, 39.7557149 ], [ -105.141, 39.7556263 ], [ -105.1413809, 39.7555974 ], [ -105.1418396, 39.7555809 ] ] ] } },
{ "type": "Feature", "properties": { "name": "", "landuse": "", "leisure": "", "natural": "grassland; scrub", "boundary": "", "amenity": "", "type": "District System", "district_system_type": "Central Hot Water" }, "geometry": { "type": "Polygon", "coordinates": [ [ [ -105.2339898, 39.7634167 ], [ -105.2339553, 39.7634222 ], [ -105.2336153, 39.7634762 ], [ -105.2335557, 39.763274 ], [ -105.2334988, 39.7628685 ], [ -105.2334589, 39.7625681 ], [ -105.2334391, 39.7624401 ], [ -105.2334359, 39.762288 ], [ -105.2334565, 39.7619671 ], [ -105.2334643, 39.7617048 ], [ -105.2335011, 39.7614425 ], [ -105.2336128, 39.7608873 ], [ -105.2338411, 39.7602634 ], [ -105.2341588, 39.7595632 ], [ -105.234551, 39.7586951 ], [ -105.2349431, 39.7578232 ], [ -105.2352328, 39.7572686 ], [ -105.2353512, 39.7570695 ], [ -105.2354437, 39.75697 ], [ -105.2359913, 39.7564466 ], [ -105.2362851, 39.7560982 ], [ -105.2364055, 39.7559236 ], [ -105.2364829, 39.7557573 ], [ -105.2365573, 39.7555251 ], [ -105.236561, 39.7549107 ], [ -105.2365943, 39.7548339 ], [ -105.2366493, 39.7547825 ], [ -105.2367016, 39.7547344 ], [ -105.2368479, 39.7546746 ], [ -105.2369988, 39.7546248 ], [ -105.2372352, 39.7545409 ], [ -105.2374786, 39.7544544 ], [ -105.2376969, 39.7543812 ], [ -105.2382999, 39.7541968 ], [ -105.2386699, 39.7540916 ], [ -105.2390805, 39.7540176 ], [ -105.239617, 39.7539693 ], [ -105.2408786, 39.7539522 ], [ -105.240993, 39.753934 ], [ -105.2415039, 39.7539209 ], [ -105.2422754, 39.7538206 ], [ -105.2422422, 39.7540798 ], [ -105.242044, 39.7541068 ], [ -105.2418167, 39.7541304 ], [ -105.2415552, 39.7541523 ], [ -105.2413246, 39.7541646 ], [ -105.2411087, 39.7541692 ], [ -105.2409704, 39.7541686 ], [ -105.240901, 39.754853 ], [ -105.240919, 39.756779 ], [ -105.240809, 39.760112 ], [ -105.239045, 39.759962 ], [ -105.239012, 39.761338 ], [ -105.240736, 39.761309 ], [ -105.2407231, 39.7641678 ], [ -105.240699, 39.769486 ], [ -105.236329, 39.7695102 ], [ -105.2361856, 39.7691023 ], [ -105.2360441, 39.7688157 ], [ -105.2355779, 39.7678643 ], [ -105.2355698, 39.7678203 ], [ -105.2355968, 39.7678032 ], [ -105.2356082, 39.767773 ], [ -105.2356175, 39.7677157 ], [ -105.2356911, 39.7677096 ], [ -105.2357632, 39.7677059 ], [ -105.2358288, 39.7677065 ], [ -105.2359186, 39.7677111 ], [ -105.2360311, 39.7677253 ], [ -105.2361603, 39.767732 ], [ -105.2362538, 39.7677263 ], [ -105.2363331, 39.7677186 ], [ -105.2364342, 39.7676972 ], [ -105.2364377, 39.7677063 ], [ -105.2365048, 39.7676923 ], [ -105.236549, 39.7677112 ], [ -105.2365981, 39.767803 ], [ -105.2366806, 39.7680057 ], [ -105.2367615, 39.7682484 ], [ -105.2368215, 39.7683781 ], [ -105.2369292, 39.7685518 ], [ -105.2369319, 39.7686404 ], [ -105.2370821, 39.7688085 ], [ -105.2401756, 39.7687586 ], [ -105.2401533, 39.7682731 ], [ -105.2396565, 39.7683282 ], [ -105.2396089, 39.7681899 ], [ -105.2401631, 39.7681049 ], [ -105.2399637, 39.7674546 ], [ -105.2394631, 39.7675389 ], [ -105.239445, 39.7674483 ], [ -105.2399203, 39.7673482 ], [ -105.2396965, 39.7668058 ], [ -105.2390405, 39.7658196 ], [ -105.2388279, 39.7658005 ], [ -105.238527, 39.7659292 ], [ -105.238366, 39.765783 ], [ -105.2388291, 39.765497 ], [ -105.2388774, 39.7652785 ], [ -105.2389152, 39.7644617 ], [ -105.2384171, 39.7645298 ], [ -105.2383831, 39.7644351 ], [ -105.2386736, 39.7643552 ], [ -105.2388669, 39.7643303 ], [ -105.2388336, 39.7642083 ], [ -105.2384174, 39.7638176 ], [ -105.2383884, 39.7632049 ], [ -105.2382609, 39.7629107 ], [ -105.2377208, 39.7624948 ], [ -105.2374766, 39.762418 ], [ -105.2379401, 39.7619066 ], [ -105.2375806, 39.7616817 ], [ -105.2376102, 39.7616185 ], [ -105.2376959, 39.7615522 ], [ -105.2377646, 39.7614112 ], [ -105.2377921, 39.7613227 ], [ -105.237803, 39.7612341 ], [ -105.23829, 39.7612458 ], [ -105.2382598, 39.7608271 ], [ -105.2382895, 39.7606557 ], [ -105.238489, 39.7602371 ], [ -105.2385381, 39.760042 ], [ -105.2385686, 39.7598497 ], [ -105.2385258, 39.7595914 ], [ -105.2384188, 39.7593074 ], [ -105.2379965, 39.7589442 ], [ -105.2374611, 39.7587133 ], [ -105.2368394, 39.758589 ], [ -105.2363514, 39.7582409 ], [ -105.2359929, 39.758034 ], [ -105.235594, 39.7579382 ], [ -105.2352837, 39.7586328 ], [ -105.2355181, 39.7588522 ], [ -105.2356316, 39.7589147 ], [ -105.2359829, 39.759044 ], [ -105.2362106, 39.7591862 ], [ -105.2360204, 39.7593312 ], [ -105.2357231, 39.7590862 ], [ -105.2353391, 39.7590321 ], [ -105.2350279, 39.7591902 ], [ -105.2345169, 39.760358 ], [ -105.2345605, 39.7608311 ], [ -105.2343144, 39.7608671 ], [ -105.2340709, 39.7616532 ], [ -105.2340602, 39.7626841 ], [ -105.2341889, 39.7633852 ], [ -105.2339898, 39.7634167 ] ] ] } },
{ "type": "Feature", "properties": { "name": "; White Ash Mine Park", "landuse": "", "leisure": "park", "natural": "grassland", "boundary": "", "amenity": "", "type": "District System", "district_system_type": "Central Hot Water" }, "geometry": { "type": "Polygon", "coordinates": [ [ [ -105.2351923, 39.7635763 ], [ -105.2353074, 39.7635114 ], [ -105.2354267, 39.7634261 ], [ -105.2355484, 39.7633371 ], [ -105.2355787, 39.7633222 ], [ -105.2355978, 39.7633197 ], [ -105.2356169, 39.7633192 ], [ -105.2356366, 39.7633226 ], [ -105.2356556, 39.7633318 ], [ -105.235697, 39.7633581 ], [ -105.2358042, 39.7634093 ], [ -105.2359624, 39.7634642 ], [ -105.2360458, 39.7635034 ], [ -105.2357724, 39.7636657 ], [ -105.2359821, 39.7639123 ], [ -105.2360817, 39.7646614 ], [ -105.2360508, 39.764804 ], [ -105.2364143, 39.7649047 ], [ -105.2361631, 39.7652959 ], [ -105.2361058, 39.765385 ], [ -105.2357611, 39.7652797 ], [ -105.2354305, 39.7656962 ], [ -105.2360717, 39.7669416 ], [ -105.2362882, 39.7673127 ], [ -105.2366449, 39.7673354 ], [ -105.2369633, 39.7671982 ], [ -105.2368155, 39.7673809 ], [ -105.2367585, 39.7674251 ], [ -105.2367015, 39.7674642 ], [ -105.2366464, 39.7674977 ], [ -105.2365847, 39.767527 ], [ -105.2365207, 39.7675536 ], [ -105.2364462, 39.7675722 ], [ -105.2363731, 39.7675878 ], [ -105.2363001, 39.7675946 ], [ -105.2362128, 39.7675994 ], [ -105.2360896, 39.7675864 ], [ -105.2358781, 39.7675628 ], [ -105.2355583, 39.7675771 ], [ -105.2355359, 39.7675737 ], [ -105.2355189, 39.7675583 ], [ -105.2354834, 39.7675655 ], [ -105.2354657, 39.7675319 ], [ -105.2354225, 39.7675435 ], [ -105.2348162, 39.7662455 ], [ -105.2341865, 39.764905 ], [ -105.2339554, 39.7644303 ], [ -105.2338469, 39.7641853 ], [ -105.2337634, 39.7639578 ], [ -105.2338299, 39.7639303 ], [ -105.2340027, 39.7639065 ], [ -105.2341945, 39.76388 ], [ -105.2343711, 39.763851 ], [ -105.2346584, 39.7637743 ], [ -105.2347154, 39.7637644 ], [ -105.2348457, 39.7637496 ], [ -105.2350326, 39.76371 ], [ -105.2350414, 39.7636783 ], [ -105.2350529, 39.7636371 ], [ -105.2351923, 39.7635763 ] ] ] } },
{ "type": "Feature", "properties": { "name": "Prospect Park; ", "landuse": "", "leisure": "park", "natural": "wood", "boundary": "", "amenity": "", "type": "District System", "district_system_type": "Central Hot Water" }, "geometry": { "type": "Polygon", "coordinates": [ [ [ -105.1242417, 39.77331 ], [ -105.124982, 39.7736872 ], [ -105.125151, 39.7740665 ], [ -105.1249579, 39.7743201 ], [ -105.124976522177036, 39.774527957494833 ], [ -105.1258268, 39.7743552 ], [ -105.1275997, 39.7741759 ], [ -105.1280825, 39.7742996 ], [ -105.1297535, 39.7742975 ], [ -105.1297362, 39.7752542 ], [ -105.1297501, 39.7760054 ], [ -105.1297482, 39.7764744 ], [ -105.1284902, 39.7764929 ], [ -105.1284768, 39.777033 ], [ -105.1276695, 39.777031 ], [ -105.1276695, 39.7768743 ], [ -105.126838, 39.7768681 ], [ -105.1268326, 39.777031 ], [ -105.1261996, 39.7770248 ], [ -105.1261781, 39.778142 ], [ -105.1252527, 39.7781421 ], [ -105.1252088, 39.7782251 ], [ -105.124902, 39.7782241 ], [ -105.124527, 39.7782229 ], [ -105.124526, 39.7781541 ], [ -105.1245154, 39.77743 ], [ -105.1242124, 39.777427 ], [ -105.1242109, 39.7773413 ], [ -105.1241157, 39.7772649 ], [ -105.1237767, 39.7772142 ], [ -105.1237643, 39.7766083 ], [ -105.1226807, 39.7766 ], [ -105.1226538, 39.775592 ], [ -105.122105067508642, 39.775576314787003 ], [ -105.1211223, 39.7757054 ], [ -105.1204598, 39.7759651 ], [ -105.1200224, 39.7759511 ], [ -105.1188558, 39.7759136 ], [ -105.1188692, 39.7755879 ], [ -105.1182309, 39.7757631 ], [ -105.1164579, 39.7757775 ], [ -105.1149827, 39.7755796 ], [ -105.1144409, 39.7757116 ], [ -105.1133171, 39.7759651 ], [ -105.11255, 39.7760435 ], [ -105.112322, 39.7762496 ], [ -105.1121664, 39.7765011 ], [ -105.1119813, 39.7765382 ], [ -105.1119894, 39.7760496 ], [ -105.1119223, 39.7759404 ], [ -105.1114717, 39.7758538 ], [ -105.110423, 39.7757404 ], [ -105.1098758, 39.7754931 ], [ -105.1097953, 39.7749756 ], [ -105.1110211, 39.7754436 ], [ -105.1122361, 39.7754518 ], [ -105.1129174, 39.7753446 ], [ -105.1128316, 39.7742995 ], [ -105.1142317, 39.7740232 ], [ -105.1151812, 39.7736645 ], [ -105.1170909, 39.7743201 ], [ -105.1181263, 39.7741428 ], [ -105.1185715, 39.7734254 ], [ -105.1198912, 39.7734666 ], [ -105.1211786, 39.7735037 ], [ -105.1217686, 39.7734181 ], [ -105.1219457, 39.7733924 ], [ -105.1228899, 39.773545 ], [ -105.123716, 39.7736151 ], [ -105.1237777, 39.7733759 ], [ -105.1242417, 39.77331 ] ] ] } },
{ "type": "Feature", "properties": { "name": "Heritage Dells Park; ", "landuse": "", "leisure": "park", "natural": "wood; grassland", "boundary": "", "amenity": "", "type": "District System", "district_system_type": "Central Hot Water" }, "geometry": { "type": "Polygon", "coordinates": [ [ [ -105.2135941, 39.7218605 ], [ -105.2137041, 39.7229808 ], [ -105.2143157, 39.7239153 ], [ -105.2139777, 39.7239875 ], [ -105.2135861, 39.7242371 ], [ -105.2137202, 39.7249963 ], [ -105.2130104, 39.724978 ], [ -105.2130015, 39.7250721 ], [ -105.2132048, 39.7255966 ], [ -105.2138615, 39.725603 ], [ -105.2139509, 39.7259824 ], [ -105.2142459, 39.7265538 ], [ -105.214946, 39.7267353 ], [ -105.2152379, 39.7264756 ], [ -105.2153886, 39.7264827 ], [ -105.2155101, 39.7265046 ], [ -105.215602, 39.7265306 ], [ -105.2158841, 39.7266631 ], [ -105.2159401, 39.7266956 ], [ -105.2159636, 39.7267352 ], [ -105.2159196, 39.7267786 ], [ -105.2154583, 39.7268282 ], [ -105.2152759, 39.727447 ], [ -105.2153456, 39.7280948 ], [ -105.2156085, 39.7286022 ], [ -105.2163917, 39.7292623 ], [ -105.2164668, 39.729415 ], [ -105.2167631, 39.7295454 ], [ -105.2169637, 39.7295186 ], [ -105.2172064, 39.7295047 ], [ -105.2172842, 39.7294407 ], [ -105.2174458, 39.7292334 ], [ -105.2176684, 39.7289446 ], [ -105.2178669, 39.728726 ], [ -105.2181485, 39.728301 ], [ -105.2183658, 39.7281401 ], [ -105.2187453, 39.7280638 ], [ -105.2188208, 39.7283657 ], [ -105.2188486, 39.728466 ], [ -105.2188911, 39.7285706 ], [ -105.218967, 39.7286808 ], [ -105.2190567, 39.7287719 ], [ -105.2191769, 39.7288587 ], [ -105.2192953, 39.7289234 ], [ -105.2194535, 39.7289789 ], [ -105.2199372, 39.729087 ], [ -105.2200412, 39.7291198 ], [ -105.2197659, 39.7293655 ], [ -105.2193368, 39.7294397 ], [ -105.2191908, 39.7294993 ], [ -105.21922, 39.7297097 ], [ -105.2191195, 39.729695 ], [ -105.219015, 39.7298983 ], [ -105.2188222, 39.7297234 ], [ -105.2184465, 39.72975 ], [ -105.2182049, 39.7298482 ], [ -105.2180064, 39.7300874 ], [ -105.2179752, 39.7303986 ], [ -105.2183257, 39.7306283 ], [ -105.2182986, 39.7307559 ], [ -105.2180585, 39.7307454 ], [ -105.2178776, 39.7307626 ], [ -105.2177766, 39.7307719 ], [ -105.2177841, 39.7305699 ], [ -105.2177238, 39.7304605 ], [ -105.2175092, 39.7304672 ], [ -105.2173251, 39.7305412 ], [ -105.2168584, 39.7309084 ], [ -105.2173948, 39.7323771 ], [ -105.217097, 39.7322875 ], [ -105.2168395, 39.732172 ], [ -105.2161626, 39.7317331 ], [ -105.2161543, 39.7315433 ], [ -105.2161405, 39.7314458 ], [ -105.21612, 39.7314155 ], [ -105.2160919, 39.731392 ], [ -105.2160569, 39.7313784 ], [ -105.2160192, 39.7313737 ], [ -105.2159861, 39.731379 ], [ -105.2159284, 39.7313965 ], [ -105.2158635, 39.731376 ], [ -105.2158234, 39.7314081 ], [ -105.2158009, 39.731485 ], [ -105.21575, 39.7314495 ], [ -105.215589, 39.7313419 ], [ -105.2154998, 39.7312713 ], [ -105.2154125, 39.7311839 ], [ -105.2152057, 39.7308795 ], [ -105.2151891, 39.7308276 ], [ -105.214946, 39.7304525 ], [ -105.2152196, 39.7301844 ], [ -105.2151378, 39.7299843 ], [ -105.2146778, 39.7296563 ], [ -105.2141628, 39.7294026 ], [ -105.2138905, 39.7292902 ], [ -105.2135915, 39.7291303 ], [ -105.2132562, 39.7287239 ], [ -105.2130067, 39.7288075 ], [ -105.2125798, 39.7281928 ], [ -105.2130824, 39.7279349 ], [ -105.2132012, 39.7276615 ], [ -105.2132165, 39.727444 ], [ -105.2129027, 39.7260691 ], [ -105.2127412, 39.7258173 ], [ -105.212513, 39.7253963 ], [ -105.2124341, 39.7250695 ], [ -105.2124217, 39.7233932 ], [ -105.2123764, 39.7231809 ], [ -105.2122356, 39.7230643 ], [ -105.2122113, 39.7228197 ], [ -105.2121267, 39.7222977 ], [ -105.2121338, 39.7222551 ], [ -105.2121414, 39.7222157 ], [ -105.212145, 39.7220953 ], [ -105.2121432, 39.7220192 ], [ -105.212163, 39.7219638 ], [ -105.2122494, 39.721878 ], [ -105.2123141, 39.7218075 ], [ -105.2123321, 39.7217798 ], [ -105.2123555, 39.7217729 ], [ -105.2127693, 39.7217673 ], [ -105.2132498, 39.7217659 ], [ -105.2133631, 39.7217493 ], [ -105.2133994, 39.7216919 ], [ -105.213549, 39.7215053 ], [ -105.213631, 39.7213175 ], [ -105.2136436, 39.7211842 ], [ -105.2136136, 39.7211091 ], [ -105.2135758, 39.7210704 ], [ -105.2135097, 39.7210498 ], [ -105.213475, 39.721051 ], [ -105.2133929, 39.7210609 ], [ -105.2135405, 39.7211138 ], [ -105.2135942, 39.7211674 ], [ -105.213594, 39.7212752 ], [ -105.2135807, 39.7213841 ], [ -105.2135432, 39.7214625 ], [ -105.2133903, 39.7216626 ], [ -105.2133407, 39.7216997 ], [ -105.2132602, 39.7217368 ], [ -105.212929, 39.7217317 ], [ -105.2125467, 39.7217337 ], [ -105.212296, 39.721741 ], [ -105.2122852, 39.7210849 ], [ -105.2123818, 39.7208188 ], [ -105.2124757, 39.7208002 ], [ -105.2126232, 39.7208229 ], [ -105.2127922, 39.7209219 ], [ -105.2129692, 39.7209302 ], [ -105.2133554, 39.720633 ], [ -105.2136491, 39.7202967 ], [ -105.2137803, 39.7203536 ], [ -105.2136263, 39.7206351 ], [ -105.2137148, 39.7208476 ], [ -105.2141306, 39.7210147 ], [ -105.2144203, 39.7209363 ], [ -105.2146536, 39.7208393 ], [ -105.2147493, 39.7209371 ], [ -105.2147949, 39.7210001 ], [ -105.2148359, 39.721039 ], [ -105.214435, 39.7211349 ], [ -105.2142191, 39.721386 ], [ -105.2142245, 39.7215758 ], [ -105.2144766, 39.721745 ], [ -105.2149084, 39.721771 ], [ -105.2149031, 39.7218709 ], [ -105.2135941, 39.7218605 ] ] ] } },
{ "type": "Feature", "properties": { "name": "; Lookout Mountain Park", "landuse": "", "leisure": "park", "natural": "wood", "boundary": "", "amenity": "", "type": "District System", "district_system_type": "Central Hot Water" }, "geometry": { "type": "Polygon", "coordinates": [ [ [ -105.2463204, 39.7284954 ], [ -105.2492896, 39.7274384 ], [ -105.2496331, 39.7272365 ], [ -105.2500536, 39.7271803 ], [ -105.2503171, 39.7274482 ], [ -105.2509983, 39.7273861 ], [ -105.2515746, 39.7267852 ], [ -105.2526948, 39.7261362 ], [ -105.253936, 39.7259354 ], [ -105.2567994, 39.7264031 ], [ -105.2586419, 39.7274014 ], [ -105.2596133, 39.7283832 ], [ -105.2608816, 39.7286237 ], [ -105.2606874, 39.7296761 ], [ -105.2614487, 39.7301298 ], [ -105.2624503, 39.7306242 ], [ -105.2627842, 39.7313888 ], [ -105.2633829, 39.7320438 ], [ -105.2638159, 39.7324236 ], [ -105.2644557, 39.7328747 ], [ -105.2641934, 39.7332256 ], [ -105.2638745, 39.7334369 ], [ -105.2637093, 39.7336908 ], [ -105.2632561, 39.733689 ], [ -105.2629518, 39.7333319 ], [ -105.2623317, 39.7334279 ], [ -105.2614245, 39.7339624 ], [ -105.2602418, 39.7346995 ], [ -105.2585305, 39.7355533 ], [ -105.258128, 39.7360834 ], [ -105.2581147, 39.7365494 ], [ -105.2577645, 39.7366133 ], [ -105.2575739, 39.7357942 ], [ -105.2580089, 39.7348986 ], [ -105.258123, 39.734394 ], [ -105.2577623, 39.7343523 ], [ -105.2571388, 39.7349245 ], [ -105.2566283, 39.7352087 ], [ -105.2560159, 39.7351774 ], [ -105.2551115, 39.7347351 ], [ -105.2546793, 39.7342244 ], [ -105.2545088, 39.7333467 ], [ -105.2544884, 39.7332396 ], [ -105.2539084, 39.7325124 ], [ -105.2527971, 39.7317863 ], [ -105.2516942, 39.7314621 ], [ -105.2505096, 39.7317199 ], [ -105.251174, 39.7325627 ], [ -105.2519498, 39.7328833 ], [ -105.2530046, 39.7329879 ], [ -105.2534175, 39.7332891 ], [ -105.2529282, 39.7337865 ], [ -105.2527037, 39.7338101 ], [ -105.2526448, 39.7340568 ], [ -105.25305, 39.7343408 ], [ -105.2554163, 39.7357376 ], [ -105.2558514, 39.735717 ], [ -105.2564039, 39.7355692 ], [ -105.256725, 39.7357473 ], [ -105.257606, 39.7362398 ], [ -105.2577783, 39.7373378 ], [ -105.2573396, 39.7381415 ], [ -105.2571044, 39.7380579 ], [ -105.256389, 39.7378421 ], [ -105.2551589, 39.7376384 ], [ -105.2534882, 39.7377995 ], [ -105.252033, 39.7378384 ], [ -105.2507563, 39.7380181 ], [ -105.2501178, 39.7375572 ], [ -105.2477189, 39.7371824 ], [ -105.2461354, 39.7351703 ], [ -105.2460784, 39.7348882 ], [ -105.2463251, 39.7344561 ], [ -105.2469766, 39.7336869 ], [ -105.2462939, 39.7333857 ], [ -105.246068088191052, 39.733074826963879 ], [ -105.2460892, 39.7332021 ], [ -105.2461911, 39.7334496 ], [ -105.2462072, 39.7336435 ], [ -105.2461959, 39.7338205 ], [ -105.2460945, 39.7340684 ], [ -105.2458853, 39.7342994 ], [ -105.2457673, 39.734547 ], [ -105.2457391, 39.7347201 ], [ -105.2458017, 39.7347758 ], [ -105.2458313, 39.7348865 ], [ -105.2459215, 39.7352189 ], [ -105.2458748, 39.7353367 ], [ -105.245786, 39.7354171 ], [ -105.2456257, 39.735481 ], [ -105.2454542, 39.7354794 ], [ -105.2453115, 39.7353256 ], [ -105.2453158, 39.7351014 ], [ -105.2453006, 39.7349209 ], [ -105.2452181, 39.734259 ], [ -105.2456472, 39.7337152 ], [ -105.2455624, 39.7332257 ], [ -105.2452401, 39.7331069 ], [ -105.2443914, 39.7330244 ], [ -105.2443398, 39.7334587 ], [ -105.2441163, 39.7337268 ], [ -105.2437069, 39.734249 ], [ -105.2432924, 39.7347659 ], [ -105.2429896, 39.7357198 ], [ -105.2428731, 39.7359778 ], [ -105.2426344, 39.7363669 ], [ -105.2423936, 39.7366829 ], [ -105.2419231, 39.7371463 ], [ -105.2416735, 39.7373181 ], [ -105.2415809, 39.7373776 ], [ -105.241392, 39.7375332 ], [ -105.2412868, 39.7376337 ], [ -105.2414656, 39.7379398 ], [ -105.241369, 39.738141 ], [ -105.2407158, 39.7384618 ], [ -105.2404726, 39.7385106 ], [ -105.2401043, 39.7384796 ], [ -105.2396864, 39.7385488 ], [ -105.2393086, 39.7386216 ], [ -105.239145, 39.738586 ], [ -105.2393877, 39.7383954 ], [ -105.2396962, 39.738067 ], [ -105.2399568, 39.7377847 ], [ -105.2402118, 39.7377062 ], [ -105.2404252, 39.7377222 ], [ -105.2405257, 39.7373651 ], [ -105.2406191, 39.737186 ], [ -105.2407288, 39.7368386 ], [ -105.2406556, 39.7365784 ], [ -105.2403639, 39.7363799 ], [ -105.2398737, 39.7363927 ], [ -105.2394625, 39.7362869 ], [ -105.2392461, 39.7363638 ], [ -105.2391696, 39.7366212 ], [ -105.2390089, 39.7370015 ], [ -105.2387677, 39.7371946 ], [ -105.2384772, 39.7371547 ], [ -105.2381181, 39.7370736 ], [ -105.2379852, 39.7371033 ], [ -105.237849, 39.7372242 ], [ -105.2381171, 39.7376286 ], [ -105.2379996, 39.7378974 ], [ -105.2377181, 39.7380877 ], [ -105.2373266, 39.7380472 ], [ -105.2371924, 39.7379848 ], [ -105.2369623, 39.7376318 ], [ -105.2366356, 39.7374453 ], [ -105.2364856, 39.7376636 ], [ -105.2362092, 39.7377146 ], [ -105.2360798, 39.7377442 ], [ -105.2355381, 39.7379144 ], [ -105.2353587, 39.7381476 ], [ -105.2351507, 39.7384983 ], [ -105.2346796, 39.7385007 ], [ -105.2343474, 39.7382744 ], [ -105.2344678, 39.7379762 ], [ -105.2346443, 39.7378188 ], [ -105.2353478, 39.7374906 ], [ -105.2360012, 39.7372112 ], [ -105.2362987, 39.7369328 ], [ -105.2367067, 39.7368784 ], [ -105.2370377, 39.7367662 ], [ -105.2373615, 39.7365034 ], [ -105.2374528, 39.7360582 ], [ -105.237594, 39.735456 ], [ -105.2376333, 39.7349525 ], [ -105.2375394, 39.7347787 ], [ -105.2373577, 39.734641 ], [ -105.2371125, 39.7346945 ], [ -105.2368011, 39.7348244 ], [ -105.2364359, 39.7350143 ], [ -105.2363211, 39.7350535 ], [ -105.23619, 39.7350567 ], [ -105.2363084, 39.7348043 ], [ -105.2362306, 39.7346536 ], [ -105.2360973, 39.734855 ], [ -105.2359864, 39.735041 ], [ -105.2357466, 39.7354317 ], [ -105.2355049, 39.7356128 ], [ -105.2352611, 39.7356312 ], [ -105.2349415, 39.7354141 ], [ -105.2345141, 39.7357488 ], [ -105.2340075, 39.7357552 ], [ -105.2337059, 39.7355332 ], [ -105.2336313, 39.7349619 ], [ -105.2337586, 39.7345948 ], [ -105.2343368, 39.7338414 ], [ -105.2344946, 39.7335565 ], [ -105.2349785, 39.733117 ], [ -105.2354364, 39.732862 ], [ -105.23673, 39.7328554 ], [ -105.23676, 39.7329312 ], [ -105.2364576, 39.7331065 ], [ -105.2365756, 39.7332242 ], [ -105.2368431, 39.7330818 ], [ -105.2368726, 39.7330263 ], [ -105.237218, 39.7328937 ], [ -105.2372212, 39.7325829 ], [ -105.2360255, 39.732575 ], [ -105.236025, 39.7328098 ], [ -105.2356173, 39.7328126 ], [ -105.2354402, 39.7328139 ], [ -105.2354378, 39.7326846 ], [ -105.2353223, 39.7326852 ], [ -105.2353281, 39.731556 ], [ -105.2376289, 39.731535 ], [ -105.2379508, 39.7315391 ], [ -105.2383537, 39.7316014 ], [ -105.2388817, 39.7316855 ], [ -105.2393305, 39.7316783 ], [ -105.2399683, 39.7315643 ], [ -105.2404047, 39.7314274 ], [ -105.2404941, 39.7313993 ], [ -105.2408588, 39.7311517 ], [ -105.2409865, 39.7310059 ], [ -105.2410466, 39.7309372 ], [ -105.2413095, 39.730438 ], [ -105.2414436, 39.7301039 ], [ -105.2414758, 39.7297779 ], [ -105.2414382, 39.7294396 ], [ -105.2414489, 39.7292127 ], [ -105.2415455, 39.7289734 ], [ -105.2417005, 39.7287874 ], [ -105.242194, 39.7292453 ], [ -105.242713764532397, 39.729732799453885 ], [ -105.2463204, 39.7284954 ] ], [ [ -105.237045, 39.7331624 ], [ -105.237238, 39.7332039 ], [ -105.2374151, 39.7331656 ], [ -105.2375008, 39.7331472 ], [ -105.2373405, 39.7330035 ], [ -105.237045, 39.7331624 ] ] ] } },
{ "type": "Feature", "properties": { "name": "; Welchester Tree Grant Park", "landuse": "", "leisure": "park", "natural": "wood", "boundary": "", "amenity": "", "type": "District System", "district_system_type": "Central Hot Water" }, "geometry": { "type": "Polygon", "coordinates": [ [ [ -105.1472001, 39.7298327 ], [ -105.1474629, 39.7295717 ], [ -105.1474603, 39.7291973 ], [ -105.1476614, 39.7292025 ], [ -105.1476413, 39.7295449 ], [ -105.1477687, 39.7295738 ], [ -105.1476869, 39.7297543 ], [ -105.1473771, 39.729941 ], [ -105.1471129, 39.7299843 ], [ -105.147090848716374, 39.729992119920517 ], [ -105.1470924, 39.7301799 ], [ -105.1467361, 39.7302196 ], [ -105.1466152, 39.7303903 ], [ -105.1461894, 39.7302921 ], [ -105.1458426, 39.7303525 ], [ -105.1456776, 39.7306711 ], [ -105.1455796, 39.7308264 ], [ -105.1451125, 39.7312403 ], [ -105.1447812, 39.7313399 ], [ -105.143698900872536, 39.73134563567605 ], [ -105.1436904, 39.7314169 ], [ -105.1433457, 39.7314468 ], [ -105.14331196091284, 39.73134768627574 ], [ -105.1424225, 39.7313524 ], [ -105.142422669975048, 39.731247088310795 ], [ -105.1423131, 39.7311621 ], [ -105.142065, 39.7312003 ], [ -105.142073, 39.7310817 ], [ -105.1421495, 39.7308909 ], [ -105.142423418936062, 39.730783053466453 ], [ -105.142426, 39.7291839 ], [ -105.1470841, 39.7291752 ], [ -105.147089733168755, 39.729857084896871 ], [ -105.1472001, 39.7298327 ] ] ] } },
{ "type": "Feature", "properties": { "name": "", "landuse": "recreation_ground", "leisure": "", "natural": "", "boundary": "", "amenity": "", "type": "District System", "district_system_type": "Central Hot Water" }, "geometry": { "type": "Polygon", "coordinates": [ [ [ -105.1434142, 39.731484 ], [ -105.1434276, 39.7327134 ], [ -105.1424379, 39.7327237 ], [ -105.1424459, 39.7316222 ], [ -105.1434034, 39.7314531 ], [ -105.1434142, 39.731484 ] ] ] } },
{ "type": "Feature", "properties": { "name": "South Ridge Park; Hockey Stop Park", "landuse": "", "leisure": "park", "natural": "", "boundary": "", "amenity": "", "type": "District System", "district_system_type": "Central Hot Water" }, "geometry": { "type": "MultiPolygon", "coordinates": [ [ [ [ -105.1969954, 39.7410198 ], [ -105.1970349, 39.7408872 ], [ -105.1970489, 39.7408435 ], [ -105.1972442, 39.7406281 ], [ -105.1978887, 39.7410362 ], [ -105.1979745, 39.7410904 ], [ -105.1977411, 39.7412845 ], [ -105.197675, 39.7413394 ], [ -105.1972211, 39.7412353 ], [ -105.1970094, 39.7411894 ], [ -105.1969717, 39.7411826 ], [ -105.196946, 39.741178 ], [ -105.1969954, 39.7410198 ] ] ], [ [ [ -105.1972051, 39.7422845 ], [ -105.1970164, 39.7422828 ], [ -105.1970191, 39.7422313 ], [ -105.1966673, 39.7422293 ], [ -105.1966665, 39.7422827 ], [ -105.1963563, 39.7422812 ], [ -105.1963569, 39.7422251 ], [ -105.196025, 39.7422247 ], [ -105.1960259, 39.7422815 ], [ -105.1959459, 39.7422815 ], [ -105.1959323, 39.7417241 ], [ -105.1959157, 39.7409631 ], [ -105.196946, 39.741178 ], [ -105.1969552, 39.7411799 ], [ -105.1972211, 39.7412353 ], [ -105.1972051, 39.7422845 ] ] ] ] } },
{ "type": "Feature", "properties": { "name": "; Ulysses Sports Complex", "landuse": "recreation_ground", "leisure": "", "natural": "scrub; grassland", "boundary": "", "amenity": "", "type": "District System", "district_system_type": "Central Hot Water" }, "geometry": { "type": "Polygon", "coordinates": [ [ [ -105.1984707, 39.7331565 ], [ -105.1984511, 39.7331804 ], [ -105.1984534, 39.733219 ], [ -105.1984546, 39.7335684 ], [ -105.1984567, 39.7335904 ], [ -105.198453, 39.7339133 ], [ -105.1984552, 39.7339354 ], [ -105.1984591, 39.7342585 ], [ -105.198452, 39.734318 ], [ -105.1990129, 39.734318 ], [ -105.1990225, 39.7344367 ], [ -105.1988342, 39.7345462 ], [ -105.1988872, 39.7345878 ], [ -105.1988499, 39.7346112 ], [ -105.1987739, 39.7347021 ], [ -105.198734, 39.7347717 ], [ -105.1987123, 39.7348479 ], [ -105.1987051, 39.7349147 ], [ -105.1986966, 39.735092 ], [ -105.198693, 39.7354094 ], [ -105.1986206, 39.7354085 ], [ -105.1986242, 39.735776 ], [ -105.1987147, 39.735777 ], [ -105.1987546, 39.7358067 ], [ -105.1987896, 39.7358197 ], [ -105.199416, 39.7358197 ], [ -105.199416, 39.735828 ], [ -105.1985096, 39.7358326 ], [ -105.1984168, 39.7359805 ], [ -105.1984115, 39.737733 ], [ -105.1984107, 39.7379192 ], [ -105.1984433, 39.7387396 ], [ -105.1973867, 39.7390056 ], [ -105.1972137, 39.7390493 ], [ -105.1969964, 39.738899 ], [ -105.196318, 39.7383444 ], [ -105.1958497, 39.7379295 ], [ -105.1947348, 39.7372106 ], [ -105.1940049, 39.7367737 ], [ -105.1939929, 39.736601 ], [ -105.1943989, 39.7366051 ], [ -105.1943858, 39.7362969 ], [ -105.1943853, 39.7362846 ], [ -105.1959005, 39.7362808 ], [ -105.1964584, 39.7342517 ], [ -105.1964204, 39.7341632 ], [ -105.1966989, 39.7332166 ], [ -105.1968225, 39.7327968 ], [ -105.196828, 39.7327782 ], [ -105.1971819, 39.7327729 ], [ -105.1984506, 39.7327605 ], [ -105.1984496, 39.732781 ], [ -105.1987908, 39.7327783 ], [ -105.1987962, 39.733073 ], [ -105.1984707, 39.7331565 ] ] ] } },
{ "type": "Feature", "properties": { "name": "; Westblade Park", "landuse": "", "leisure": "park", "natural": "wetland", "boundary": "", "amenity": "", "type": "District System", "district_system_type": "Central Hot Water" }, "geometry": { "type": "Polygon", "coordinates": [ [ [ -105.1901079, 39.7292049 ], [ -105.190031, 39.7292596 ], [ -105.1899183, 39.7293511 ], [ -105.1897653, 39.7294622 ], [ -105.1896755, 39.7295206 ], [ -105.1894986, 39.7296142 ], [ -105.1892885, 39.7296981 ], [ -105.1890729, 39.7297694 ], [ -105.1888974, 39.7298225 ], [ -105.1885394, 39.7299309 ], [ -105.187999, 39.7300978 ], [ -105.1874187, 39.7302712 ], [ -105.1874061, 39.7302221 ], [ -105.187402, 39.7298852 ], [ -105.1866819, 39.7298883 ], [ -105.1866881, 39.7304895 ], [ -105.1858751, 39.7307354 ], [ -105.184378, 39.7311947 ], [ -105.1843324, 39.7307238 ], [ -105.184331, 39.730186 ], [ -105.1842788, 39.7301912 ], [ -105.1842258, 39.7301118 ], [ -105.1842243, 39.7301009 ], [ -105.1842689, 39.7300312 ], [ -105.1843291, 39.7300291 ], [ -105.1843342, 39.7290944 ], [ -105.1855029, 39.7290959 ], [ -105.1854864, 39.72842 ], [ -105.1855442, 39.7284198 ], [ -105.1868646, 39.7284151 ], [ -105.1878556, 39.7284115 ], [ -105.1881452, 39.7284105 ], [ -105.1887532, 39.7279662 ], [ -105.1888191, 39.7279429 ], [ -105.188865, 39.7279426 ], [ -105.1902139, 39.7279351 ], [ -105.1902202, 39.7287374 ], [ -105.1902556, 39.7291069 ], [ -105.1901079, 39.7292049 ] ] ] } },
{ "type": "Feature", "properties": { "name": "; Bellows Park", "landuse": "", "leisure": "park", "natural": "wetland", "boundary": "", "amenity": "", "type": "District System", "district_system_type": "Central Hot Water" }, "geometry": { "type": "Polygon", "coordinates": [ [ [ -105.126119, 39.7344089 ], [ -105.1257577, 39.7344202 ], [ -105.1255668, 39.7344653 ], [ -105.125179, 39.7346009 ], [ -105.1248911, 39.7346641 ], [ -105.1239335, 39.7346664 ], [ -105.1237903, 39.7345433 ], [ -105.1238087, 39.7327418 ], [ -105.124734, 39.7327615 ], [ -105.124745, 39.7329903 ], [ -105.1251966, 39.7335013 ], [ -105.1254573, 39.7336256 ], [ -105.1258612, 39.733843 ], [ -105.1260673, 39.7338568 ], [ -105.1261146, 39.73386 ], [ -105.1261463, 39.7341982 ], [ -105.1261601, 39.7343451 ], [ -105.126119, 39.7344089 ] ] ] } },
{ "type": "Feature", "properties": { "name": "", "landuse": "recreation_ground", "leisure": "", "natural": "", "boundary": "", "amenity": "", "type": "District System", "district_system_type": "Central Hot Water" }, "geometry": { "type": "Polygon", "coordinates": [ [ [ -105.1369777, 39.7196388 ], [ -105.136978, 39.7193384 ], [ -105.1365553, 39.7193381 ], [ -105.136555, 39.7196385 ], [ -105.1369777, 39.7196388 ] ] ] } },
{ "type": "Feature", "properties": { "name": "Norman D. Perry Park", "landuse": "", "leisure": "park", "natural": "", "boundary": "", "amenity": "", "type": "District System", "district_system_type": "Central Hot Water" }, "geometry": { "type": "Polygon", "coordinates": [ [ [ -105.2334844, 39.7710093 ], [ -105.2334461, 39.7709782 ], [ -105.2328752, 39.7708967 ], [ -105.2321739, 39.7707638 ], [ -105.2312191, 39.77054 ], [ -105.2312321, 39.7709535 ], [ -105.2312339, 39.7709985 ], [ -105.2312922, 39.7710074 ], [ -105.2313264, 39.7709766 ], [ -105.2325515, 39.7713021 ], [ -105.2330722, 39.7714298 ], [ -105.233147, 39.7714321 ], [ -105.2332378, 39.7714242 ], [ -105.2333508, 39.7714403 ], [ -105.2334588, 39.771466 ], [ -105.2335569, 39.7714993 ], [ -105.2338336, 39.7715937 ], [ -105.2339684, 39.7712286 ], [ -105.2339486, 39.7711847 ], [ -105.2334907, 39.7711874 ], [ -105.2334844, 39.7710093 ] ] ] } },
{ "type": "Feature", "properties": { "name": "Orchard Street Park; ", "landuse": "recreation_ground", "leisure": "park", "natural": "", "boundary": "", "amenity": "", "type": "District System", "district_system_type": "Central Hot Water" }, "geometry": { "type": "Polygon", "coordinates": [ [ [ -105.1776471, 39.7387588 ], [ -105.1781091, 39.7387605 ], [ -105.1781004, 39.7385505 ], [ -105.1776632, 39.7385443 ], [ -105.1776611, 39.7382551 ], [ -105.1798223, 39.7382452 ], [ -105.1798277, 39.7391569 ], [ -105.1776551, 39.7391569 ], [ -105.1776471, 39.7387588 ] ] ] } },
{ "type": "Feature", "properties": { "name": "Wolf Park", "landuse": "", "leisure": "park", "natural": "", "boundary": "", "amenity": "", "type": "District System", "district_system_type": "Central Hot Water" }, "geometry": { "type": "Polygon", "coordinates": [ [ [ -105.1818929, 39.7290974 ], [ -105.1811097, 39.7291098 ], [ -105.1811097, 39.7295265 ], [ -105.1796398, 39.7295224 ], [ -105.1796559, 39.7290933 ], [ -105.1791549, 39.7290809 ], [ -105.1790605, 39.728821 ], [ -105.1818427, 39.7281541 ], [ -105.1818929, 39.7290974 ] ] ] } },
{ "type": "Feature", "properties": { "name": "Daniels Park", "landuse": "", "leisure": "park", "natural": "", "boundary": "", "amenity": "", "type": "District System", "district_system_type": "Central Hot Water" }, "geometry": { "type": "Polygon", "coordinates": [ [ [ -105.1417698, 39.7366456 ], [ -105.1412336, 39.7366406 ], [ -105.1401476, 39.7366154 ], [ -105.1390613, 39.7365906 ], [ -105.1384578, 39.7366009 ], [ -105.1377551, 39.736603 ], [ -105.1377542, 39.7366206 ], [ -105.1377548, 39.7367012 ], [ -105.1377436, 39.7380719 ], [ -105.1377428, 39.7381709 ], [ -105.137739, 39.7386511 ], [ -105.1377629, 39.7386826 ], [ -105.1378219, 39.7386908 ], [ -105.137905, 39.7386805 ], [ -105.1380445, 39.7386599 ], [ -105.1382966, 39.738598 ], [ -105.1385085, 39.7385341 ], [ -105.1388438, 39.7383897 ], [ -105.1392971, 39.7381917 ], [ -105.1397906, 39.7379628 ], [ -105.1402332, 39.7377606 ], [ -105.1406358, 39.7375972 ], [ -105.1409493, 39.7375007 ], [ -105.1417754, 39.7372965 ], [ -105.1417698, 39.7366456 ] ] ] } },
{ "type": "Feature", "properties": { "name": "Parfet Park", "landuse": "", "leisure": "park", "natural": "", "boundary": "", "amenity": "", "type": "District System", "district_system_type": "Central Hot Water" }, "geometry": { "type": "Polygon", "coordinates": [ [ [ -105.2231596, 39.7575764 ], [ -105.2231813, 39.757539 ], [ -105.2231845, 39.7575045 ], [ -105.2231779, 39.7574728 ], [ -105.2231704, 39.757448 ], [ -105.2231533, 39.757426 ], [ -105.2231322, 39.7574093 ], [ -105.223103, 39.7574022 ], [ -105.2230674, 39.7573971 ], [ -105.2226936, 39.757001 ], [ -105.2226366, 39.7569498 ], [ -105.2226024, 39.7569349 ], [ -105.2225891, 39.7569269 ], [ -105.2225792, 39.7569312 ], [ -105.2225271, 39.756919 ], [ -105.2224833, 39.7569192 ], [ -105.222373, 39.7569631 ], [ -105.2222208, 39.7569976 ], [ -105.2221178, 39.7570266 ], [ -105.2220025, 39.7570594 ], [ -105.2219862, 39.7570915 ], [ -105.2219101, 39.7571058 ], [ -105.2219067, 39.7570883 ], [ -105.2218226, 39.7571 ], [ -105.2216144, 39.7571615 ], [ -105.2214644, 39.7572173 ], [ -105.221435, 39.7572283 ], [ -105.2214667, 39.7572621 ], [ -105.2217772, 39.7575937 ], [ -105.2217905, 39.7576078 ], [ -105.2218331, 39.7576086 ], [ -105.2219189, 39.7576101 ], [ -105.2219585, 39.7576549 ], [ -105.2219793, 39.7576779 ], [ -105.2219977, 39.7576983 ], [ -105.2220188, 39.7577216 ], [ -105.2220372, 39.757742 ], [ -105.2220567, 39.7577635 ], [ -105.2220757, 39.7577845 ], [ -105.2220958, 39.7578067 ], [ -105.222115, 39.757828 ], [ -105.2221339, 39.7578489 ], [ -105.2221542, 39.7578713 ], [ -105.2221725, 39.7578916 ], [ -105.2221918, 39.7579129 ], [ -105.2222115, 39.7579347 ], [ -105.222231, 39.7579562 ], [ -105.2222541, 39.7579818 ], [ -105.2222896, 39.7580204 ], [ -105.2223109, 39.7580489 ], [ -105.2223238, 39.7580353 ], [ -105.2223251, 39.7580171 ], [ -105.2227096, 39.7578059 ], [ -105.2230117, 39.7576424 ], [ -105.2230354, 39.7576455 ], [ -105.2230571, 39.7576435 ], [ -105.2230883, 39.7576273 ], [ -105.2231386, 39.7575974 ], [ -105.2231596, 39.7575764 ] ] ] } },
{ "type": "Feature", "properties": { "name": "; Vanover Park", "landuse": "", "leisure": "park", "natural": "wood", "boundary": "", "amenity": "", "type": "District System", "district_system_type": "Central Hot Water" }, "geometry": { "type": "Polygon", "coordinates": [ [ [ -105.2205441, 39.7582998 ], [ -105.220468, 39.7583442 ], [ -105.2200365, 39.7585876 ], [ -105.2198745, 39.758566 ], [ -105.2198855, 39.7586277 ], [ -105.2198536, 39.7586522 ], [ -105.2197868, 39.7586948 ], [ -105.2196749, 39.75859 ], [ -105.219504, 39.7584643 ], [ -105.2193534, 39.758412 ], [ -105.2192529, 39.7583979 ], [ -105.2191279, 39.7583802 ], [ -105.2191613, 39.7583117 ], [ -105.2192167, 39.758297 ], [ -105.219254, 39.7582775 ], [ -105.2193727, 39.7581748 ], [ -105.219536, 39.7581377 ], [ -105.2197026, 39.7580848 ], [ -105.2199447, 39.75807 ], [ -105.219996, 39.7580279 ], [ -105.2200072, 39.7579894 ], [ -105.2200144, 39.7579313 ], [ -105.2200352, 39.7578664 ], [ -105.2201928, 39.7578032 ], [ -105.2206272, 39.7582528 ], [ -105.2205441, 39.7582998 ] ] ] } },
{ "type": "Feature", "properties": { "name": "United States Marine Corps Memorial", "landuse": "", "leisure": "park", "natural": "", "boundary": "", "amenity": "", "type": "District System", "district_system_type": "Central Hot Water" }, "geometry": { "type": "Polygon", "coordinates": [ [ [ -105.1923566, 39.7250196 ], [ -105.1916709, 39.7250336 ], [ -105.1909878, 39.7250431 ], [ -105.1900355, 39.725067 ], [ -105.1900088, 39.7250218 ], [ -105.1921948, 39.7240232 ], [ -105.1922144, 39.7240212 ], [ -105.1922309, 39.7240227 ], [ -105.1922432, 39.724026 ], [ -105.1922553, 39.724031 ], [ -105.1922656, 39.7240368 ], [ -105.1922737, 39.7240426 ], [ -105.192297, 39.724061 ], [ -105.1923781, 39.7242959 ], [ -105.1924841, 39.7245945 ], [ -105.1924971, 39.7246343 ], [ -105.1925263, 39.7246732 ], [ -105.1925586, 39.7247757 ], [ -105.1925847, 39.7248629 ], [ -105.1925857, 39.7249268 ], [ -105.1925716, 39.7249596 ], [ -105.1925642, 39.7249715 ], [ -105.1925571, 39.7249805 ], [ -105.1925468, 39.7249895 ], [ -105.1925361, 39.7249982 ], [ -105.1925205, 39.7250051 ], [ -105.1925073, 39.7250097 ], [ -105.1924872, 39.7250135 ], [ -105.1923566, 39.7250196 ] ] ] } },
{ "type": "Feature", "properties": { "name": "Gary R. McDonnell Park", "landuse": "", "leisure": "park", "natural": "", "boundary": "", "amenity": "", "type": "District System", "district_system_type": "Central Hot Water" }, "geometry": { "type": "Polygon", "coordinates": [ [ [ -105.128644, 39.7327996 ], [ -105.1286303, 39.7329197 ], [ -105.1285521, 39.7330537 ], [ -105.128544, 39.7331217 ], [ -105.1285344, 39.7335841 ], [ -105.1285344, 39.7344615 ], [ -105.1285236, 39.7353613 ], [ -105.1285076, 39.7365369 ], [ -105.1285049, 39.7373761 ], [ -105.1284904, 39.7383628 ], [ -105.128485, 39.7389423 ], [ -105.1284673, 39.7392217 ], [ -105.1285167, 39.7392236 ], [ -105.1288562, 39.7392204 ], [ -105.128856, 39.739159 ], [ -105.1288542, 39.7384371 ], [ -105.1288536, 39.7382056 ], [ -105.1288541, 39.7381236 ], [ -105.1288589, 39.7373764 ], [ -105.1288644, 39.7365828 ], [ -105.128865, 39.7364983 ], [ -105.1288659, 39.7363641 ], [ -105.128875, 39.7353619 ], [ -105.1292532, 39.7353625 ], [ -105.1292566, 39.7349217 ], [ -105.1288981, 39.7349224 ], [ -105.1288965, 39.7344606 ], [ -105.1293421, 39.7344596 ], [ -105.129339, 39.7335815 ], [ -105.1288026, 39.7335832 ], [ -105.1287945, 39.7327778 ], [ -105.1328864, 39.7327752 ], [ -105.1328837, 39.7335184 ], [ -105.1330661, 39.7335178 ], [ -105.1330695, 39.732901 ], [ -105.1330768, 39.7315541 ], [ -105.1330842, 39.7307952 ], [ -105.1326451, 39.7307955 ], [ -105.1325453, 39.7307956 ], [ -105.1325439, 39.7308845 ], [ -105.1325002, 39.7310796 ], [ -105.1323875, 39.7311601 ], [ -105.1323902, 39.7314386 ], [ -105.132275, 39.7316861 ], [ -105.1321248, 39.731847 ], [ -105.1319612, 39.7319604 ], [ -105.1317868, 39.7319996 ], [ -105.1313737, 39.7320001 ], [ -105.1312506, 39.7320003 ], [ -105.1311711, 39.7319994 ], [ -105.1298484, 39.7319849 ], [ -105.1295456, 39.7320064 ], [ -105.1295375, 39.7321591 ], [ -105.1295177, 39.732243 ], [ -105.1294751, 39.7323463 ], [ -105.1293858, 39.7324534 ], [ -105.1292973, 39.7325096 ], [ -105.1292095, 39.7325548 ], [ -105.1290324, 39.7325955 ], [ -105.1286713, 39.7326029 ], [ -105.1286519, 39.7326141 ], [ -105.128644, 39.7327996 ] ] ] } },
{ "type": "Feature", "properties": { "name": "", "landuse": "", "leisure": "", "natural": "wetland", "boundary": "", "amenity": "", "type": "District System", "district_system_type": "Central Hot Water" }, "geometry": { "type": "Polygon", "coordinates": [ [ [ -105.1309634, 39.7726873 ], [ -105.1310197, 39.7726873 ], [ -105.1310529, 39.7726734 ], [ -105.131068, 39.7726378 ], [ -105.1310653, 39.7725739 ], [ -105.1310358, 39.7724379 ], [ -105.1310063, 39.7722915 ], [ -105.1309923, 39.772219 ], [ -105.1309768, 39.7721389 ], [ -105.1309661, 39.7720833 ], [ -105.1309419, 39.7720647 ], [ -105.130891, 39.7720565 ], [ -105.1307864, 39.7720647 ], [ -105.1306773, 39.772125 ], [ -105.1305593, 39.7721745 ], [ -105.130384, 39.7722338 ], [ -105.1301963, 39.7722936 ], [ -105.1300166, 39.7723492 ], [ -105.1298932, 39.772376 ], [ -105.1297832, 39.7724152 ], [ -105.129701, 39.7724837 ], [ -105.1296438, 39.7725739 ], [ -105.1295794, 39.7726193 ], [ -105.1294775, 39.7726337 ], [ -105.1293085, 39.772609 ], [ -105.1292387, 39.7725677 ], [ -105.1291368, 39.7724894 ], [ -105.1290295, 39.7724523 ], [ -105.128899, 39.7724487 ], [ -105.1287783, 39.7724549 ], [ -105.1287264, 39.7724688 ], [ -105.1287077, 39.7725265 ], [ -105.1287107, 39.7725476 ], [ -105.1287184, 39.7726007 ], [ -105.1287676, 39.7726775 ], [ -105.128882, 39.7727409 ], [ -105.1290081, 39.7727512 ], [ -105.1291019, 39.7727512 ], [ -105.1293058, 39.7727574 ], [ -105.1294435, 39.7727888 ], [ -105.1295445, 39.7728131 ], [ -105.1296759, 39.7728378 ], [ -105.1298056, 39.7728631 ], [ -105.1299603, 39.7728976 ], [ -105.130081, 39.7729264 ], [ -105.130208, 39.7729579 ], [ -105.1302982, 39.7729574 ], [ -105.1303421, 39.772929 ], [ -105.1303787, 39.7728584 ], [ -105.1303743, 39.7728074 ], [ -105.1303421, 39.772727 ], [ -105.1302992, 39.7726425 ], [ -105.1302955, 39.7725884 ], [ -105.1303143, 39.7725348 ], [ -105.1303599, 39.7725141 ], [ -105.1304457, 39.7725121 ], [ -105.1305191, 39.7725353 ], [ -105.1306452, 39.7725703 ], [ -105.1307247, 39.7725822 ], [ -105.1307461, 39.7725966 ], [ -105.1308302, 39.7726425 ], [ -105.1308829, 39.7726688 ], [ -105.1309634, 39.7726873 ] ] ] } },
{ "type": "Feature", "properties": { "name": "", "landuse": "", "leisure": "", "natural": "wetland", "boundary": "", "amenity": "", "type": "District System", "district_system_type": "Central Hot Water" }, "geometry": { "type": "Polygon", "coordinates": [ [ [ -105.1358584, 39.7724812 ], [ -105.1359309, 39.7724111 ], [ -105.1360113, 39.7723451 ], [ -105.1360811, 39.7722812 ], [ -105.1361052, 39.7722029 ], [ -105.1361571, 39.772158 ], [ -105.1361857, 39.7721121 ], [ -105.1361678, 39.7720797 ], [ -105.1361035, 39.7720694 ], [ -105.135955, 39.7720482 ], [ -105.1358138, 39.7720405 ], [ -105.1356841, 39.77204 ], [ -105.1355285, 39.7720565 ], [ -105.1354561, 39.7720874 ], [ -105.135398, 39.7721415 ], [ -105.1353998, 39.7721987 ], [ -105.1354561, 39.7722523 ], [ -105.135546, 39.7722862 ], [ -105.1355893, 39.7723223 ], [ -105.1356224, 39.7724049 ], [ -105.1356528, 39.7724714 ], [ -105.1357055, 39.7724997 ], [ -105.1357753, 39.772508 ], [ -105.1358182, 39.7724977 ], [ -105.1358584, 39.7724812 ] ] ] } },
{ "type": "Feature", "properties": { "name": "", "landuse": "", "leisure": "", "natural": "wetland", "boundary": "", "amenity": "", "type": "District System", "district_system_type": "Central Hot Water" }, "geometry": { "type": "Polygon", "coordinates": [ [ [ -105.1375482, 39.7721204 ], [ -105.137626, 39.7721101 ], [ -105.1376752, 39.7720879 ], [ -105.1377038, 39.7720524 ], [ -105.1377128, 39.7719663 ], [ -105.1377047, 39.7718673 ], [ -105.137702, 39.7717354 ], [ -105.1376967, 39.7716509 ], [ -105.1376877, 39.7715452 ], [ -105.1376636, 39.7714854 ], [ -105.1376153, 39.7714525 ], [ -105.137567, 39.7714421 ], [ -105.1374973, 39.7714566 ], [ -105.1374275, 39.7715081 ], [ -105.1372407, 39.7716818 ], [ -105.1370332, 39.7718709 ], [ -105.1369018, 39.7719637 ], [ -105.1368804, 39.7720111 ], [ -105.1369018, 39.7720585 ], [ -105.1370369, 39.7720962 ], [ -105.1371378, 39.772106 ], [ -105.1372827, 39.7721018 ], [ -105.1373658, 39.772106 ], [ -105.1374597, 39.7721142 ], [ -105.1375482, 39.7721204 ] ] ] } },
{ "type": "Feature", "properties": { "name": "", "landuse": "recreation_ground", "leisure": "", "natural": "", "boundary": "", "amenity": "", "type": "District System", "district_system_type": "Central Hot Water" }, "geometry": { "type": "Polygon", "coordinates": [ [ [ -105.147803, 39.7603196 ], [ -105.1477966, 39.7599825 ], [ -105.1474077, 39.7599868 ], [ -105.1474141, 39.7603239 ], [ -105.147803, 39.7603196 ] ] ] } },
{ "type": "Feature", "properties": { "name": "", "landuse": "", "leisure": "", "natural": "wetland", "boundary": "", "amenity": "", "type": "District System", "district_system_type": "Central Hot Water" }, "geometry": { "type": "Polygon", "coordinates": [ [ [ -105.143744, 39.7768299 ], [ -105.1437458, 39.776943 ], [ -105.1437386, 39.7770793 ], [ -105.1437252, 39.777168 ], [ -105.1437069, 39.7772038 ], [ -105.1436622, 39.7772267 ], [ -105.1436059, 39.7772401 ], [ -105.1435268, 39.7772442 ], [ -105.1433819, 39.7772473 ], [ -105.143318, 39.7772553 ], [ -105.1432751, 39.7772615 ], [ -105.1432563, 39.7772615 ], [ -105.1432398, 39.7772525 ], [ -105.1432357, 39.777235 ], [ -105.1432491, 39.7772082 ], [ -105.1433162, 39.7771133 ], [ -105.1434315, 39.776967 ], [ -105.1435442, 39.7768423 ], [ -105.143626, 39.7767392 ], [ -105.1436515, 39.7767186 ], [ -105.1436729, 39.7767155 ], [ -105.1436957, 39.7767248 ], [ -105.1437172, 39.7767485 ], [ -105.1437378, 39.7767925 ], [ -105.143744, 39.7768299 ] ] ] } },
{ "type": "Feature", "properties": { "name": "Applewood Athletic Club; Applewood Park; ", "landuse": "recreation_ground", "leisure": "park", "natural": "wood", "boundary": "", "amenity": "", "type": "District System", "district_system_type": "Central Hot Water" }, "geometry": { "type": "Polygon", "coordinates": [ [ [ -105.149252, 39.74649 ], [ -105.1491709, 39.7463463 ], [ -105.1490618, 39.746166 ], [ -105.149013, 39.7460734 ], [ -105.1487543, 39.7454049 ], [ -105.1485677, 39.7449226 ], [ -105.1485557, 39.7448564 ], [ -105.1485517, 39.7447945 ], [ -105.148564, 39.7447097 ], [ -105.148585, 39.7446315 ], [ -105.1486113, 39.7445747 ], [ -105.1486359, 39.7445338 ], [ -105.1489491, 39.7442906 ], [ -105.1489843, 39.7442883 ], [ -105.1494414, 39.7442587 ], [ -105.1496132, 39.7442476 ], [ -105.1500631, 39.7442179 ], [ -105.1501343, 39.7442695 ], [ -105.1505768, 39.7446077 ], [ -105.1516671, 39.745443 ], [ -105.1517679, 39.7455164 ], [ -105.1512476, 39.7461284 ], [ -105.1512395, 39.7462743 ], [ -105.1512003, 39.746327 ], [ -105.151045, 39.7465197 ], [ -105.1509525, 39.7464805 ], [ -105.150666732138461, 39.746859663067987 ], [ -105.1506816, 39.7468683 ], [ -105.1506883, 39.7468878 ], [ -105.1506816, 39.7469281 ], [ -105.1506561, 39.7469621 ], [ -105.1506159, 39.7469941 ], [ -105.150573, 39.7470033 ], [ -105.150559270066083, 39.747002246103158 ], [ -105.1504201, 39.7471869 ], [ -105.1503182, 39.7472869 ], [ -105.1502646, 39.747286 ], [ -105.149569815077953, 39.747290868167894 ], [ -105.1495645, 39.7473013 ], [ -105.1495403, 39.7473147 ], [ -105.1495135, 39.7473075 ], [ -105.1494934, 39.747291 ], [ -105.1494909, 39.7469791 ], [ -105.1494907, 39.7469487 ], [ -105.1490682, 39.7469477 ], [ -105.149063, 39.7467512 ], [ -105.1490602, 39.7466435 ], [ -105.1493066, 39.7465593 ], [ -105.149252, 39.74649 ] ] ] } },
{ "type": "Feature", "properties": { "name": "Tanglewood Sports Park", "landuse": "", "leisure": "park", "natural": "", "boundary": "", "amenity": "", "type": "District System", "district_system_type": "Central Hot Water" }, "geometry": { "type": "Polygon", "coordinates": [ [ [ -105.1553488, 39.7449973 ], [ -105.155615, 39.7447892 ], [ -105.1556614, 39.7447633 ], [ -105.1557235, 39.7447982 ], [ -105.1561722, 39.745135 ], [ -105.1568446, 39.745652 ], [ -105.1568982, 39.7456881 ], [ -105.1564656, 39.7460042 ], [ -105.1564719, 39.7462747 ], [ -105.1554738, 39.7462787 ], [ -105.1554775, 39.7463878 ], [ -105.155478, 39.7466254 ], [ -105.1554787, 39.7469523 ], [ -105.1554793, 39.7472394 ], [ -105.1535333, 39.7472436 ], [ -105.1534597, 39.7472371 ], [ -105.1533886, 39.7472232 ], [ -105.153314, 39.7471914 ], [ -105.153202, 39.7471206 ], [ -105.1531899, 39.7470946 ], [ -105.1531873, 39.7470695 ], [ -105.1532031, 39.7470365 ], [ -105.1532938, 39.7469243 ], [ -105.1535862, 39.7465933 ], [ -105.154348, 39.7458385 ], [ -105.1551446, 39.7451548 ], [ -105.1553488, 39.7449973 ] ] ] } },
{ "type": "Feature", "properties": { "name": "", "landuse": "", "leisure": "park", "natural": "", "boundary": "", "amenity": "", "type": "District System", "district_system_type": "Central Hot Water" }, "geometry": { "type": "Polygon", "coordinates": [ [ [ -105.1774244, 39.7310216 ], [ -105.1779128, 39.731018 ], [ -105.179008, 39.7310098 ], [ -105.1789984, 39.7317988 ], [ -105.1786928, 39.731801 ], [ -105.1786986, 39.7319554 ], [ -105.1775347, 39.7319532 ], [ -105.1775424, 39.7317878 ], [ -105.1774329, 39.731631 ], [ -105.1774244, 39.7310216 ] ] ] } },
{ "type": "Feature", "properties": { "name": "", "landuse": "", "leisure": "", "natural": "scrub", "boundary": "", "amenity": "", "type": "District System", "district_system_type": "Central Hot Water" }, "geometry": { "type": "Polygon", "coordinates": [ [ [ -105.1961122, 39.7476337 ], [ -105.1963337, 39.7474954 ], [ -105.1964286, 39.7473144 ], [ -105.1961161, 39.7471365 ], [ -105.1957621, 39.7470453 ], [ -105.1956823, 39.7465692 ], [ -105.1953483, 39.7464569 ], [ -105.1950415, 39.7460335 ], [ -105.1949742, 39.7461176 ], [ -105.1948385, 39.746028 ], [ -105.1946328, 39.745739 ], [ -105.1943619, 39.7458637 ], [ -105.1940376, 39.7459684 ], [ -105.1935258, 39.7457709 ], [ -105.1931986, 39.7455546 ], [ -105.1925281, 39.7456762 ], [ -105.1918763, 39.7459155 ], [ -105.1919058, 39.7463197 ], [ -105.1922056, 39.7468275 ], [ -105.1920211, 39.7467713 ], [ -105.1918682, 39.7469322 ], [ -105.192048, 39.7471095 ], [ -105.1924353, 39.7475998 ], [ -105.1948069, 39.7468035 ], [ -105.1949453, 39.7468841 ], [ -105.1945514, 39.747425 ], [ -105.1944131, 39.7479018 ], [ -105.194191, 39.7482438 ], [ -105.1948066, 39.7481582 ], [ -105.1949085, 39.7479344 ], [ -105.1951312, 39.7478314 ], [ -105.1957206, 39.7476398 ], [ -105.1957621, 39.7475547 ], [ -105.1956375, 39.7474695 ], [ -105.1956731, 39.7473022 ], [ -105.1960034, 39.7473691 ], [ -105.196037, 39.7475927 ], [ -105.1961122, 39.7476337 ] ] ] } },
{ "type": "Feature", "properties": { "name": "", "landuse": "", "leisure": "", "natural": "scrub", "boundary": "", "amenity": "", "type": "District System", "district_system_type": "Central Hot Water" }, "geometry": { "type": "Polygon", "coordinates": [ [ [ -105.1976317, 39.747415 ], [ -105.1975201, 39.7474814 ], [ -105.1975412, 39.7476304 ], [ -105.1976128, 39.7476401 ], [ -105.1979308, 39.7475462 ], [ -105.1978044, 39.747428 ], [ -105.1976317, 39.747415 ] ] ] } },
{ "type": "Feature", "properties": { "name": "", "landuse": "", "leisure": "", "natural": "scrub", "boundary": "", "amenity": "", "type": "District System", "district_system_type": "Central Hot Water" }, "geometry": { "type": "Polygon", "coordinates": [ [ [ -105.1889726, 39.744623 ], [ -105.1888907, 39.7446894 ], [ -105.1886212, 39.7447249 ], [ -105.1885407, 39.7447158 ], [ -105.1885541, 39.7446001 ], [ -105.1888162, 39.7445635 ], [ -105.1889294, 39.7445841 ], [ -105.1889726, 39.744623 ] ] ] } },
{ "type": "Feature", "properties": { "name": "", "landuse": "", "leisure": "", "natural": "scrub", "boundary": "", "amenity": "", "type": "District System", "district_system_type": "Central Hot Water" }, "geometry": { "type": "Polygon", "coordinates": [ [ [ -105.1904182, 39.7441212 ], [ -105.1906414, 39.7441762 ], [ -105.1905698, 39.7444871 ], [ -105.1904287, 39.744581 ], [ -105.1903318, 39.7445665 ], [ -105.1902076, 39.7445211 ], [ -105.1901233, 39.7444742 ], [ -105.1901928, 39.7443155 ], [ -105.1904182, 39.7441212 ] ] ] } },
{ "type": "Feature", "properties": { "name": "", "landuse": "", "leisure": "", "natural": "scrub", "boundary": "", "amenity": "", "type": "District System", "district_system_type": "Central Hot Water" }, "geometry": { "type": "Polygon", "coordinates": [ [ [ -105.189193, 39.7445635 ], [ -105.1891513, 39.7446093 ], [ -105.1891751, 39.7446471 ], [ -105.1892049, 39.7446665 ], [ -105.189391, 39.7446642 ], [ -105.1894997, 39.7446917 ], [ -105.189528, 39.7446505 ], [ -105.1893687, 39.7445852 ], [ -105.189193, 39.7445635 ] ] ] } },
{ "type": "Feature", "properties": { "name": "", "landuse": "", "leisure": "", "natural": "scrub", "boundary": "", "amenity": "", "type": "District System", "district_system_type": "Central Hot Water" }, "geometry": { "type": "Polygon", "coordinates": [ [ [ -105.1878274, 39.7447759 ], [ -105.1877455, 39.7448423 ], [ -105.1876264, 39.7448451 ], [ -105.1874879, 39.744789 ], [ -105.1874447, 39.7448045 ], [ -105.1873852, 39.7448114 ], [ -105.1873598, 39.7446121 ], [ -105.1877306, 39.7446969 ], [ -105.1877843, 39.7447369 ], [ -105.1878274, 39.7447759 ] ] ] } },
{ "type": "Feature", "properties": { "name": "Lions Park", "landuse": "", "leisure": "park", "natural": "", "boundary": "", "amenity": "", "type": "District System", "district_system_type": "Central Hot Water" }, "geometry": { "type": "Polygon", "coordinates": [ [ [ -105.2290643, 39.7554609 ], [ -105.2290049, 39.7554957 ], [ -105.229068, 39.7555763 ], [ -105.2290734, 39.7556125 ], [ -105.2290652, 39.755652 ], [ -105.2290703, 39.755669 ], [ -105.2290958, 39.7556876 ], [ -105.2291471, 39.7556973 ], [ -105.2292237, 39.7557116 ], [ -105.2293207, 39.7557111 ], [ -105.2294233, 39.7556972 ], [ -105.2294622, 39.755686 ], [ -105.229485, 39.7556633 ], [ -105.2294645, 39.7556401 ], [ -105.2294438, 39.7555031 ], [ -105.2294612, 39.7554685 ], [ -105.2294792, 39.7554493 ], [ -105.2295448, 39.7554208 ], [ -105.2297611, 39.7553957 ], [ -105.2297592, 39.7553684 ], [ -105.2297756, 39.7553349 ], [ -105.2298257, 39.7552936 ], [ -105.2298936, 39.7552749 ], [ -105.229924, 39.7552575 ], [ -105.2299737, 39.7552342 ], [ -105.2300307, 39.7552297 ], [ -105.2300983, 39.755241 ], [ -105.2300811, 39.7552119 ], [ -105.230065, 39.7551823 ], [ -105.2300452, 39.7551137 ], [ -105.2300414, 39.7550788 ], [ -105.2300523, 39.7550456 ], [ -105.2300822, 39.7549863 ], [ -105.2303128, 39.7547329 ], [ -105.2305317, 39.7544955 ], [ -105.2305562, 39.7545053 ], [ -105.2306076, 39.7545259 ], [ -105.2306266, 39.754521 ], [ -105.2306362, 39.7545084 ], [ -105.230653, 39.7544872 ], [ -105.2307379, 39.7544387 ], [ -105.230766, 39.7544202 ], [ -105.2307708, 39.7543972 ], [ -105.2307353, 39.7543422 ], [ -105.2306595, 39.7542319 ], [ -105.2306223, 39.7541822 ], [ -105.2305466, 39.7541369 ], [ -105.2304746, 39.7541123 ], [ -105.2304204, 39.7541125 ], [ -105.2302785, 39.7541319 ], [ -105.2296583, 39.754301 ], [ -105.2296622, 39.7543514 ], [ -105.2294802, 39.7543741 ], [ -105.2293051, 39.7544214 ], [ -105.22904, 39.7545117 ], [ -105.2287897, 39.7546335 ], [ -105.2287494, 39.7545996 ], [ -105.2286066, 39.7546933 ], [ -105.2284679, 39.7547881 ], [ -105.2284168, 39.7548462 ], [ -105.2285387, 39.7550002 ], [ -105.228587, 39.7549739 ], [ -105.2286034, 39.7549917 ], [ -105.2286214, 39.7550103 ], [ -105.228641, 39.7550316 ], [ -105.228659, 39.7550504 ], [ -105.2286781, 39.7550709 ], [ -105.2286951, 39.7550891 ], [ -105.2286702, 39.7551028 ], [ -105.228647, 39.7551156 ], [ -105.2288488, 39.7553334 ], [ -105.228909, 39.7552994 ], [ -105.228933, 39.7553252 ], [ -105.2289517, 39.7553448 ], [ -105.2289714, 39.7553655 ], [ -105.2289899, 39.7553846 ], [ -105.2290082, 39.7554039 ], [ -105.2290268, 39.7554231 ], [ -105.2290473, 39.7554438 ], [ -105.2290643, 39.7554609 ] ] ] } },
{ "type": "Feature", "properties": { "name": "", "landuse": "", "leisure": "", "natural": "wood; scrub", "boundary": "", "amenity": "", "type": "District System", "district_system_type": "Central Hot Water" }, "geometry": { "type": "Polygon", "coordinates": [ [ [ -105.1505659, 39.7207546 ], [ -105.1504576, 39.7207425 ], [ -105.1504254, 39.720669 ], [ -105.1503944, 39.7205879 ], [ -105.150542, 39.7205602 ], [ -105.1507307, 39.7205535 ], [ -105.1508349, 39.7204943 ], [ -105.1508957, 39.720417 ], [ -105.1509288, 39.7203286 ], [ -105.1508281, 39.7201061 ], [ -105.1508124, 39.7200685 ], [ -105.1513984, 39.719906 ], [ -105.1514976, 39.7201173 ], [ -105.1515206, 39.7201108 ], [ -105.1515789, 39.7202321 ], [ -105.1516243, 39.7202136 ], [ -105.1516739, 39.7202081 ], [ -105.1517164, 39.7202212 ], [ -105.1517675, 39.7202561 ], [ -105.1518242, 39.7203281 ], [ -105.1518725, 39.7203664 ], [ -105.1520086, 39.7205443 ], [ -105.1524478, 39.7205531 ], [ -105.1524203, 39.7203865 ], [ -105.1525585, 39.7203869 ], [ -105.152842, 39.7204327 ], [ -105.1529809, 39.7204436 ], [ -105.1530702, 39.7204338 ], [ -105.1531624, 39.720412 ], [ -105.1533537, 39.7203313 ], [ -105.1535338, 39.7202212 ], [ -105.1535947, 39.7201699 ], [ -105.1536287, 39.7201013 ], [ -105.1537354, 39.720027 ], [ -105.1540974, 39.7199576 ], [ -105.1541733, 39.7199475 ], [ -105.1548379, 39.7198592 ], [ -105.1551247, 39.7197149 ], [ -105.1555324, 39.7193147 ], [ -105.1558837, 39.7191084 ], [ -105.1557543, 39.7189089 ], [ -105.1559427, 39.7188377 ], [ -105.1560285, 39.7187959 ], [ -105.1561122, 39.7187432 ], [ -105.1562436, 39.7186421 ], [ -105.1564837, 39.7184591 ], [ -105.1565652, 39.7184124 ], [ -105.156664, 39.7183848 ], [ -105.1567346, 39.7183748 ], [ -105.1569161, 39.7183672 ], [ -105.1571626, 39.7183647 ], [ -105.1572474, 39.7183697 ], [ -105.1572713, 39.7183823 ], [ -105.1572843, 39.7184132 ], [ -105.1573071, 39.718492 ], [ -105.1573633, 39.7185797 ], [ -105.1574329, 39.7186591 ], [ -105.1572796, 39.7188068 ], [ -105.1570668, 39.7190127 ], [ -105.1567447, 39.7194055 ], [ -105.1563343, 39.7196221 ], [ -105.1559857, 39.7197748 ], [ -105.1553044, 39.7200223 ], [ -105.1551595, 39.7202431 ], [ -105.1550469, 39.7205546 ], [ -105.1546311, 39.7207712 ], [ -105.1543281, 39.7210271 ], [ -105.1540813, 39.7213592 ], [ -105.1540537, 39.7228474 ], [ -105.1540304, 39.7248381 ], [ -105.1539648, 39.7248326 ], [ -105.1530272, 39.7248326 ], [ -105.1524431, 39.7248004 ], [ -105.1522976, 39.7248008 ], [ -105.1515593, 39.7247967 ], [ -105.1515284, 39.7247961 ], [ -105.151486, 39.7247583 ], [ -105.1514798, 39.7247123 ], [ -105.1514798, 39.7246092 ], [ -105.1515228, 39.7243868 ], [ -105.151524, 39.7243335 ], [ -105.1515244, 39.7241275 ], [ -105.1515449, 39.7241276 ], [ -105.1515452, 39.724079 ], [ -105.1515248, 39.7240789 ], [ -105.151524, 39.724041 ], [ -105.1514994, 39.7239564 ], [ -105.1515039, 39.7239147 ], [ -105.1515178, 39.7238683 ], [ -105.1515323, 39.7238366 ], [ -105.1515273, 39.7238134 ], [ -105.151515, 39.7237893 ], [ -105.1515536, 39.7237786 ], [ -105.1515943, 39.7237747 ], [ -105.1516602, 39.723773 ], [ -105.1517462, 39.7237709 ], [ -105.1518222, 39.7237618 ], [ -105.1518819, 39.7237489 ], [ -105.1519461, 39.723727 ], [ -105.1520143, 39.7236987 ], [ -105.1520852, 39.7236575 ], [ -105.1521494, 39.7236076 ], [ -105.1521991, 39.7235514 ], [ -105.1522387, 39.7234827 ], [ -105.1522628, 39.723426 ], [ -105.1522717, 39.7233822 ], [ -105.1522884, 39.723167 ], [ -105.1522957, 39.7230673 ], [ -105.1523035, 39.7230553 ], [ -105.1523867, 39.7229917 ], [ -105.1524001, 39.7229771 ], [ -105.1524046, 39.7229174 ], [ -105.1524694, 39.722917 ], [ -105.1524694, 39.7227976 ], [ -105.1524683, 39.7225438 ], [ -105.1522962, 39.7221848 ], [ -105.152513, 39.7221241 ], [ -105.1524636, 39.7220151 ], [ -105.1525834, 39.7219792 ], [ -105.152546, 39.7218796 ], [ -105.1524865, 39.7217579 ], [ -105.1523923, 39.7217884 ], [ -105.1523836, 39.7217801 ], [ -105.1518491, 39.7219266 ], [ -105.1519491, 39.7221439 ], [ -105.1519, 39.7221697 ], [ -105.1518938, 39.7221796 ], [ -105.1518944, 39.7222058 ], [ -105.1518983, 39.7222307 ], [ -105.1519212, 39.7222852 ], [ -105.1519139, 39.7223041 ], [ -105.1518681, 39.7223162 ], [ -105.1520072, 39.7226056 ], [ -105.1520077, 39.7229192 ], [ -105.1520714, 39.7229188 ], [ -105.1520708, 39.7229553 ], [ -105.1520747, 39.7229772 ], [ -105.1521122, 39.7230094 ], [ -105.1521741, 39.7230588 ], [ -105.1521769, 39.7230725 ], [ -105.1521544, 39.723367 ], [ -105.1521289, 39.7234455 ], [ -105.152107, 39.7234808 ], [ -105.1520757, 39.7235273 ], [ -105.1520414, 39.7235598 ], [ -105.1519999, 39.7235946 ], [ -105.1519729, 39.7236091 ], [ -105.1519, 39.7236461 ], [ -105.1518206, 39.7236685 ], [ -105.1517244, 39.7236814 ], [ -105.151602, 39.723682 ], [ -105.1515605, 39.7236769 ], [ -105.1515116, 39.7236596 ], [ -105.1515167, 39.7236332 ], [ -105.1514942, 39.7235407 ], [ -105.1514825, 39.7234662 ], [ -105.1514599, 39.7233704 ], [ -105.1514162, 39.7232521 ], [ -105.1513528, 39.7231327 ], [ -105.1513178, 39.7230778 ], [ -105.1512253, 39.7229607 ], [ -105.1511728, 39.7229052 ], [ -105.151089, 39.7228295 ], [ -105.1509527, 39.722732 ], [ -105.1508267, 39.722658 ], [ -105.1506838, 39.7225924 ], [ -105.1505301, 39.7225403 ], [ -105.1504142, 39.7225078 ], [ -105.1502818, 39.7224832 ], [ -105.150167, 39.7224666 ], [ -105.1501653, 39.7224493 ], [ -105.1501528, 39.7224051 ], [ -105.1501378, 39.7223673 ], [ -105.1500829, 39.7222566 ], [ -105.1499897, 39.7221202 ], [ -105.1499539, 39.7220741 ], [ -105.1498964, 39.7220113 ], [ -105.1498666, 39.7219705 ], [ -105.1497859, 39.7215703 ], [ -105.1497707, 39.7215567 ], [ -105.1497499, 39.7215337 ], [ -105.1497291, 39.7215132 ], [ -105.1496883, 39.7214934 ], [ -105.1496484, 39.7214786 ], [ -105.1496542, 39.7214421 ], [ -105.1497108, 39.7214338 ], [ -105.1497541, 39.7214255 ], [ -105.1498106, 39.7214071 ], [ -105.1498829, 39.7213618 ], [ -105.1499314, 39.7213245 ], [ -105.149965, 39.7212894 ], [ -105.1499973, 39.7212951 ], [ -105.1500481, 39.7213085 ], [ -105.1501127, 39.7213553 ], [ -105.1501822, 39.7213896 ], [ -105.1503137, 39.7213763 ], [ -105.1503609, 39.7213429 ], [ -105.1503906, 39.7212493 ], [ -105.1503348, 39.7211854 ], [ -105.1502876, 39.721151 ], [ -105.1502368, 39.7211348 ], [ -105.1503038, 39.7210985 ], [ -105.1503398, 39.7210441 ], [ -105.150336, 39.7209697 ], [ -105.1503646, 39.7209343 ], [ -105.1503981, 39.7208694 ], [ -105.1504676, 39.7208694 ], [ -105.1505387, 39.7208225 ], [ -105.1505659, 39.7207546 ] ] ] } },
{ "type": "Feature", "properties": { "name": "; New Loveland Mine Park", "landuse": "", "leisure": "park", "natural": "wetland; scrub", "boundary": "", "amenity": "", "type": "District System", "district_system_type": "Central Hot Water" }, "geometry": { "type": "Polygon", "coordinates": [ [ [ -105.2333603, 39.756187 ], [ -105.2343839, 39.7556346 ], [ -105.234949, 39.755331 ], [ -105.2351876, 39.7552084 ], [ -105.2354584, 39.7550844 ], [ -105.2358279, 39.7549642 ], [ -105.2359238, 39.7549416 ], [ -105.2359756, 39.7549446 ], [ -105.2360479, 39.7549612 ], [ -105.2361222, 39.7550048 ], [ -105.2361613, 39.7550393 ], [ -105.2361916, 39.7550919 ], [ -105.2362112, 39.7551558 ], [ -105.236221, 39.7552393 ], [ -105.2362034, 39.7555294 ], [ -105.2361506, 39.7556955 ], [ -105.2360772, 39.7559323 ], [ -105.2359726, 39.7560961 ], [ -105.2359179, 39.756175 ], [ -105.2357927, 39.7563201 ], [ -105.2355552, 39.7565403 ], [ -105.2354408, 39.7566425 ], [ -105.2352844, 39.7567974 ], [ -105.2350106, 39.7571762 ], [ -105.2349529, 39.757234 ], [ -105.234864, 39.7574542 ], [ -105.2346342, 39.7580585 ], [ -105.2342554, 39.7589204 ], [ -105.2339505, 39.7595991 ], [ -105.2336902, 39.7601846 ], [ -105.2334937, 39.7606907 ], [ -105.2333742, 39.761044 ], [ -105.233267, 39.7610362 ], [ -105.2332818, 39.7609571 ], [ -105.2331637, 39.76094 ], [ -105.2332168, 39.7608084 ], [ -105.2332887, 39.7606262 ], [ -105.2333751, 39.7603933 ], [ -105.2334145, 39.7602913 ], [ -105.2334316, 39.7602374 ], [ -105.2334419, 39.7601564 ], [ -105.2334581, 39.7600821 ], [ -105.2334881, 39.7600196 ], [ -105.2336447, 39.7597498 ], [ -105.2337842, 39.7594406 ], [ -105.2337619, 39.7594248 ], [ -105.2339109, 39.7590873 ], [ -105.2339904, 39.7589136 ], [ -105.2340041, 39.7588057 ], [ -105.2340138, 39.7586986 ], [ -105.2342619, 39.758012 ], [ -105.234506, 39.757415 ], [ -105.2346763, 39.7559665 ], [ -105.2343088, 39.756018 ], [ -105.2338636, 39.7563026 ], [ -105.232697, 39.7568155 ], [ -105.2335224, 39.7580147 ], [ -105.2337527, 39.7579161 ], [ -105.2336676, 39.7581483 ], [ -105.2336977, 39.7581558 ], [ -105.2336808, 39.7582929 ], [ -105.2337116, 39.7583791 ], [ -105.2338568, 39.7586023 ], [ -105.2339008, 39.7587241 ], [ -105.233903, 39.7588052 ], [ -105.2338832, 39.7589354 ], [ -105.233683, 39.7593801 ], [ -105.2336324, 39.7593987 ], [ -105.2335272, 39.7593884 ], [ -105.2334345, 39.7593717 ], [ -105.2329527, 39.7592398 ], [ -105.2328517, 39.7591994 ], [ -105.232383, 39.7590104 ], [ -105.2322811, 39.7589975 ], [ -105.2323133, 39.7588408 ], [ -105.2322944, 39.7585916 ], [ -105.2321953, 39.7583707 ], [ -105.2320503, 39.7582339 ], [ -105.2316855, 39.7578889 ], [ -105.2312189, 39.7574469 ], [ -105.2279769, 39.759212 ], [ -105.2272152, 39.7596821 ], [ -105.2273416, 39.7595732 ], [ -105.2275132, 39.7594642 ], [ -105.2279087, 39.7592314 ], [ -105.2291372, 39.7585251 ], [ -105.2302433, 39.7579237 ], [ -105.2311936, 39.7573937 ], [ -105.2318656, 39.757021 ], [ -105.2324853, 39.7566771 ], [ -105.2333603, 39.756187 ] ] ] } },
{ "type": "Feature", "properties": { "name": "Rimrock Park", "landuse": "", "leisure": "park", "natural": "", "boundary": "", "amenity": "", "type": "District System", "district_system_type": "Central Hot Water" }, "geometry": { "type": "Polygon", "coordinates": [ [ [ -105.1953938, 39.7436548 ], [ -105.1957424, 39.7436668 ], [ -105.1957171, 39.7438276 ], [ -105.1956486, 39.7438424 ], [ -105.1955729, 39.7439478 ], [ -105.1954515, 39.7439441 ], [ -105.1954167, 39.743933 ], [ -105.1954023, 39.74392 ], [ -105.195395, 39.7438738 ], [ -105.1953938, 39.7436548 ] ] ] } },
{ "type": "Feature", "properties": { "name": "; Clear Creek History Park; Clear Creek", "landuse": "", "leisure": "park", "natural": "scrub; wood", "boundary": "", "amenity": "", "type": "District System", "district_system_type": "Central Hot Water" }, "geometry": { "type": "Polygon", "coordinates": [ [ [ -105.2305511, 39.7508989 ], [ -105.2306398, 39.7508744 ], [ -105.2306887, 39.750856 ], [ -105.2307126, 39.7508514 ], [ -105.2307465, 39.7508499 ], [ -105.2309698, 39.7508698 ], [ -105.2313795, 39.7508982 ], [ -105.2317104, 39.7509219 ], [ -105.2319078, 39.7509311 ], [ -105.2320015, 39.7509403 ], [ -105.2320533, 39.7509541 ], [ -105.2321052, 39.750971 ], [ -105.232149, 39.7510032 ], [ -105.2321787, 39.7510311 ], [ -105.2322072, 39.7510629 ], [ -105.2322229, 39.7510758 ], [ -105.2322702, 39.7511498 ], [ -105.2323138, 39.7512347 ], [ -105.2323454, 39.7513173 ], [ -105.2323664, 39.7514027 ], [ -105.2323822, 39.7515853 ], [ -105.2324032, 39.7519185 ], [ -105.2324122, 39.7521502 ], [ -105.2324175, 39.7522322 ], [ -105.2324122, 39.7522986 ], [ -105.2323927, 39.7523506 ], [ -105.2323626, 39.7524008 ], [ -105.2323213, 39.7524384 ], [ -105.2322883, 39.7524569 ], [ -105.2322572, 39.7524723 ], [ -105.2323768, 39.7524574 ], [ -105.2323594, 39.7524569 ], [ -105.2323549, 39.7524527 ], [ -105.2323705, 39.7524401 ], [ -105.2323968, 39.7524085 ], [ -105.2324105, 39.752386 ], [ -105.2324268, 39.7523581 ], [ -105.2324331, 39.7523419 ], [ -105.232436, 39.7523373 ], [ -105.2324409, 39.7523362 ], [ -105.2324446, 39.752337 ], [ -105.2324646, 39.7523729 ], [ -105.2324831, 39.7523929 ], [ -105.2325109, 39.7524114 ], [ -105.2325294, 39.7524202 ], [ -105.2325409, 39.7524265 ], [ -105.232541193793139, 39.752431259448741 ], [ -105.2325924, 39.7524226 ], [ -105.2325369, 39.7523917 ], [ -105.2324933, 39.7523626 ], [ -105.2324703, 39.7523123 ], [ -105.2324554, 39.7522558 ], [ -105.2324497, 39.7521322 ], [ -105.2324359, 39.7517914 ], [ -105.2324106, 39.7514692 ], [ -105.2323796, 39.7512971 ], [ -105.2323484, 39.7512185 ], [ -105.2322903, 39.7511142 ], [ -105.2322617, 39.7510709 ], [ -105.2322063, 39.7510068 ], [ -105.23217, 39.7509756 ], [ -105.2321016, 39.7509383 ], [ -105.2320254, 39.7509177 ], [ -105.2319683, 39.7509084 ], [ -105.2318913, 39.7509024 ], [ -105.2317589, 39.7508937 ], [ -105.2313669, 39.7508685 ], [ -105.2310995, 39.7508498 ], [ -105.2308191, 39.7508292 ], [ -105.2307291, 39.7508219 ], [ -105.230685, 39.7508279 ], [ -105.2306252, 39.7508512 ], [ -105.230556, 39.7508691 ], [ -105.2304493, 39.7508947 ], [ -105.2304148, 39.7508925 ], [ -105.2302791, 39.7508738 ], [ -105.2301718, 39.7508724 ], [ -105.2300593, 39.7508711 ], [ -105.2299641, 39.7508764 ], [ -105.2298274, 39.7508818 ], [ -105.22963, 39.7508645 ], [ -105.2294249, 39.7508445 ], [ -105.2291498, 39.7508039 ], [ -105.2289914, 39.7507793 ], [ -105.2288296, 39.7507474 ], [ -105.2286894, 39.7507121 ], [ -105.2285759, 39.7506772 ], [ -105.2284181, 39.7506252 ], [ -105.2282393, 39.7505579 ], [ -105.2280593, 39.7504808 ], [ -105.2279105, 39.7504062 ], [ -105.2277452, 39.7503138 ], [ -105.2276067, 39.7502313 ], [ -105.2275289, 39.7501787 ], [ -105.2273541, 39.7500496 ], [ -105.2272511, 39.7499731 ], [ -105.2271291, 39.7498813 ], [ -105.227055, 39.7498171 ], [ -105.2269657, 39.7497172 ], [ -105.2268095, 39.7495353 ], [ -105.2266545, 39.7493552 ], [ -105.2264754, 39.7491654 ], [ -105.2263766, 39.7490648 ], [ -105.2263583, 39.7490357 ], [ -105.2263031, 39.7489677 ], [ -105.2262848, 39.7489377 ], [ -105.2262744, 39.7488962 ], [ -105.2262698, 39.7488353 ], [ -105.2262584, 39.7487823 ], [ -105.2262274, 39.7487152 ], [ -105.226085, 39.7485457 ], [ -105.225868, 39.7482958 ], [ -105.2256417, 39.7480381 ], [ -105.2253891, 39.7477441 ], [ -105.2251492, 39.7474722 ], [ -105.2250527, 39.7473768 ], [ -105.2249896, 39.7473256 ], [ -105.2248805, 39.7472409 ], [ -105.2247335, 39.7471226 ], [ -105.2245567, 39.7469831 ], [ -105.2243787, 39.7468436 ], [ -105.2242489, 39.7467306 ], [ -105.2239757, 39.7464922 ], [ -105.2237529, 39.7462971 ], [ -105.223692, 39.7462441 ], [ -105.22363, 39.7461655 ], [ -105.2235749, 39.7460887 ], [ -105.2235255, 39.7460057 ], [ -105.2235035, 39.74596 ], [ -105.2236728, 39.7461397 ], [ -105.2239348, 39.7463496 ], [ -105.2244214, 39.7467173 ], [ -105.2246881, 39.7469501 ], [ -105.2249454, 39.7471906 ], [ -105.2253751, 39.7476521 ], [ -105.2259963, 39.7483595 ], [ -105.2269608, 39.7493874 ], [ -105.2271982, 39.7496495 ], [ -105.2273564, 39.7498025 ], [ -105.2275447, 39.7499468 ], [ -105.2276725, 39.7500327 ], [ -105.2277985, 39.7501185 ], [ -105.2280415, 39.7502509 ], [ -105.2283314, 39.7503878 ], [ -105.2284525, 39.7504354 ], [ -105.2285982, 39.7504871 ], [ -105.2287346, 39.7505283 ], [ -105.2288833, 39.7505694 ], [ -105.2291258, 39.7506247 ], [ -105.2294665, 39.7506773 ], [ -105.2297525, 39.7507056 ], [ -105.2300702, 39.7507273 ], [ -105.2305328, 39.7507406 ], [ -105.2310937, 39.7507607 ], [ -105.2315454, 39.7507912 ], [ -105.2318321, 39.7508252 ], [ -105.2321659, 39.7508879 ], [ -105.2325203, 39.7509629 ], [ -105.2326397, 39.7509988 ], [ -105.2327693, 39.7510362 ], [ -105.2328937, 39.7510878 ], [ -105.2331119, 39.7511764 ], [ -105.2333183, 39.75127 ], [ -105.2335303, 39.7513821 ], [ -105.2337629, 39.7515207 ], [ -105.2340169, 39.7516939 ], [ -105.2341479, 39.7517906 ], [ -105.2342617, 39.7518761 ], [ -105.2344974, 39.7520533 ], [ -105.2346411, 39.7521634 ], [ -105.2347479, 39.7522502 ], [ -105.2350116, 39.7524664 ], [ -105.235129, 39.7525837 ], [ -105.2351639, 39.7526182 ], [ -105.2352938, 39.752736 ], [ -105.2353464, 39.7527912 ], [ -105.2354291, 39.7528781 ], [ -105.235485, 39.7529528 ], [ -105.2355521, 39.7530279 ], [ -105.235582, 39.7530614 ], [ -105.2357359, 39.7533166 ], [ -105.2359006, 39.7536552 ], [ -105.2360374, 39.754002 ], [ -105.2360838, 39.7541527 ], [ -105.2360881, 39.7541995 ], [ -105.2360875, 39.7542431 ], [ -105.2360843, 39.7542965 ], [ -105.2360705, 39.7543455 ], [ -105.2360373, 39.7544266 ], [ -105.2360182, 39.7544483 ], [ -105.2359943, 39.7544761 ], [ -105.2359478, 39.7545169 ], [ -105.2358459, 39.7545922 ], [ -105.2353781, 39.7547782 ], [ -105.2348723, 39.7550272 ], [ -105.2344924, 39.7552408 ], [ -105.2344115, 39.7552724 ], [ -105.2343196, 39.7552801 ], [ -105.2342717, 39.7552612 ], [ -105.2342075, 39.7552096 ], [ -105.2341416, 39.755119 ], [ -105.2340821, 39.755023 ], [ -105.234074, 39.754987 ], [ -105.2341653, 39.7549587 ], [ -105.234446, 39.7548767 ], [ -105.234551, 39.7547914 ], [ -105.2346953, 39.7546482 ], [ -105.2347307, 39.7546039 ], [ -105.2347596, 39.7546221 ], [ -105.2348625, 39.7545421 ], [ -105.234817, 39.7545065 ], [ -105.2351449, 39.7542218 ], [ -105.2350871, 39.7541825 ], [ -105.2349538, 39.7541795 ], [ -105.2349136, 39.7541534 ], [ -105.2345385, 39.7541335 ], [ -105.2345003, 39.7541165 ], [ -105.2344531, 39.7541409 ], [ -105.2344254, 39.7541447 ], [ -105.2344126, 39.7541718 ], [ -105.2342412, 39.7542019 ], [ -105.2339343, 39.7543378 ], [ -105.2338498, 39.754376 ], [ -105.2337766, 39.7544185 ], [ -105.2336177, 39.7545315 ], [ -105.2333249, 39.7547367 ], [ -105.2332217, 39.754809 ], [ -105.233118, 39.7548817 ], [ -105.2330645, 39.7549744 ], [ -105.2330945, 39.7550706 ], [ -105.2330969, 39.7550756 ], [ -105.2331412, 39.7551524 ], [ -105.2329655, 39.7552134 ], [ -105.2329399, 39.7552014 ], [ -105.2329144, 39.7551578 ], [ -105.2328932, 39.7551066 ], [ -105.2328875, 39.7550772 ], [ -105.2328861, 39.7549725 ], [ -105.2329066, 39.7549082 ], [ -105.23293, 39.7548728 ], [ -105.2329662, 39.7548347 ], [ -105.2330787, 39.7547512 ], [ -105.2334052, 39.7545258 ], [ -105.2336559, 39.7543466 ], [ -105.2337262, 39.754299 ], [ -105.2338418, 39.7542428 ], [ -105.2341868, 39.7540899 ], [ -105.2343052, 39.7540437 ], [ -105.2343856, 39.7540224 ], [ -105.2344994, 39.7540003 ], [ -105.2345956, 39.7539833 ], [ -105.2348555, 39.753952 ], [ -105.2350303, 39.7539349 ], [ -105.2350958, 39.7539205 ], [ -105.2352579, 39.7538756 ], [ -105.2352641, 39.7538684 ], [ -105.2353605, 39.7537712 ], [ -105.2354477, 39.7536356 ], [ -105.2355017, 39.7535298 ], [ -105.2355042, 39.7535013 ], [ -105.2355147, 39.7534084 ], [ -105.2355069, 39.7533982 ], [ -105.2355046, 39.75339 ], [ -105.2355022, 39.7533773 ], [ -105.2355053, 39.753365 ], [ -105.2354981, 39.7533551 ], [ -105.2354922, 39.7533438 ], [ -105.2354863, 39.7533347 ], [ -105.235471216920331, 39.753311500178299 ], [ -105.2354504, 39.753294 ], [ -105.235418, 39.753285 ], [ -105.2353677, 39.7532787 ], [ -105.2353101, 39.7532573 ], [ -105.2352696, 39.7532179 ], [ -105.2351733, 39.7531245 ], [ -105.235115, 39.7530508 ], [ -105.2350898, 39.7530785 ], [ -105.2350223, 39.7531529 ], [ -105.2347859, 39.7532209 ], [ -105.2344714, 39.7533052 ], [ -105.2343058, 39.7533323 ], [ -105.2341626, 39.7533437 ], [ -105.2339301, 39.7533469 ], [ -105.2334689, 39.7533343 ], [ -105.2332768, 39.7533008 ], [ -105.2322213, 39.7529718 ], [ -105.2317935, 39.7529668 ], [ -105.231415, 39.7530606 ], [ -105.2310164, 39.753285 ], [ -105.2308979, 39.7533559 ], [ -105.2308324, 39.7534278 ], [ -105.2307225, 39.7535492 ], [ -105.2305442, 39.7537063 ], [ -105.2305473, 39.7537207 ], [ -105.2305592, 39.7537364 ], [ -105.2305688, 39.7537535 ], [ -105.2305639, 39.7537737 ], [ -105.2305271, 39.7538076 ], [ -105.2304549, 39.7538681 ], [ -105.2304103, 39.7539025 ], [ -105.2302968, 39.7539971 ], [ -105.2302377, 39.7540519 ], [ -105.2301821, 39.7540825 ], [ -105.2298333, 39.7541771 ], [ -105.229691, 39.7542167 ], [ -105.2295497, 39.7542421 ], [ -105.2292757, 39.754308 ], [ -105.2290874, 39.7543692 ], [ -105.2289232, 39.7544342 ], [ -105.2287012, 39.7545427 ], [ -105.2284923, 39.7546745 ], [ -105.2284223, 39.754719 ], [ -105.228403, 39.7547265 ], [ -105.2283644, 39.7547005 ], [ -105.2281789, 39.7548035 ], [ -105.2280822, 39.7548573 ], [ -105.2280541, 39.7548729 ], [ -105.2280267, 39.7548881 ], [ -105.2279952, 39.7549055 ], [ -105.2279662, 39.7549214 ], [ -105.2279368, 39.7549376 ], [ -105.2278995, 39.7549525 ], [ -105.2278712, 39.7549681 ], [ -105.2278406, 39.7549849 ], [ -105.227812, 39.7550007 ], [ -105.227782, 39.7550172 ], [ -105.227752, 39.7550337 ], [ -105.2277229, 39.7550498 ], [ -105.2276927, 39.7550664 ], [ -105.2276626, 39.755083 ], [ -105.227629, 39.7551015 ], [ -105.2275418, 39.7551477 ], [ -105.2275113, 39.7551645 ], [ -105.2274816, 39.7551809 ], [ -105.227453, 39.7551967 ], [ -105.2274241, 39.7552126 ], [ -105.2273934, 39.7552295 ], [ -105.2273637, 39.7552459 ], [ -105.2273333, 39.7552626 ], [ -105.2273034, 39.7552791 ], [ -105.2272734, 39.7552956 ], [ -105.2272444, 39.7553116 ], [ -105.2272152, 39.7553276 ], [ -105.2271832, 39.7553452 ], [ -105.2271537, 39.7553613 ], [ -105.2271251, 39.755377 ], [ -105.2270941, 39.755394 ], [ -105.2270659, 39.7554093 ], [ -105.2270221, 39.7554095 ], [ -105.2269775, 39.7554342 ], [ -105.2269453, 39.7554527 ], [ -105.2269168, 39.755469 ], [ -105.2268872, 39.755486 ], [ -105.2268587, 39.7555023 ], [ -105.2268297, 39.7555189 ], [ -105.2267991, 39.7555365 ], [ -105.2267705, 39.7555528 ], [ -105.2267413, 39.7555696 ], [ -105.2267125, 39.7555861 ], [ -105.2266841, 39.7556023 ], [ -105.2266539, 39.7556197 ], [ -105.2266251, 39.7556361 ], [ -105.2265946, 39.7556536 ], [ -105.226574, 39.7556351 ], [ -105.226326, 39.7553698 ], [ -105.2262143, 39.7552573 ], [ -105.2262038, 39.7552421 ], [ -105.2261991, 39.7552237 ], [ -105.226181, 39.7551951 ], [ -105.2261704, 39.7551749 ], [ -105.2261399, 39.7551526 ], [ -105.2260808, 39.7551445 ], [ -105.2260225, 39.7551508 ], [ -105.2259888, 39.7551679 ], [ -105.2259698, 39.7551883 ], [ -105.2259456, 39.755234 ], [ -105.225892, 39.7552356 ], [ -105.2258451, 39.7552468 ], [ -105.2255858, 39.7553903 ], [ -105.2252924, 39.7555527 ], [ -105.2249385, 39.7557489 ], [ -105.2249108, 39.7557794 ], [ -105.2249076, 39.7558099 ], [ -105.2248801, 39.7558473 ], [ -105.224676, 39.7559481 ], [ -105.2244696, 39.7560807 ], [ -105.2240666, 39.7563222 ], [ -105.2241037, 39.7563632 ], [ -105.2234841, 39.7567003 ], [ -105.2235184, 39.7567375 ], [ -105.2235245, 39.7567478 ], [ -105.2235215, 39.7567673 ], [ -105.2233839, 39.7568273 ], [ -105.2231825, 39.756866 ], [ -105.2231942, 39.7568886 ], [ -105.2231891, 39.7568968 ], [ -105.223129, 39.7569297 ], [ -105.2229941, 39.756973 ], [ -105.2229361, 39.7569613 ], [ -105.2228887, 39.7568792 ], [ -105.2228665, 39.7568553 ], [ -105.2228471, 39.7568314 ], [ -105.2228434, 39.7568172 ], [ -105.2228395, 39.7568022 ], [ -105.2228172, 39.7567563 ], [ -105.222785, 39.7567154 ], [ -105.2227357, 39.7566793 ], [ -105.222674, 39.7566538 ], [ -105.222629, 39.7566039 ], [ -105.2226058, 39.7565724 ], [ -105.222843, 39.7564924 ], [ -105.223184, 39.7563238 ], [ -105.2232697, 39.7562759 ], [ -105.2233505, 39.7562203 ], [ -105.2233895, 39.7561833 ], [ -105.2234441, 39.7561244 ], [ -105.2234695, 39.7560935 ], [ -105.2234895, 39.7560699 ], [ -105.2235129, 39.7560372 ], [ -105.2235348, 39.7560124 ], [ -105.2235791, 39.7559806 ], [ -105.2236369, 39.7559439 ], [ -105.2236237, 39.7559295 ], [ -105.2233582, 39.7556405 ], [ -105.2242077, 39.7552006 ], [ -105.2249705, 39.7547853 ], [ -105.2254367, 39.7545341 ], [ -105.2255286, 39.7544712 ], [ -105.2256696, 39.7543925 ], [ -105.2263817, 39.7539949 ], [ -105.2265479, 39.7539824 ], [ -105.2267626, 39.7539279 ], [ -105.2268836, 39.753894 ], [ -105.2271043, 39.7538433 ], [ -105.227453, 39.7537557 ], [ -105.2280583, 39.7536048 ], [ -105.2282426, 39.7535721 ], [ -105.228351, 39.7535546 ], [ -105.2285063, 39.7535176 ], [ -105.2287338, 39.7534467 ], [ -105.2290081, 39.7533606 ], [ -105.2290067, 39.753355 ], [ -105.2290405, 39.7533464 ], [ -105.2290758, 39.7533331 ], [ -105.2291254, 39.7533238 ], [ -105.2291569, 39.7533198 ], [ -105.2292196, 39.753321 ], [ -105.2292744, 39.7533345 ], [ -105.2293392, 39.7533502 ], [ -105.2293808, 39.7533555 ], [ -105.2294242, 39.7533565 ], [ -105.2294777, 39.7533488 ], [ -105.229529, 39.7533338 ], [ -105.2296499, 39.7532719 ], [ -105.2296881, 39.7533102 ], [ -105.2306399, 39.7528048 ], [ -105.2306004, 39.7527632 ], [ -105.2306345, 39.7527177 ], [ -105.2306418, 39.752688 ], [ -105.2306398, 39.7526448 ], [ -105.2306258, 39.752616 ], [ -105.2306097, 39.7525993 ], [ -105.2310535, 39.752547 ], [ -105.2316903, 39.7524943 ], [ -105.2318687, 39.7524055 ], [ -105.2317631, 39.7522572 ], [ -105.2319399, 39.7521848 ], [ -105.2318871, 39.7520992 ], [ -105.2318171, 39.7520842 ], [ -105.2317608, 39.7520277 ], [ -105.2316735, 39.7519271 ], [ -105.2314175, 39.7515175 ], [ -105.231451, 39.7515028 ], [ -105.231499, 39.7515773 ], [ -105.2315258, 39.7515671 ], [ -105.2317662, 39.7519259 ], [ -105.2318624, 39.7519291 ], [ -105.2319649, 39.7518812 ], [ -105.2321033, 39.7517902 ], [ -105.2321815, 39.7517033 ], [ -105.2322575, 39.7515774 ], [ -105.2322956, 39.7514263 ], [ -105.2322892, 39.7513231 ], [ -105.2322438, 39.7511785 ], [ -105.2322005, 39.7511119 ], [ -105.232117, 39.7510697 ], [ -105.2318978, 39.7510515 ], [ -105.2313167, 39.751007 ], [ -105.2308076, 39.7509657 ], [ -105.2307126, 39.750958 ], [ -105.2303835, 39.7509317 ], [ -105.2303832, 39.7509173 ], [ -105.2304215, 39.7509219 ], [ -105.2304554, 39.7509219 ], [ -105.2305511, 39.7508989 ] ], [ [ -105.232415, 39.7524526 ], [ -105.232431062278366, 39.752449883718427 ], [ -105.2323768, 39.7524574 ], [ -105.232415, 39.7524526 ] ], [ [ -105.232639802021325, 39.751069363242728 ], [ -105.2326398, 39.7510687 ], [ -105.2326178, 39.7510617 ], [ -105.232639802021325, 39.751069363242728 ] ] ] } },
{ "type": "Feature", "properties": { "name": "Maple Grove Park", "landuse": "", "leisure": "park", "natural": "", "boundary": "", "amenity": "", "type": "District System", "district_system_type": "Central Hot Water" }, "geometry": { "type": "Polygon", "coordinates": [ [ [ -105.1635407, 39.7599859 ], [ -105.161343, 39.7599633 ], [ -105.1613614, 39.7616895 ], [ -105.1618555, 39.7616886 ], [ -105.1619715, 39.7616884 ], [ -105.1621593, 39.7616881 ], [ -105.1622434, 39.7616872 ], [ -105.1629756, 39.7616853 ], [ -105.1631314, 39.7616848 ], [ -105.1635297, 39.7616838 ], [ -105.1635338, 39.7610512 ], [ -105.1635407, 39.7599859 ] ] ] } },
{ "type": "Feature", "properties": { "name": "", "landuse": "", "leisure": "", "natural": "wetland", "boundary": "", "amenity": "", "type": "District System", "district_system_type": "Central Hot Water" }, "geometry": { "type": "Polygon", "coordinates": [ [ [ -105.1861989, 39.7529906 ], [ -105.1862258, 39.7529473 ], [ -105.1863143, 39.7528648 ], [ -105.1863545, 39.7528339 ], [ -105.1862526, 39.7527225 ], [ -105.1860246, 39.7526751 ], [ -105.1859146, 39.7526009 ], [ -105.1858368, 39.7525163 ], [ -105.1857859, 39.7524606 ], [ -105.1855713, 39.7524751 ], [ -105.1854318, 39.7525328 ], [ -105.1854399, 39.7526359 ], [ -105.1855445, 39.7527122 ], [ -105.1855954, 39.75277 ], [ -105.1857188, 39.7528566 ], [ -105.1857966, 39.7529246 ], [ -105.1858583, 39.7528731 ], [ -105.1859227, 39.7529267 ], [ -105.1860192, 39.7529659 ], [ -105.1861131, 39.7530071 ], [ -105.1861989, 39.7529906 ] ] ] } },
{ "type": "Feature", "properties": { "name": "", "landuse": "", "leisure": "", "natural": "wetland", "boundary": "", "amenity": "", "type": "District System", "district_system_type": "Central Hot Water" }, "geometry": { "type": "Polygon", "coordinates": [ [ [ -105.2308128, 39.7797341 ], [ -105.2305003, 39.7797774 ], [ -105.2305419, 39.7802329 ], [ -105.2305768, 39.7803113 ], [ -105.2306398, 39.7803659 ], [ -105.2306988, 39.780405 ], [ -105.2307605, 39.7803618 ], [ -105.2308128, 39.780136 ], [ -105.2308128, 39.7797341 ] ] ] } },
{ "type": "Feature", "properties": { "name": "", "landuse": "", "leisure": "", "natural": "wetland", "boundary": "", "amenity": "", "type": "District System", "district_system_type": "Central Hot Water" }, "geometry": { "type": "Polygon", "coordinates": [ [ [ -105.2138291, 39.7852948 ], [ -105.2137325, 39.7852412 ], [ -105.2134804, 39.7852329 ], [ -105.2133677, 39.7853339 ], [ -105.2133758, 39.7855215 ], [ -105.2134562, 39.785573 ], [ -105.2135769, 39.7855977 ], [ -105.213695, 39.7855874 ], [ -105.2138398, 39.7855503 ], [ -105.2139229, 39.7854143 ], [ -105.2138291, 39.7852948 ] ] ] } },
{ "type": "Feature", "properties": { "name": "", "landuse": "", "leisure": "", "natural": "wetland", "boundary": "", "amenity": "", "type": "District System", "district_system_type": "Central Hot Water" }, "geometry": { "type": "Polygon", "coordinates": [ [ [ -105.2132256, 39.7853174 ], [ -105.213188, 39.7854205 ], [ -105.2130083, 39.7855359 ], [ -105.2128071, 39.7855153 ], [ -105.2125926, 39.7853422 ], [ -105.2126113, 39.7851979 ], [ -105.2126623, 39.7850928 ], [ -105.2127267, 39.7850536 ], [ -105.2129198, 39.7850763 ], [ -105.2130754, 39.7850886 ], [ -105.2131987, 39.7851134 ], [ -105.2132443, 39.785134 ], [ -105.2132256, 39.7853174 ] ] ] } },
{ "type": "Feature", "properties": { "name": "", "landuse": "", "leisure": "", "natural": "wetland", "boundary": "", "amenity": "", "type": "District System", "district_system_type": "Central Hot Water" }, "geometry": { "type": "Polygon", "coordinates": [ [ [ -105.1831581, 39.7532619 ], [ -105.1831675, 39.7530416 ], [ -105.1833601, 39.7529296 ], [ -105.1836467, 39.7529838 ], [ -105.1837078, 39.7531138 ], [ -105.1836984, 39.7532944 ], [ -105.1836185, 39.7534136 ], [ -105.1835199, 39.7534642 ], [ -105.1833319, 39.7534028 ], [ -105.183191, 39.7533233 ], [ -105.1831581, 39.7532619 ] ] ] } },
{ "type": "Feature", "properties": { "name": "; Tony Grampas Memorial Sports Complex; Golden Bike Park", "landuse": "recreation_ground", "leisure": "park; track", "natural": "wetland; grassland", "boundary": "", "amenity": "", "type": "District System", "district_system_type": "Central Hot Water" }, "geometry": { "type": "Polygon", "coordinates": [ [ [ -105.1871476, 39.7835548 ], [ -105.1871331, 39.7835129 ], [ -105.1843301, 39.7835078 ], [ -105.1841965, 39.7835221 ], [ -105.1842086, 39.7834922 ], [ -105.1843398, 39.7834038 ], [ -105.1844677, 39.7833031 ], [ -105.1846223, 39.7831494 ], [ -105.1847041, 39.7830529 ], [ -105.1847657, 39.7829658 ], [ -105.1848159, 39.7828855 ], [ -105.1848258, 39.7828703 ], [ -105.1848374, 39.7828608 ], [ -105.1848567, 39.7828533 ], [ -105.1848702, 39.7828499 ], [ -105.1848939, 39.782853 ], [ -105.1850327, 39.7828895 ], [ -105.1850419, 39.7829049 ], [ -105.1850474, 39.7829343 ], [ -105.1850467, 39.7829447 ], [ -105.1850419, 39.7829481 ], [ -105.1849843, 39.7829486 ], [ -105.1849846, 39.7833209 ], [ -105.185046, 39.7833217 ], [ -105.1850457, 39.7833335 ], [ -105.1853734, 39.7833365 ], [ -105.1854566, 39.7833381 ], [ -105.1855251, 39.7833377 ], [ -105.1855261, 39.783327 ], [ -105.1858775, 39.7833267 ], [ -105.186064, 39.7833262 ], [ -105.1864162, 39.7833259 ], [ -105.1868305, 39.7833264 ], [ -105.1868217, 39.7832995 ], [ -105.1868745, 39.7832853 ], [ -105.1867851, 39.7830426 ], [ -105.1867782, 39.7828668 ], [ -105.1867221, 39.7828675 ], [ -105.1867169, 39.7828609 ], [ -105.1867193, 39.7828556 ], [ -105.1867758, 39.7828408 ], [ -105.1866847, 39.7826241 ], [ -105.1866646, 39.7823999 ], [ -105.1866615, 39.7822882 ], [ -105.185997, 39.7823044 ], [ -105.1860538, 39.7822815 ], [ -105.1861226, 39.7822416 ], [ -105.1861564, 39.7821934 ], [ -105.18616, 39.7821192 ], [ -105.1860948, 39.7817779 ], [ -105.186061, 39.7817352 ], [ -105.1859801, 39.7816925 ], [ -105.185927, 39.781687 ], [ -105.1857244, 39.7817103 ], [ -105.1857188, 39.7816772 ], [ -105.1859918, 39.7816564 ], [ -105.1860811, 39.7816608 ], [ -105.186342, 39.7816117 ], [ -105.1866375, 39.7814451 ], [ -105.1866728, 39.7814153 ], [ -105.1863241, 39.7809659 ], [ -105.1862544, 39.7809082 ], [ -105.1860774, 39.7804795 ], [ -105.1860344, 39.7803311 ], [ -105.1860072, 39.7802464 ], [ -105.1859653, 39.7801162 ], [ -105.186259, 39.7800505 ], [ -105.1867073, 39.7799503 ], [ -105.186917, 39.7797741 ], [ -105.1867051, 39.7794265 ], [ -105.1865289, 39.7791375 ], [ -105.1864958, 39.7790819 ], [ -105.1864368, 39.7789912 ], [ -105.1862624, 39.7785851 ], [ -105.1862544, 39.7781502 ], [ -105.1862544, 39.7780842 ], [ -105.1864529, 39.7775565 ], [ -105.1868874, 39.7772803 ], [ -105.1872629, 39.7770164 ], [ -105.1874292, 39.7768433 ], [ -105.1874667, 39.7768021 ], [ -105.1876706, 39.7765093 ], [ -105.1879335, 39.7761506 ], [ -105.188089, 39.7755487 ], [ -105.1881802, 39.775223 ], [ -105.1881695, 39.7747777 ], [ -105.1881963, 39.7742747 ], [ -105.1883143, 39.7739531 ], [ -105.1884699, 39.7736151 ], [ -105.188604, 39.7733636 ], [ -105.1889473, 39.7728441 ], [ -105.1890385, 39.7727534 ], [ -105.1890117, 39.7729142 ], [ -105.1889151, 39.7731986 ], [ -105.1889098, 39.7734501 ], [ -105.1888615, 39.7746128 ], [ -105.1888239, 39.7751076 ], [ -105.1886737, 39.7751941 ], [ -105.1885933, 39.7753384 ], [ -105.1886791, 39.775458 ], [ -105.1887381, 39.7754951 ], [ -105.1888132, 39.7755199 ], [ -105.190021, 39.775522 ], [ -105.190392, 39.776531 ], [ -105.19102, 39.776546 ], [ -105.189634, 39.7814606 ], [ -105.1885986, 39.7814606 ], [ -105.1881963, 39.7835796 ], [ -105.1871476, 39.7835548 ] ] ] } },
{ "type": "Feature", "properties": { "name": "", "landuse": "", "leisure": "park", "natural": "scrub", "boundary": "", "amenity": "", "type": "District System", "district_system_type": "Central Hot Water" }, "geometry": { "type": "MultiPolygon", "coordinates": [ [ [ [ -105.2234848, 39.7458527 ], [ -105.2234013, 39.7458203 ], [ -105.2233251, 39.7458125 ], [ -105.2232701, 39.7458207 ], [ -105.2231712, 39.7458551 ], [ -105.2233364, 39.7457619 ], [ -105.2234878, 39.7456794 ], [ -105.2236372, 39.7455975 ], [ -105.2237337, 39.7455302 ], [ -105.2237859, 39.7454943 ], [ -105.2238359, 39.7454718 ], [ -105.2238827, 39.7454572 ], [ -105.2239466, 39.7454477 ], [ -105.2240154, 39.7454454 ], [ -105.224064, 39.7454405 ], [ -105.2241179, 39.7454285 ], [ -105.2241737, 39.745415 ], [ -105.224256, 39.745383 ], [ -105.2243776, 39.7455495 ], [ -105.2245087, 39.74575 ], [ -105.2240735, 39.7459776 ], [ -105.2237991, 39.7461215 ], [ -105.2234848, 39.7458527 ] ] ], [ [ [ -105.2245059, 39.7461646 ], [ -105.2244385, 39.7460805 ], [ -105.2242975, 39.7458605 ], [ -105.2245087, 39.74575 ], [ -105.2245913, 39.7459296 ], [ -105.2247367, 39.7462165 ], [ -105.2248625, 39.7464227 ], [ -105.2250528, 39.7467153 ], [ -105.2252461, 39.7469907 ], [ -105.2246273, 39.746304 ], [ -105.2245059, 39.7461646 ] ] ], [ [ [ -105.2241058, 39.7463432 ], [ -105.223932, 39.7462303 ], [ -105.2238256, 39.7461485 ], [ -105.2237991, 39.7461215 ], [ -105.2239681, 39.7460332 ], [ -105.2240639, 39.7461058 ], [ -105.2241418, 39.746175 ], [ -105.2242542, 39.7462994 ], [ -105.2246363, 39.7467464 ], [ -105.2242677, 39.7464538 ], [ -105.2241058, 39.7463432 ] ] ] ] } },
{ "type": "Feature", "properties": { "name": "; 8th Street Dog park", "landuse": "", "leisure": "park", "natural": "scrub; wood", "boundary": "", "amenity": "", "type": "District System", "district_system_type": "Central Hot Water" }, "geometry": { "type": "Polygon", "coordinates": [ [ [ -105.2333113, 39.7552747 ], [ -105.233877, 39.7550894 ], [ -105.2339944, 39.7550554 ], [ -105.2339997, 39.7550823 ], [ -105.2340382, 39.755159 ], [ -105.2340924, 39.7552451 ], [ -105.2341327, 39.7553137 ], [ -105.2341379, 39.7553433 ], [ -105.2341082, 39.7553823 ], [ -105.2337284, 39.7556339 ], [ -105.2333014, 39.7559394 ], [ -105.2329304, 39.756164 ], [ -105.2323266, 39.7565031 ], [ -105.2320151, 39.7566753 ], [ -105.2309895, 39.7572471 ], [ -105.2299868, 39.7578 ], [ -105.2288509, 39.7584256 ], [ -105.2281579, 39.7588104 ], [ -105.2275436, 39.7591333 ], [ -105.2268059, 39.759455 ], [ -105.2261622, 39.7597039 ], [ -105.2259627, 39.7597835 ], [ -105.2258218, 39.7598304 ], [ -105.2257514, 39.7598413 ], [ -105.2257188, 39.7598416 ], [ -105.2256889, 39.7598355 ], [ -105.2256642, 39.7598192 ], [ -105.2254589, 39.7596266 ], [ -105.2253431, 39.7595015 ], [ -105.225351, 39.7594976 ], [ -105.2257767, 39.759279 ], [ -105.2261089, 39.7596438 ], [ -105.2266868, 39.7594515 ], [ -105.2267949, 39.7594158 ], [ -105.2278665, 39.7588251 ], [ -105.227782, 39.758724 ], [ -105.2288362, 39.758153 ], [ -105.2297873, 39.7576456 ], [ -105.2298993, 39.7574985 ], [ -105.2309857, 39.7569206 ], [ -105.2309903, 39.7569181 ], [ -105.2316435, 39.756571 ], [ -105.2321334, 39.7562081 ], [ -105.2326972, 39.7559411 ], [ -105.2328528, 39.7557766 ], [ -105.2330617, 39.7555854 ], [ -105.2330918, 39.7555163 ], [ -105.2330736, 39.7554301 ], [ -105.2330153, 39.7553139 ], [ -105.2331182, 39.7552774 ], [ -105.233141, 39.7552816 ], [ -105.2331813, 39.755297 ], [ -105.2332121, 39.7553156 ], [ -105.2332336, 39.7553414 ], [ -105.2332671, 39.7553939 ], [ -105.2332872, 39.7554445 ], [ -105.2332993, 39.7555239 ], [ -105.2332845, 39.7555909 ], [ -105.233255, 39.7557136 ], [ -105.2332876, 39.7556992 ], [ -105.2333417, 39.7556755 ], [ -105.2333714, 39.7555568 ], [ -105.2333596, 39.7554222 ], [ -105.2333104, 39.7553352 ], [ -105.2332721, 39.7552876 ], [ -105.2333113, 39.7552747 ] ] ] } },
{ "type": "Feature", "properties": { "name": "Labyrinth", "landuse": "recreation_ground", "leisure": "", "natural": "", "boundary": "", "amenity": "", "type": "District System", "district_system_type": "Central Hot Water" }, "geometry": { "type": "Polygon", "coordinates": [ [ [ -105.2440496, 39.7541178 ], [ -105.2440319, 39.7541186 ], [ -105.2439991, 39.7541173 ], [ -105.2439859, 39.7541161 ], [ -105.2439746, 39.754112 ], [ -105.2439657, 39.7541052 ], [ -105.2439574, 39.7540874 ], [ -105.2439544, 39.7540734 ], [ -105.2439539, 39.7540575 ], [ -105.2439574, 39.754042 ], [ -105.2439618, 39.7540341 ], [ -105.2439706, 39.7540284 ], [ -105.2439937, 39.7540216 ], [ -105.2439893, 39.753994 ], [ -105.2440168, 39.753991 ], [ -105.2440208, 39.7540182 ], [ -105.2440429, 39.7540193 ], [ -105.2440562, 39.7540227 ], [ -105.244069, 39.7540288 ], [ -105.2440778, 39.754039 ], [ -105.2440837, 39.7540545 ], [ -105.2440857, 39.7540712 ], [ -105.2440837, 39.7540889 ], [ -105.2440778, 39.7541021 ], [ -105.244068, 39.7541123 ], [ -105.2440496, 39.7541178 ] ] ] } },
{ "type": "Feature", "properties": { "name": "", "landuse": "", "leisure": "", "natural": "scrub", "boundary": "", "amenity": "", "type": "District System", "district_system_type": "Central Hot Water" }, "geometry": { "type": "Polygon", "coordinates": [ [ [ -105.2001622, 39.7436312 ], [ -105.2005716, 39.7436328 ], [ -105.2005683, 39.74353 ], [ -105.2005715, 39.743257 ], [ -105.2005726, 39.7431688 ], [ -105.2005659, 39.7431377 ], [ -105.2005531, 39.7431026 ], [ -105.2005222, 39.7430533 ], [ -105.2004742, 39.7429937 ], [ -105.2003108, 39.7428197 ], [ -105.2002845, 39.7427835 ], [ -105.200251, 39.7426499 ], [ -105.2001529, 39.7426321 ], [ -105.2001523, 39.74269 ], [ -105.2001264, 39.7426921 ], [ -105.2001253, 39.7428028 ], [ -105.2000666, 39.7430855 ], [ -105.2000435, 39.7431573 ], [ -105.20002, 39.7432789 ], [ -105.2000109, 39.7432815 ], [ -105.1999993, 39.7433545 ], [ -105.200002, 39.7433672 ], [ -105.2000351, 39.7434291 ], [ -105.2000301, 39.7436289 ], [ -105.2001622, 39.7436312 ] ] ] } },
{ "type": "Feature", "properties": { "name": "Dog Park", "landuse": "", "leisure": "park", "natural": "", "boundary": "", "amenity": "", "type": "District System", "district_system_type": "Central Hot Water" }, "geometry": { "type": "Polygon", "coordinates": [ [ [ -105.208331, 39.7223125 ], [ -105.2079381, 39.7223059 ], [ -105.2079476, 39.7219753 ], [ -105.2083403, 39.721982 ], [ -105.208331, 39.7223125 ] ] ] } },
{ "type": "Feature", "properties": { "name": "Beverly Heights Park", "landuse": "", "leisure": "park", "natural": "", "boundary": "", "amenity": "", "type": "District System", "district_system_type": "Central Hot Water" }, "geometry": { "type": "Polygon", "coordinates": [ [ [ -105.2281243, 39.7416295 ], [ -105.2277315, 39.7405505 ], [ -105.227149, 39.7399832 ], [ -105.2260556, 39.7399867 ], [ -105.2266897, 39.7405733 ], [ -105.2272596, 39.7411701 ], [ -105.2277858, 39.7417195 ], [ -105.2278323, 39.741691 ], [ -105.2281243, 39.7416295 ] ] ] } },
{ "type": "Feature", "properties": { "name": "", "landuse": "", "leisure": "", "natural": "wetland", "boundary": "", "amenity": "", "type": "District System", "district_system_type": "Central Hot Water" }, "geometry": { "type": "Polygon", "coordinates": [ [ [ -105.1860758, 39.7368143 ], [ -105.1861555, 39.7366729 ], [ -105.1857819, 39.7363972 ], [ -105.1853267, 39.7363053 ], [ -105.1848241, 39.7363433 ], [ -105.1847975, 39.7364337 ], [ -105.1854594, 39.7364629 ], [ -105.185835, 39.7366342 ], [ -105.1860019, 39.7367998 ], [ -105.1860758, 39.7368143 ] ] ] } },
{ "type": "Feature", "properties": { "name": "", "landuse": "", "leisure": "", "natural": "wetland; grassland", "boundary": "", "amenity": "", "type": "District System", "district_system_type": "Central Hot Water" }, "geometry": { "type": "Polygon", "coordinates": [ [ [ -105.2091077, 39.7459101 ], [ -105.2089159, 39.7459263 ], [ -105.2086968, 39.7459302 ], [ -105.2086536, 39.7459314 ], [ -105.208495, 39.7459213 ], [ -105.2082396, 39.7458935 ], [ -105.2078834, 39.7458268 ], [ -105.2078564, 39.7458283 ], [ -105.2075602, 39.745757 ], [ -105.2071281, 39.7456397 ], [ -105.2068327, 39.7455488 ], [ -105.2066513, 39.7454863 ], [ -105.2066606, 39.7454676 ], [ -105.2066097, 39.7454511 ], [ -105.2065974, 39.7454697 ], [ -105.2061784, 39.7453116 ], [ -105.2058526, 39.7451724 ], [ -105.2055275, 39.7450202 ], [ -105.2051963, 39.7448464 ], [ -105.2047559, 39.7445906 ], [ -105.2044855, 39.744418 ], [ -105.2042266, 39.7442508 ], [ -105.2039522, 39.744075 ], [ -105.2037061, 39.7439182 ], [ -105.2035092, 39.7437909 ], [ -105.203521, 39.7437805 ], [ -105.2034751, 39.7437551 ], [ -105.203465, 39.7437637 ], [ -105.2032449, 39.7436224 ], [ -105.2030345, 39.7434868 ], [ -105.2027941, 39.7433354 ], [ -105.2025284, 39.7431661 ], [ -105.2022685, 39.7429981 ], [ -105.202131, 39.74291 ], [ -105.2020602, 39.7428504 ], [ -105.201954, 39.7427817 ], [ -105.2017888, 39.7426627 ], [ -105.201576, 39.7425248 ], [ -105.2013616, 39.7423871 ], [ -105.2011607, 39.7422554 ], [ -105.2010899, 39.7422155 ], [ -105.2010383, 39.7421958 ], [ -105.201017, 39.7421808 ], [ -105.200987, 39.742146 ], [ -105.2009709, 39.7421212 ], [ -105.200955, 39.742048 ], [ -105.200958, 39.742004 ], [ -105.2009759, 39.7419604 ], [ -105.2010039, 39.7419301 ], [ -105.2010471, 39.7418956 ], [ -105.2010771, 39.7418801 ], [ -105.2011229, 39.7418572 ], [ -105.2012433, 39.7417688 ], [ -105.2013876, 39.7416496 ], [ -105.2014698, 39.7415723 ], [ -105.2016172, 39.7414295 ], [ -105.2016657, 39.7413924 ], [ -105.201695, 39.7413836 ], [ -105.2017127, 39.7413823 ], [ -105.2016918, 39.7414264 ], [ -105.2020834, 39.7422802 ], [ -105.2025877, 39.7426927 ], [ -105.2027865, 39.7430961 ], [ -105.204421, 39.7439081 ], [ -105.205409, 39.7443186 ], [ -105.2061962, 39.7445523 ], [ -105.2078489, 39.7455157 ], [ -105.2089016, 39.7458358 ], [ -105.2090064, 39.7458271 ], [ -105.2091128, 39.7457142 ], [ -105.2092586, 39.7458783 ], [ -105.2092155, 39.7458929 ], [ -105.2091077, 39.7459101 ] ] ] } },
{ "type": "Feature", "properties": { "name": "", "landuse": "", "leisure": "", "natural": "grassland", "boundary": "", "amenity": "", "type": "District System", "district_system_type": "Central Hot Water" }, "geometry": { "type": "Polygon", "coordinates": [ [ [ -105.1890335, 39.7412934 ], [ -105.188547, 39.7411822 ], [ -105.1885267, 39.7408062 ], [ -105.1884693, 39.7407529 ], [ -105.1881705, 39.7407088 ], [ -105.188082, 39.7407263 ], [ -105.1880545, 39.740775 ], [ -105.1880282, 39.7409395 ], [ -105.1875238, 39.7409607 ], [ -105.1875142, 39.7407061 ], [ -105.1880091, 39.740707 ], [ -105.1880163, 39.7406197 ], [ -105.189024, 39.7406739 ], [ -105.1890335, 39.7412934 ] ] ] } },
{ "type": "Feature", "properties": { "name": "", "landuse": "", "leisure": "", "natural": "grassland", "boundary": "", "amenity": "", "type": "District System", "district_system_type": "Central Hot Water" }, "geometry": { "type": "Polygon", "coordinates": [ [ [ -105.2344314, 39.7688524 ], [ -105.2346885, 39.7688486 ], [ -105.2346889, 39.7687986 ], [ -105.2345338, 39.7687927 ], [ -105.234532, 39.7687135 ], [ -105.2344904, 39.7687135 ], [ -105.2344764, 39.7685754 ], [ -105.2344522, 39.7684816 ], [ -105.2343725, 39.7683188 ], [ -105.2342782, 39.7681196 ], [ -105.2342965, 39.7681145 ], [ -105.2343653, 39.7680959 ], [ -105.234378, 39.7680927 ], [ -105.2343627, 39.7680415 ], [ -105.23433, 39.7679926 ], [ -105.2341839, 39.7679826 ], [ -105.2341389, 39.7679815 ], [ -105.2340963, 39.7679871 ], [ -105.2340406, 39.7680009 ], [ -105.2338574, 39.7679631 ], [ -105.233692, 39.7679101 ], [ -105.2335341, 39.7678411 ], [ -105.233378, 39.7677592 ], [ -105.233135, 39.7675714 ], [ -105.2330828, 39.7675169 ], [ -105.2330384, 39.7674486 ], [ -105.2330252, 39.7674059 ], [ -105.23301, 39.7673804 ], [ -105.232881, 39.7672385 ], [ -105.232654, 39.7670083 ], [ -105.2322093, 39.7665446 ], [ -105.2320983, 39.7665824 ], [ -105.232127, 39.7666308 ], [ -105.2321874, 39.7667251 ], [ -105.2324589, 39.7669255 ], [ -105.2325124, 39.767135 ], [ -105.2327923, 39.7675172 ], [ -105.2328489, 39.7675887 ], [ -105.2329725, 39.767628 ], [ -105.2331298, 39.7678642 ], [ -105.2330731, 39.7679952 ], [ -105.2329714, 39.7680215 ], [ -105.2328186, 39.7679988 ], [ -105.2316945, 39.768325 ], [ -105.2316877, 39.768534 ], [ -105.2313235, 39.7685327 ], [ -105.2313215, 39.768438 ], [ -105.231261, 39.7684377 ], [ -105.2312632, 39.7683048 ], [ -105.231188, 39.7683043 ], [ -105.2311497, 39.7683064 ], [ -105.2310819, 39.7683103 ], [ -105.2311306, 39.7684467 ], [ -105.2312281, 39.7685542 ], [ -105.2312441, 39.7688964 ], [ -105.2344314, 39.7688524 ] ] ] } },
{ "type": "Feature", "properties": { "name": "", "landuse": "", "leisure": "", "natural": "grassland; wood", "boundary": "", "amenity": "", "type": "District System", "district_system_type": "Central Hot Water" }, "geometry": { "type": "Polygon", "coordinates": [ [ [ -105.2313339, 39.7710084 ], [ -105.2314016, 39.7710292 ], [ -105.2314287, 39.7710355 ], [ -105.2315141, 39.7710521 ], [ -105.2315453, 39.7710698 ], [ -105.2315633, 39.7710911 ], [ -105.2316699, 39.7711 ], [ -105.2316943, 39.7711011 ], [ -105.2317594, 39.7711146 ], [ -105.2317838, 39.7711282 ], [ -105.2318122, 39.7711344 ], [ -105.2318366, 39.7711417 ], [ -105.2318582, 39.7711631 ], [ -105.2320196, 39.7711907 ], [ -105.232044, 39.7711927 ], [ -105.2320778, 39.7712042 ], [ -105.2321036, 39.7712094 ], [ -105.2321266, 39.7712188 ], [ -105.232144, 39.7712329 ], [ -105.2323735, 39.771289 ], [ -105.2324968, 39.7713191 ], [ -105.2327438, 39.7713793 ], [ -105.2329052, 39.7714156 ], [ -105.2330952, 39.77146 ], [ -105.2331167, 39.771459 ], [ -105.2331374, 39.7714581 ], [ -105.2332629, 39.7714524 ], [ -105.2333564, 39.7714707 ], [ -105.2334888, 39.7715085 ], [ -105.2335483, 39.7715254 ], [ -105.2336997, 39.7715779 ], [ -105.2337907, 39.7716091 ], [ -105.2340105, 39.7716906 ], [ -105.2341404, 39.771714 ], [ -105.2342729, 39.7717284 ], [ -105.2344032, 39.7717502 ], [ -105.2346018, 39.771804 ], [ -105.2347034, 39.7718403 ], [ -105.2348357, 39.7718996 ], [ -105.23493, 39.7719551 ], [ -105.2349668, 39.7719843 ], [ -105.2349927, 39.7720188 ], [ -105.2350056, 39.7720593 ], [ -105.2350135, 39.7721251 ], [ -105.2350344, 39.7721658 ], [ -105.2350722, 39.7721962 ], [ -105.2350764, 39.7722186 ], [ -105.2350301, 39.7722686 ], [ -105.2349807, 39.772304 ], [ -105.2348415, 39.7723978 ], [ -105.2347778, 39.7724293 ], [ -105.2347348, 39.7724273 ], [ -105.2346911, 39.7724121 ], [ -105.2346539, 39.7724725 ], [ -105.2346405, 39.7724951 ], [ -105.2347106, 39.7725624 ], [ -105.2347551, 39.7726094 ], [ -105.2347979, 39.7726601 ], [ -105.2348379, 39.7727231 ], [ -105.234866, 39.7727828 ], [ -105.2348899, 39.7728484 ], [ -105.2349021, 39.772902 ], [ -105.2349082, 39.7729755 ], [ -105.2349076, 39.7730662 ], [ -105.2349132, 39.7731649 ], [ -105.2349185, 39.7732284 ], [ -105.2349179, 39.7732672 ], [ -105.2348893, 39.7732063 ], [ -105.234856, 39.7730262 ], [ -105.2348047, 39.7728091 ], [ -105.2346373, 39.772646 ], [ -105.2346938, 39.7726202 ], [ -105.234588, 39.7725472 ], [ -105.2343817, 39.7724104 ], [ -105.2340739, 39.7722703 ], [ -105.2335297, 39.7723854 ], [ -105.2335106, 39.772143 ], [ -105.2334626, 39.7718721 ], [ -105.2328408, 39.7717041 ], [ -105.2325514, 39.7717779 ], [ -105.2316747, 39.7715027 ], [ -105.2315567, 39.7713004 ], [ -105.2312456, 39.7712035 ], [ -105.2312381, 39.7710116 ], [ -105.231320020023276, 39.771031626573958 ], [ -105.2313339, 39.7710084 ] ] ] } },
{ "type": "Feature", "properties": { "name": "", "landuse": "", "leisure": "", "natural": "scrub", "boundary": "", "amenity": "", "type": "District System", "district_system_type": "Central Hot Water" }, "geometry": { "type": "Polygon", "coordinates": [ [ [ -105.1957279, 39.7463238 ], [ -105.1958326, 39.7461629 ], [ -105.1958594, 39.7460732 ], [ -105.195795, 39.7459742 ], [ -105.1956193, 39.7459794 ], [ -105.195504, 39.7460361 ], [ -105.1955549, 39.7461413 ], [ -105.1954812, 39.7462145 ], [ -105.1955214, 39.7462619 ], [ -105.1957279, 39.7463238 ] ] ] } },
{ "type": "Feature", "properties": { "name": "Jefferson County Fairgrounds", "landuse": "recreation_ground", "leisure": "", "natural": "", "boundary": "", "amenity": "", "type": "District System", "district_system_type": "Central Hot Water" }, "geometry": { "type": "Polygon", "coordinates": [ [ [ -105.1747021, 39.7242474 ], [ -105.1737043, 39.7242392 ], [ -105.1736158, 39.7241917 ], [ -105.172956, 39.7242124 ], [ -105.1729265, 39.7248436 ], [ -105.1695925, 39.7247198 ], [ -105.1690641, 39.7245796 ], [ -105.168761, 39.7243403 ], [ -105.1681843, 39.7236079 ], [ -105.1678786, 39.7231128 ], [ -105.1678383, 39.7212416 ], [ -105.1657248, 39.7211962 ], [ -105.1658213, 39.7202431 ], [ -105.1677471, 39.7186999 ], [ -105.1713628, 39.7186793 ], [ -105.1748604, 39.7206722 ], [ -105.1748113, 39.7211808 ], [ -105.1747692, 39.7219472 ], [ -105.1747021, 39.7242474 ] ] ] } },
{ "type": "Feature", "properties": { "name": "Porter Park Development", "landuse": "", "leisure": "park", "natural": "", "boundary": "", "amenity": "", "type": "District System", "district_system_type": "Central Hot Water" }, "geometry": { "type": "Polygon", "coordinates": [ [ [ -105.1324612, 39.7290374 ], [ -105.132468, 39.7281504 ], [ -105.1323259, 39.7280782 ], [ -105.1322481, 39.7279235 ], [ -105.1323769, 39.7278307 ], [ -105.1326478, 39.7278183 ], [ -105.1331359, 39.7277936 ], [ -105.1331145, 39.7274016 ], [ -105.1325861, 39.7273831 ], [ -105.1322481, 39.7272634 ], [ -105.1316258, 39.7268818 ], [ -105.1315936, 39.7272882 ], [ -105.1307273, 39.7273109 ], [ -105.1307353, 39.7277276 ], [ -105.1315829, 39.7277028 ], [ -105.1315883, 39.7280721 ], [ -105.130907, 39.7281009 ], [ -105.1308867, 39.7290447 ], [ -105.1324612, 39.7290374 ] ] ] } },
{ "type": "Feature", "properties": { "name": "", "landuse": "", "leisure": "", "natural": "wetland", "boundary": "", "amenity": "", "type": "District System", "district_system_type": "Central Hot Water" }, "geometry": { "type": "Polygon", "coordinates": [ [ [ -105.1569995, 39.7385686 ], [ -105.1569861, 39.7386351 ], [ -105.1569298, 39.7386578 ], [ -105.1564302, 39.7390203 ], [ -105.1563504, 39.7391461 ], [ -105.1562854, 39.7392214 ], [ -105.156219, 39.7392513 ], [ -105.1559351, 39.7394983 ], [ -105.1559379, 39.7394287 ], [ -105.1559135, 39.7394151 ], [ -105.1558817, 39.7393975 ], [ -105.1559789, 39.7393405 ], [ -105.1560695, 39.739257 ], [ -105.1563296, 39.7389935 ], [ -105.1566609, 39.7387326 ], [ -105.1568399, 39.7386021 ], [ -105.1568869, 39.7385268 ], [ -105.1569419, 39.7385175 ], [ -105.156974, 39.7385397 ], [ -105.1569995, 39.7385686 ] ] ] } },
{ "type": "Feature", "properties": { "name": "", "landuse": "", "leisure": "", "natural": "grassland", "boundary": "", "amenity": "", "type": "District System", "district_system_type": "Central Hot Water" }, "geometry": { "type": "Polygon", "coordinates": [ [ [ -105.2094757, 39.7203174 ], [ -105.2094887, 39.720342 ], [ -105.2094605, 39.7204071 ], [ -105.2094502, 39.7204581 ], [ -105.2094491, 39.7204998 ], [ -105.2094621, 39.7205399 ], [ -105.2094953, 39.7205883 ], [ -105.2095702, 39.7206379 ], [ -105.2096743, 39.7206527 ], [ -105.2097298, 39.7206716 ], [ -105.2097689, 39.7207072 ], [ -105.2098575, 39.7208113 ], [ -105.2098713, 39.7208435 ], [ -105.2099439, 39.7209812 ], [ -105.2099952, 39.7211183 ], [ -105.2100182, 39.7212736 ], [ -105.2100141, 39.7214475 ], [ -105.2100027, 39.7216347 ], [ -105.2099816, 39.7217517 ], [ -105.2098866, 39.7217579 ], [ -105.2097894, 39.721799 ], [ -105.2097025, 39.7217537 ], [ -105.2096148, 39.7217179 ], [ -105.2095602, 39.7217061 ], [ -105.2095007, 39.7217077 ], [ -105.2094046, 39.7217296 ], [ -105.209311, 39.7217525 ], [ -105.2093116, 39.7210428 ], [ -105.207718, 39.721043 ], [ -105.2076821, 39.7200044 ], [ -105.2050348, 39.7199555 ], [ -105.2050302, 39.7198346 ], [ -105.2050061, 39.7191949 ], [ -105.2050202, 39.7191544 ], [ -105.2050586, 39.7191158 ], [ -105.2051643, 39.7190776 ], [ -105.2052937, 39.7190346 ], [ -105.2055331, 39.7189523 ], [ -105.2057318, 39.7188731 ], [ -105.2064195, 39.7185513 ], [ -105.2071358, 39.717954 ], [ -105.2074402, 39.7175315 ], [ -105.2076649, 39.7171367 ], [ -105.2077772, 39.7170961 ], [ -105.2078771, 39.7171272 ], [ -105.2079233, 39.7171798 ], [ -105.2080211, 39.7175152 ], [ -105.2082233, 39.7182084 ], [ -105.2086322, 39.7188591 ], [ -105.2094757, 39.7203174 ] ] ] } },
{ "type": "Feature", "properties": { "name": "", "landuse": "", "leisure": "", "natural": "wood", "boundary": "", "amenity": "", "type": "District System", "district_system_type": "Central Hot Water" }, "geometry": { "type": "Polygon", "coordinates": [ [ [ -105.2378011, 39.7205484 ], [ -105.2386701, 39.7219142 ], [ -105.2370018, 39.7230035 ], [ -105.2349901, 39.7229993 ], [ -105.2340514, 39.7234656 ], [ -105.2317232, 39.723577 ], [ -105.2317286, 39.7240061 ], [ -105.2285636, 39.7244022 ], [ -105.2271474, 39.7246332 ], [ -105.2261808, 39.7257921 ], [ -105.2264285, 39.7257637 ], [ -105.227952, 39.7253635 ], [ -105.229969, 39.7252603 ], [ -105.2308327, 39.7246332 ], [ -105.2315033, 39.72479 ], [ -105.2312082, 39.7257266 ], [ -105.2306771, 39.7261061 ], [ -105.2297384, 39.7263991 ], [ -105.2292985, 39.7264197 ], [ -105.2292341, 39.7262382 ], [ -105.2279252, 39.725937 ], [ -105.2270508, 39.7260154 ], [ -105.226053, 39.7259452 ], [ -105.2253986, 39.7261103 ], [ -105.2253771, 39.7252851 ], [ -105.2261281, 39.7249633 ], [ -105.2268148, 39.7243114 ], [ -105.2281344, 39.7238988 ], [ -105.2289498, 39.7235687 ], [ -105.2292824, 39.7228178 ], [ -105.2302238, 39.7228343 ], [ -105.2310607, 39.7226981 ], [ -105.2311814, 39.722236 ], [ -105.2321577, 39.7219266 ], [ -105.2329087, 39.7219967 ], [ -105.2327156, 39.7225248 ], [ -105.234164, 39.7222896 ], [ -105.2353495, 39.7220173 ], [ -105.23646, 39.722005 ], [ -105.2371305, 39.7217409 ], [ -105.2366209, 39.7209817 ], [ -105.2378011, 39.7205484 ] ] ] } },
{ "type": "Feature", "properties": { "name": "", "landuse": "", "leisure": "", "natural": "wood", "boundary": "", "amenity": "", "type": "District System", "district_system_type": "Central Hot Water" }, "geometry": { "type": "Polygon", "coordinates": [ [ [ -105.2470279, 39.7229869 ], [ -105.2476528, 39.7225908 ], [ -105.2476501, 39.7220957 ], [ -105.2457351, 39.7218399 ], [ -105.2447373, 39.7224753 ], [ -105.2443296, 39.7225248 ], [ -105.2436805, 39.7224609 ], [ -105.2435598, 39.7230096 ], [ -105.2427873, 39.7233212 ], [ -105.2423126, 39.7238369 ], [ -105.240891, 39.7242206 ], [ -105.2399388, 39.7243114 ], [ -105.2390027, 39.724429 ], [ -105.238587, 39.7247714 ], [ -105.2369025, 39.7249695 ], [ -105.2360469, 39.7251654 ], [ -105.2357841, 39.7241794 ], [ -105.2342016, 39.7248849 ], [ -105.2314013, 39.7258998 ], [ -105.2305913, 39.7268694 ], [ -105.2287567, 39.7276616 ], [ -105.2267504, 39.728957 ], [ -105.2250874, 39.728792 ], [ -105.2249157, 39.7294273 ], [ -105.2259886, 39.7300214 ], [ -105.2274424, 39.7294892 ], [ -105.2292126, 39.7282433 ], [ -105.2299422, 39.7281773 ], [ -105.2311546, 39.728268 ], [ -105.2347273, 39.7269684 ], [ -105.2352423, 39.7264568 ], [ -105.2360952, 39.7268034 ], [ -105.2374578, 39.7266219 ], [ -105.2387345, 39.7258256 ], [ -105.2407247, 39.7253511 ], [ -105.2424574, 39.7247735 ], [ -105.2436429, 39.723841 ], [ -105.2449626, 39.7232139 ], [ -105.2456546, 39.7227311 ], [ -105.2464593, 39.7226734 ], [ -105.2468294, 39.7228673 ], [ -105.2470279, 39.7229869 ] ] ] } },
{ "type": "Feature", "properties": { "name": "", "landuse": "", "leisure": "", "natural": "wood", "boundary": "", "amenity": "", "type": "District System", "district_system_type": "Central Hot Water" }, "geometry": { "type": "Polygon", "coordinates": [ [ [ -105.2394104, 39.7088993 ], [ -105.239684, 39.710257 ], [ -105.2407354, 39.7099558 ], [ -105.2417439, 39.7099145 ], [ -105.2414918, 39.710257 ], [ -105.2418512, 39.710385 ], [ -105.2433264, 39.7110329 ], [ -105.2438039, 39.7109173 ], [ -105.2426358, 39.7096133 ], [ -105.2448151, 39.7107523 ], [ -105.244985, 39.7111268 ], [ -105.2450323, 39.711231 ], [ -105.2430797, 39.71185 ], [ -105.2415991, 39.7120976 ], [ -105.2407086, 39.7126093 ], [ -105.2395552, 39.7129023 ], [ -105.2383726, 39.7128462 ], [ -105.2383053, 39.7129146 ], [ -105.236953, 39.713833 ], [ -105.238241, 39.7138349 ], [ -105.2400917, 39.7142062 ], [ -105.2425754, 39.7139133 ], [ -105.2438629, 39.7138349 ], [ -105.2446675, 39.7140618 ], [ -105.2451932, 39.7137028 ], [ -105.2456921, 39.7133149 ], [ -105.246883, 39.7132489 ], [ -105.247795, 39.7133232 ], [ -105.2488732, 39.7136615 ], [ -105.2473712, 39.7141939 ], [ -105.2486613, 39.7147159 ], [ -105.2460462, 39.7146106 ], [ -105.2461696, 39.7157124 ], [ -105.2477748, 39.7163434 ], [ -105.248908, 39.7164132 ], [ -105.2502302, 39.7163548 ], [ -105.2505869, 39.7165604 ], [ -105.2496923, 39.7170594 ], [ -105.2488192, 39.7173933 ], [ -105.2479789, 39.7173135 ], [ -105.2478565, 39.7173018 ], [ -105.2459804, 39.7165463 ], [ -105.2454776, 39.7158898 ], [ -105.2445012, 39.7150233 ], [ -105.2435893, 39.7146932 ], [ -105.2428222, 39.7146643 ], [ -105.2403653, 39.7150604 ], [ -105.238933, 39.7146849 ], [ -105.2376455, 39.7141278 ], [ -105.2369911, 39.7139979 ], [ -105.2367032, 39.7140027 ], [ -105.2364278, 39.7141897 ], [ -105.2354193, 39.7142434 ], [ -105.2340353, 39.7146065 ], [ -105.233531, 39.7145034 ], [ -105.2326351, 39.7142393 ], [ -105.2322382, 39.7138225 ], [ -105.2310044, 39.7138018 ], [ -105.2301836, 39.7133974 ], [ -105.2311546, 39.7127743 ], [ -105.2326298, 39.7126877 ], [ -105.2326673, 39.7131333 ], [ -105.233075, 39.7128734 ], [ -105.2335471, 39.7119119 ], [ -105.2342069, 39.7116973 ], [ -105.2342123, 39.711429 ], [ -105.2334076, 39.7114662 ], [ -105.2333003, 39.710224 ], [ -105.2338207, 39.709539 ], [ -105.2355909, 39.7097866 ], [ -105.2361703, 39.7093244 ], [ -105.2363527, 39.7086971 ], [ -105.2367711, 39.7088292 ], [ -105.236932, 39.7105624 ], [ -105.2351618, 39.7136904 ], [ -105.2356301, 39.7132229 ], [ -105.2366853, 39.7121718 ], [ -105.2378011, 39.7114786 ], [ -105.2377474, 39.7104551 ], [ -105.2382088, 39.7094812 ], [ -105.2385306, 39.7093987 ], [ -105.2394104, 39.7088993 ] ], [ [ -105.2395123, 39.7121471 ], [ -105.239625, 39.7116808 ], [ -105.2405906, 39.7108926 ], [ -105.2393889, 39.7109586 ], [ -105.238756, 39.7106862 ], [ -105.239228, 39.7116189 ], [ -105.2389705, 39.7122379 ], [ -105.2383726, 39.7128462 ], [ -105.2395123, 39.7121471 ] ] ] } },
{ "type": "Feature", "properties": { "name": "", "landuse": "", "leisure": "", "natural": "wood", "boundary": "", "amenity": "", "type": "District System", "district_system_type": "Central Hot Water" }, "geometry": { "type": "Polygon", "coordinates": [ [ [ -105.2310419, 39.7088374 ], [ -105.2321792, 39.7088292 ], [ -105.2329409, 39.7093492 ], [ -105.2319968, 39.7106037 ], [ -105.2295506, 39.7120976 ], [ -105.2289927, 39.712015 ], [ -105.2290464, 39.7117262 ], [ -105.2300871, 39.7103809 ], [ -105.2310419, 39.7088374 ] ] ] } },
{ "type": "Feature", "properties": { "name": "", "landuse": "", "leisure": "", "natural": "wood", "boundary": "", "amenity": "", "type": "District System", "district_system_type": "Central Hot Water" }, "geometry": { "type": "Polygon", "coordinates": [ [ [ -105.2239502, 39.7082019 ], [ -105.2231562, 39.7078965 ], [ -105.2212894, 39.7088704 ], [ -105.2207208, 39.7098939 ], [ -105.2198947, 39.7099269 ], [ -105.219841, 39.7112227 ], [ -105.2208039, 39.7112763 ], [ -105.2214289, 39.7110783 ], [ -105.2223891, 39.7110948 ], [ -105.2232367, 39.7111195 ], [ -105.2248567, 39.7107357 ], [ -105.2255005, 39.7108513 ], [ -105.2262354, 39.7106119 ], [ -105.2277482, 39.7113754 ], [ -105.2290839, 39.7106326 ], [ -105.2296794, 39.7100053 ], [ -105.2301622, 39.7094565 ], [ -105.2303982, 39.7089241 ], [ -105.2306557, 39.7084495 ], [ -105.2296096, 39.7083958 ], [ -105.2291966, 39.7087631 ], [ -105.2285153, 39.7097123 ], [ -105.2280325, 39.7100961 ], [ -105.2276033, 39.7106243 ], [ -105.2270937, 39.7106078 ], [ -105.2277428, 39.7100259 ], [ -105.2269113, 39.7103478 ], [ -105.2267182, 39.7100755 ], [ -105.2287406, 39.7089571 ], [ -105.2290946, 39.7083051 ], [ -105.2284026, 39.7080451 ], [ -105.2276141, 39.7082349 ], [ -105.2260369, 39.7078305 ], [ -105.2246261, 39.708206 ], [ -105.2243364, 39.7095349 ], [ -105.223859, 39.7099764 ], [ -105.2222604, 39.7103148 ], [ -105.2222979, 39.7098485 ], [ -105.2235049, 39.7088746 ], [ -105.2239502, 39.7082019 ] ] ] } },
{ "type": "Feature", "properties": { "name": "", "landuse": "", "leisure": "", "natural": "wood", "boundary": "", "amenity": "", "type": "District System", "district_system_type": "Central Hot Water" }, "geometry": { "type": "Polygon", "coordinates": [ [ [ -105.226627, 39.7143713 ], [ -105.227024, 39.7139174 ], [ -105.2279842, 39.7141526 ], [ -105.227598, 39.7147963 ], [ -105.228011, 39.7151141 ], [ -105.2265304, 39.716352 ], [ -105.223859, 39.717689 ], [ -105.2226198, 39.7184234 ], [ -105.2213109, 39.7185266 ], [ -105.2216274, 39.7180892 ], [ -105.2226734, 39.7179695 ], [ -105.2234781, 39.7175817 ], [ -105.223977, 39.71681 ], [ -105.2237785, 39.7165006 ], [ -105.2214718, 39.7171979 ], [ -105.2214557, 39.7168142 ], [ -105.2226037, 39.716319 ], [ -105.2232528, 39.7153328 ], [ -105.2245295, 39.7152709 ], [ -105.2254576, 39.7150934 ], [ -105.2261388, 39.7150027 ], [ -105.2265841, 39.7145735 ], [ -105.226627, 39.7143713 ] ] ] } },
{ "type": "Feature", "properties": { "name": "", "landuse": "", "leisure": "", "natural": "wood", "boundary": "", "amenity": "", "type": "District System", "district_system_type": "Central Hot Water" }, "geometry": { "type": "Polygon", "coordinates": [ [ [ -105.2245295, 39.7239978 ], [ -105.2264392, 39.7226775 ], [ -105.226965, 39.7226527 ], [ -105.2281559, 39.7217863 ], [ -105.2294541, 39.7215552 ], [ -105.2315086, 39.7208311 ], [ -105.233413, 39.7206598 ], [ -105.2344483, 39.7199336 ], [ -105.2355534, 39.7202967 ], [ -105.2355802, 39.7188608 ], [ -105.2334827, 39.7187288 ], [ -105.2319753, 39.7192322 ], [ -105.2315944, 39.7197397 ], [ -105.2313101, 39.7197438 ], [ -105.2306235, 39.7184193 ], [ -105.2295345, 39.7165542 ], [ -105.2290303, 39.7157289 ], [ -105.2300133, 39.7155472 ], [ -105.2304143, 39.7154731 ], [ -105.2304679, 39.7145529 ], [ -105.2295238, 39.7152461 ], [ -105.2283812, 39.7152956 ], [ -105.2278769, 39.7157578 ], [ -105.2283436, 39.7163974 ], [ -105.2275443, 39.7171071 ], [ -105.2279788, 39.717689 ], [ -105.2282739, 39.7180727 ], [ -105.2281344, 39.7193848 ], [ -105.2268738, 39.7203875 ], [ -105.226171, 39.7209445 ], [ -105.2258384, 39.721712 ], [ -105.2251303, 39.7227435 ], [ -105.2239931, 39.7232634 ], [ -105.2241862, 39.7238245 ], [ -105.2245295, 39.7239978 ] ] ] } },
{ "type": "Feature", "properties": { "name": "", "landuse": "", "leisure": "", "natural": "scrub", "boundary": "", "amenity": "", "type": "District System", "district_system_type": "Central Hot Water" }, "geometry": { "type": "Polygon", "coordinates": [ [ [ -105.1857126, 39.7424631 ], [ -105.1861122, 39.7423929 ], [ -105.1862785, 39.7423929 ], [ -105.1864556, 39.7422795 ], [ -105.1869732, 39.7418753 ], [ -105.1866996, 39.7415845 ], [ -105.1862973, 39.7414834 ], [ -105.1858708, 39.741502 ], [ -105.1854229, 39.7417 ], [ -105.1854014, 39.7418258 ], [ -105.1854605, 39.742063 ], [ -105.1853076, 39.7422053 ], [ -105.1854175, 39.7423682 ], [ -105.18549, 39.7424858 ], [ -105.1857126, 39.7424631 ] ] ] } },
{ "type": "Feature", "properties": { "name": "", "landuse": "", "leisure": "", "natural": "scrub", "boundary": "", "amenity": "", "type": "District System", "district_system_type": "Central Hot Water" }, "geometry": { "type": "Polygon", "coordinates": [ [ [ -105.1965407, 39.7460825 ], [ -105.1963502, 39.7460413 ], [ -105.1963207, 39.7459505 ], [ -105.1961571, 39.7459423 ], [ -105.1962832, 39.7457938 ], [ -105.1965675, 39.7457484 ], [ -105.1967633, 39.7456288 ], [ -105.1965997, 39.7458515 ], [ -105.1965487, 39.746031 ], [ -105.1965407, 39.7460825 ] ] ] } },
{ "type": "Feature", "properties": { "name": "", "landuse": "", "leisure": "", "natural": "wood", "boundary": "", "amenity": "", "type": "District System", "district_system_type": "Central Hot Water" }, "geometry": { "type": "Polygon", "coordinates": [ [ [ -105.1375133, 39.7837074 ], [ -105.1377735, 39.783054 ], [ -105.1377493, 39.7817966 ], [ -105.1374784, 39.7817636 ], [ -105.1373148, 39.7822109 ], [ -105.1370466, 39.7825345 ], [ -105.1364458, 39.7828293 ], [ -105.1357564, 39.7830395 ], [ -105.1354989, 39.7829324 ], [ -105.1353863, 39.7829406 ], [ -105.1353058, 39.7831426 ], [ -105.1351073, 39.7832168 ], [ -105.1343429, 39.7833322 ], [ -105.134359, 39.7835672 ], [ -105.1349437, 39.7837321 ], [ -105.1354373, 39.7837671 ], [ -105.1375133, 39.7837074 ] ] ] } },
{ "type": "Feature", "properties": { "name": "", "landuse": "", "leisure": "", "natural": "wood", "boundary": "", "amenity": "", "type": "District System", "district_system_type": "Central Hot Water" }, "geometry": { "type": "Polygon", "coordinates": [ [ [ -105.1365745, 39.7707083 ], [ -105.1358584, 39.770933 ], [ -105.134823, 39.7711433 ], [ -105.134308, 39.7711165 ], [ -105.1342812, 39.7707495 ], [ -105.134646, 39.770263 ], [ -105.1361588, 39.7701393 ], [ -105.136199, 39.770296 ], [ -105.1371351, 39.7702053 ], [ -105.1370761, 39.7699496 ], [ -105.1376233, 39.7695208 ], [ -105.1376769, 39.7697971 ], [ -105.1381262, 39.7698404 ], [ -105.1384011, 39.7698125 ], [ -105.1387337, 39.7695559 ], [ -105.1392715, 39.7693075 ], [ -105.1403564, 39.7688848 ], [ -105.1413421, 39.768558 ], [ -105.1417485, 39.7683158 ], [ -105.1423238, 39.7680437 ], [ -105.1424217, 39.7681437 ], [ -105.1419604, 39.768556 ], [ -105.1409626, 39.7687993 ], [ -105.1407909, 39.769059 ], [ -105.1407346, 39.7694322 ], [ -105.140682994079071, 39.769424888486078 ], [ -105.1406381, 39.7697167 ], [ -105.140402, 39.7697167 ], [ -105.139651, 39.7698857 ], [ -105.139415849781898, 39.770056269316264 ], [ -105.1396939, 39.7699496 ], [ -105.1407132, 39.7697043 ], [ -105.1407534, 39.7703084 ], [ -105.140807, 39.7710835 ], [ -105.14052, 39.7710979 ], [ -105.1394938, 39.771113 ], [ -105.1392567, 39.7711165 ], [ -105.1391146, 39.7714896 ], [ -105.1378432, 39.7717597 ], [ -105.1376233, 39.771234 ], [ -105.138177337734078, 39.770567505852426 ], [ -105.1377922, 39.7705929 ], [ -105.1373792, 39.7710546 ], [ -105.1363787, 39.7711577 ], [ -105.1362044, 39.7708959 ], [ -105.136828957375499, 39.770651354001821 ], [ -105.1365745, 39.7707083 ] ], [ [ -105.1374865, 39.7705042 ], [ -105.137091478264011, 39.770592603438942 ], [ -105.1375186, 39.7705289 ], [ -105.137586610404455, 39.770470842337659 ], [ -105.1374865, 39.7705042 ] ], [ [ -105.138198243566947, 39.77026704081856 ], [ -105.1383099, 39.7702486 ], [ -105.138354387355989, 39.770215012342419 ], [ -105.138198243566947, 39.77026704081856 ] ], [ [ -105.138893550774227, 39.7700218 ], [ -105.1390019, 39.7700218 ], [ -105.139032997529725, 39.769969722334807 ], [ -105.138893550774227, 39.7700218 ] ] ] } },
{ "type": "Feature", "properties": { "name": "", "landuse": "", "leisure": "", "natural": "wetland", "boundary": "", "amenity": "", "type": "District System", "district_system_type": "Central Hot Water" }, "geometry": { "type": "Polygon", "coordinates": [ [ [ -105.175311, 39.7837177 ], [ -105.1754987, 39.7842206 ], [ -105.1754344, 39.7848781 ], [ -105.1750937, 39.7850883 ], [ -105.17526, 39.7854532 ], [ -105.1752895, 39.7856943 ], [ -105.1753593, 39.7860262 ], [ -105.1758903, 39.7861436 ], [ -105.1763436, 39.7859375 ], [ -105.1768398, 39.786053 ], [ -105.1780629, 39.7858118 ], [ -105.1770785, 39.7847503 ], [ -105.1769283, 39.784369 ], [ -105.1756838, 39.7837836 ], [ -105.175539, 39.7835816 ], [ -105.1753271, 39.7834456 ], [ -105.175311, 39.7837177 ] ] ] } },
{ "type": "Feature", "properties": { "name": "", "landuse": "", "leisure": "park", "natural": "", "boundary": "", "amenity": "", "type": "District System", "district_system_type": "Central Hot Water" }, "geometry": { "type": "Polygon", "coordinates": [ [ [ -105.1725188, 39.7868083 ], [ -105.1726744, 39.7866878 ], [ -105.1740772, 39.7867125 ], [ -105.1743239, 39.7867104 ], [ -105.1743977, 39.7867692 ], [ -105.1743293, 39.7875947 ], [ -105.1743092, 39.7882398 ], [ -105.1734214, 39.7882552 ], [ -105.1734213, 39.7882477 ], [ -105.173416, 39.7875472 ], [ -105.173129, 39.7875648 ], [ -105.1731303, 39.787268 ], [ -105.1725188, 39.7868083 ] ] ] } },
{ "type": "Feature", "properties": { "name": "Denver Kickers Sports Club", "landuse": "recreation_ground", "leisure": "sports_centre", "natural": "", "boundary": "", "amenity": "", "type": "District System", "district_system_type": "Central Hot Water" }, "geometry": { "type": "Polygon", "coordinates": [ [ [ -105.1883975, 39.7872278 ], [ -105.1883975, 39.7867001 ], [ -105.1881266, 39.7863291 ], [ -105.1881427, 39.7859169 ], [ -105.1880917, 39.7855851 ], [ -105.1860103, 39.7855109 ], [ -105.1860193, 39.7858116 ], [ -105.1860398, 39.7864961 ], [ -105.1865977, 39.7864992 ], [ -105.186599, 39.7872257 ], [ -105.1883975, 39.7872278 ] ] ] } },
{ "type": "Feature", "properties": { "name": "", "landuse": "", "leisure": "", "natural": "wetland", "boundary": "", "amenity": "", "type": "District System", "district_system_type": "Central Hot Water" }, "geometry": { "type": "Polygon", "coordinates": [ [ [ -105.13684, 39.7564366 ], [ -105.1369366, 39.7564191 ], [ -105.1370761, 39.7568191 ], [ -105.137174, 39.7570562 ], [ -105.1370533, 39.7575532 ], [ -105.1369742, 39.7577666 ], [ -105.1371378, 39.7579975 ], [ -105.1365946, 39.7581047 ], [ -105.1365785, 39.757713 ], [ -105.1368079, 39.757314 ], [ -105.1369312, 39.7572738 ], [ -105.1370198, 39.757047 ], [ -105.13684, 39.7564366 ] ] ] } },
{ "type": "Feature", "properties": { "name": "", "landuse": "", "leisure": "park", "natural": "", "boundary": "", "amenity": "", "type": "District System", "district_system_type": "Central Hot Water" }, "geometry": { "type": "Polygon", "coordinates": [ [ [ -105.1277514, 39.7618306 ], [ -105.1277326, 39.761111 ], [ -105.1270299, 39.7611162 ], [ -105.1269843, 39.761445 ], [ -105.1269923, 39.7618162 ], [ -105.1277514, 39.7618306 ] ] ] } },
{ "type": "Feature", "properties": { "name": "", "landuse": "", "leisure": "", "natural": "wetland", "boundary": "", "amenity": "", "type": "District System", "district_system_type": "Central Hot Water" }, "geometry": { "type": "Polygon", "coordinates": [ [ [ -105.1620783, 39.7850265 ], [ -105.1621199, 39.7848616 ], [ -105.1616733, 39.7849204 ], [ -105.161568, 39.7848915 ], [ -105.1615123, 39.7849703 ], [ -105.1614077, 39.7849703 ], [ -105.1614024, 39.7850378 ], [ -105.1616599, 39.7851254 ], [ -105.1618382, 39.7850966 ], [ -105.1620783, 39.7850265 ] ] ] } },
{ "type": "Feature", "properties": { "name": "", "landuse": "", "leisure": "", "natural": "wetland", "boundary": "", "amenity": "", "type": "District System", "district_system_type": "Central Hot Water" }, "geometry": { "type": "Polygon", "coordinates": [ [ [ -105.1620944, 39.7877039 ], [ -105.1621547, 39.7874102 ], [ -105.1621641, 39.7872175 ], [ -105.1621256, 39.787194 ], [ -105.1615566, 39.7871989 ], [ -105.1615683, 39.7872803 ], [ -105.1617537, 39.7873468 ], [ -105.1619063, 39.7874478 ], [ -105.1619931, 39.7875403 ], [ -105.1620417, 39.7876392 ], [ -105.1620944, 39.7877039 ] ] ] } },
{ "type": "Feature", "properties": { "name": "", "landuse": "", "leisure": "", "natural": "wood; scrub", "boundary": "", "amenity": "", "type": "District System", "district_system_type": "Central Hot Water" }, "geometry": { "type": "Polygon", "coordinates": [ [ [ -105.1828682, 39.7652535 ], [ -105.1827064, 39.7648947 ], [ -105.1826453, 39.764782 ], [ -105.1825765, 39.7646719 ], [ -105.1823844, 39.7643839 ], [ -105.1823555, 39.7643341 ], [ -105.1823336, 39.7642822 ], [ -105.1823191, 39.7642288 ], [ -105.1823121, 39.7641745 ], [ -105.1823127, 39.7641199 ], [ -105.1823209, 39.7640657 ], [ -105.1823366, 39.7640124 ], [ -105.1823596, 39.7639608 ], [ -105.1824374, 39.7638354 ], [ -105.1824771, 39.7637566 ], [ -105.1825084, 39.7636757 ], [ -105.1825311, 39.763593 ], [ -105.182545, 39.7635093 ], [ -105.1825502, 39.7634249 ], [ -105.1825464, 39.7633404 ], [ -105.1825338, 39.7632565 ], [ -105.1825125, 39.7631737 ], [ -105.1824826, 39.7630924 ], [ -105.1824442, 39.7630133 ], [ -105.1823976, 39.7629368 ], [ -105.1823432, 39.7628635 ], [ -105.1822813, 39.7627939 ], [ -105.1822123, 39.7627283 ], [ -105.1821367, 39.7626672 ], [ -105.1820548, 39.7626111 ], [ -105.1815359, 39.7622832 ], [ -105.1840381, 39.7617413 ], [ -105.1853228, 39.7615831 ], [ -105.1853102, 39.7615018 ], [ -105.1852232, 39.7613859 ], [ -105.1847741, 39.7613454 ], [ -105.1844944, 39.7611644 ], [ -105.1843743, 39.7610136 ], [ -105.184373, 39.7607515 ], [ -105.1844167, 39.7605948 ], [ -105.1847561, 39.7601083 ], [ -105.184934, 39.7601088 ], [ -105.1849364, 39.7595604 ], [ -105.1845112, 39.759626 ], [ -105.1844796, 39.7595478 ], [ -105.1843446, 39.7593233 ], [ -105.1842589, 39.759275 ], [ -105.1842595, 39.7593928 ], [ -105.1839796, 39.7592747 ], [ -105.1838153, 39.7592392 ], [ -105.1836343, 39.7591643 ], [ -105.1835196, 39.7590009 ], [ -105.1835173, 39.7588055 ], [ -105.1832109, 39.7585673 ], [ -105.1831697, 39.7584605 ], [ -105.1832723, 39.7580501 ], [ -105.1830049, 39.7573422 ], [ -105.1829028, 39.7571648 ], [ -105.1829112, 39.7571089 ], [ -105.1828504, 39.7570324 ], [ -105.1828055, 39.7570198 ], [ -105.182671, 39.7569817 ], [ -105.182572, 39.7568876 ], [ -105.1823235, 39.7568973 ], [ -105.1821587, 39.7569038 ], [ -105.1821052, 39.7568567 ], [ -105.182019, 39.7567798 ], [ -105.1818938, 39.7567019 ], [ -105.1818271, 39.7566121 ], [ -105.18177, 39.7565343 ], [ -105.1814822, 39.7563475 ], [ -105.1812393, 39.7561267 ], [ -105.1809232, 39.7560959 ], [ -105.1803052, 39.7558847 ], [ -105.1798503, 39.7560827 ], [ -105.1795013, 39.7559776 ], [ -105.1792197, 39.75568 ], [ -105.1790027, 39.7555643 ], [ -105.1787376, 39.7553777 ], [ -105.1783259, 39.7552602 ], [ -105.1781378, 39.7552535 ], [ -105.1764059, 39.7544936 ], [ -105.186794, 39.754603 ], [ -105.1867082, 39.7548094 ], [ -105.1865366, 39.7552142 ], [ -105.1867219, 39.7560498 ], [ -105.1860272, 39.7565636 ], [ -105.1874494, 39.7574756 ], [ -105.1883515, 39.7575718 ], [ -105.1882764, 39.7581724 ], [ -105.1898295, 39.7589479 ], [ -105.1904252, 39.7588626 ], [ -105.1906253, 39.759556 ], [ -105.1924392, 39.7602658 ], [ -105.1918688, 39.7610915 ], [ -105.1905505, 39.761917 ], [ -105.1915786, 39.762814 ], [ -105.1922211, 39.7625867 ], [ -105.1923551, 39.7625229 ], [ -105.192474, 39.7625193 ], [ -105.1926097, 39.7623622 ], [ -105.1926399, 39.7622564 ], [ -105.1928621, 39.7621494 ], [ -105.1933271, 39.7619706 ], [ -105.193511, 39.7619126 ], [ -105.1941185, 39.761649 ], [ -105.1937104, 39.761646 ], [ -105.1937348, 39.7545096 ], [ -105.2026814, 39.7544476 ], [ -105.20268, 39.7544437 ], [ -105.2032309, 39.7544335 ], [ -105.2032349, 39.7544437 ], [ -105.207863, 39.7545059 ], [ -105.2078704, 39.7508696 ], [ -105.209034, 39.750777 ], [ -105.2090092, 39.7510087 ], [ -105.2095708, 39.7513395 ], [ -105.2105124, 39.7519 ], [ -105.2102761, 39.7522423 ], [ -105.2103565, 39.7524691 ], [ -105.2101154, 39.7526753 ], [ -105.2101376, 39.7530839 ], [ -105.2102629, 39.7531767 ], [ -105.2108747, 39.753315 ], [ -105.2107837, 39.7533599 ], [ -105.2111751, 39.7535418 ], [ -105.2119715, 39.7536404 ], [ -105.2122974, 39.7538879 ], [ -105.2124409, 39.7539959 ], [ -105.2127187, 39.7541338 ], [ -105.2129665, 39.7539962 ], [ -105.2129675, 39.753842 ], [ -105.213583, 39.7535045 ], [ -105.2143881, 39.7541859 ], [ -105.2148673, 39.7544172 ], [ -105.2152263, 39.7547312 ], [ -105.215304, 39.7549947 ], [ -105.215944, 39.7557347 ], [ -105.2145146, 39.7562683 ], [ -105.2148287, 39.7567674 ], [ -105.2155997, 39.7563631 ], [ -105.2158912, 39.7563226 ], [ -105.2168886, 39.7563212 ], [ -105.2168047, 39.7563809 ], [ -105.2164689, 39.7564267 ], [ -105.2159744, 39.756461 ], [ -105.2156711, 39.7566308 ], [ -105.2158164, 39.7570919 ], [ -105.2132857, 39.7589275 ], [ -105.2125553, 39.7598699 ], [ -105.2111779, 39.7617636 ], [ -105.2112226, 39.7617636 ], [ -105.2111288, 39.7618755 ], [ -105.2110277, 39.7619835 ], [ -105.2109195, 39.7620874 ], [ -105.2108045, 39.7621868 ], [ -105.210683, 39.7622815 ], [ -105.2105553, 39.7623713 ], [ -105.2104218, 39.7624558 ], [ -105.2102828, 39.7625349 ], [ -105.2101388, 39.7626084 ], [ -105.20999, 39.7626761 ], [ -105.2096798, 39.7627932 ], [ -105.2088064, 39.7629852 ], [ -105.2077566, 39.7630792 ], [ -105.1992968, 39.7639735 ], [ -105.1990233, 39.7640356 ], [ -105.1987524, 39.7641038 ], [ -105.1950223, 39.7650089 ], [ -105.1931289, 39.7654016 ], [ -105.193212, 39.7658016 ], [ -105.1934467, 39.7658614 ], [ -105.1936258, 39.7660918 ], [ -105.1927252, 39.7661954 ], [ -105.1919031, 39.7662717 ], [ -105.1907337, 39.766484 ], [ -105.1886013, 39.7670675 ], [ -105.187507, 39.7673767 ], [ -105.1862705, 39.7674922 ], [ -105.1847068, 39.7675293 ], [ -105.1845565, 39.7671912 ], [ -105.1834488, 39.7671169 ], [ -105.1826897, 39.7666469 ], [ -105.1823759, 39.7664201 ], [ -105.1813889, 39.7658779 ], [ -105.1805574, 39.7655294 ], [ -105.1798332, 39.7653789 ], [ -105.1799405, 39.765181 ], [ -105.1804581, 39.7652758 ], [ -105.1813325, 39.7656717 ], [ -105.1821399, 39.7659459 ], [ -105.1826334, 39.7662613 ], [ -105.1828775, 39.7664675 ], [ -105.1831219, 39.7665298 ], [ -105.1833978, 39.7664551 ], [ -105.18273, 39.7657624 ], [ -105.1822096, 39.7654882 ], [ -105.182899340533751, 39.765307180348671 ], [ -105.1828682, 39.7652535 ] ], [ [ -105.1895696, 39.766282 ], [ -105.1899907, 39.766183 ], [ -105.1917315, 39.7657274 ], [ -105.1895696, 39.766282 ] ] ] } },
{ "type": "Feature", "properties": { "name": "", "landuse": "", "leisure": "", "natural": "wetland", "boundary": "", "amenity": "", "type": "District System", "district_system_type": "Central Hot Water" }, "geometry": { "type": "Polygon", "coordinates": [ [ [ -105.1665039, 39.7616007 ], [ -105.1664852, 39.7613935 ], [ -105.1655343, 39.7614574 ], [ -105.1655558, 39.761579 ], [ -105.1660319, 39.7616007 ], [ -105.1663296, 39.7615832 ], [ -105.1665039, 39.7616007 ] ] ] } },
{ "type": "Feature", "properties": { "name": "", "landuse": "", "leisure": "", "natural": "wetland", "boundary": "", "amenity": "", "type": "District System", "district_system_type": "Central Hot Water" }, "geometry": { "type": "Polygon", "coordinates": [ [ [ -105.1729935, 39.7617141 ], [ -105.1734482, 39.761777 ], [ -105.1738076, 39.7614553 ], [ -105.1739404, 39.7612017 ], [ -105.1733543, 39.7611553 ], [ -105.1730928, 39.7615089 ], [ -105.1729935, 39.7617141 ] ] ] } },
{ "type": "Feature", "properties": { "name": "", "landuse": "", "leisure": "", "natural": "wetland", "boundary": "", "amenity": "", "type": "District System", "district_system_type": "Central Hot Water" }, "geometry": { "type": "Polygon", "coordinates": [ [ [ -105.1739833, 39.7699167 ], [ -105.1742542, 39.7699249 ], [ -105.1744071, 39.76909 ], [ -105.1741281, 39.768622 ], [ -105.1738116, 39.7687931 ], [ -105.173758, 39.769059 ], [ -105.173074, 39.7690281 ], [ -105.172087, 39.7686756 ], [ -105.1717222, 39.7687106 ], [ -105.1719636, 39.7690322 ], [ -105.1724356, 39.7692693 ], [ -105.173023, 39.7692611 ], [ -105.1732832, 39.7694342 ], [ -105.1737258, 39.7695188 ], [ -105.1739833, 39.7699167 ] ] ] } },
{ "type": "Feature", "properties": { "name": "", "landuse": "", "leisure": "", "natural": "wood", "boundary": "", "amenity": "", "type": "District System", "district_system_type": "Central Hot Water" }, "geometry": { "type": "Polygon", "coordinates": [ [ [ -105.1600036, 39.7732399 ], [ -105.159907, 39.7729471 ], [ -105.158971, 39.773011 ], [ -105.1588127, 39.7727925 ], [ -105.1578578, 39.7729142 ], [ -105.157316, 39.7731306 ], [ -105.1569486, 39.7733615 ], [ -105.1563692, 39.7729224 ], [ -105.155578, 39.7728626 ], [ -105.1541242, 39.7729121 ], [ -105.1557308, 39.774083 ], [ -105.156911, 39.7740624 ], [ -105.1573268, 39.7737429 ], [ -105.1578444, 39.7735305 ], [ -105.1584131, 39.7734151 ], [ -105.159553, 39.7733904 ], [ -105.1600036, 39.7732399 ] ] ] } },
{ "type": "Feature", "properties": { "name": "", "landuse": "", "leisure": "", "natural": "wood", "boundary": "", "amenity": "", "type": "District System", "district_system_type": "Central Hot Water" }, "geometry": { "type": "Polygon", "coordinates": [ [ [ -105.1455197, 39.7781729 ], [ -105.1454607, 39.7778946 ], [ -105.1472877, 39.7774937 ], [ -105.1482502, 39.7772824 ], [ -105.148513, 39.7772782 ], [ -105.1493566, 39.7770669 ], [ -105.1531492, 39.77633 ], [ -105.1554747, 39.7759342 ], [ -105.1555243, 39.7762661 ], [ -105.1534201, 39.7766516 ], [ -105.1530848, 39.7765598 ], [ -105.1517089, 39.7768608 ], [ -105.1510236, 39.7770896 ], [ -105.1495618, 39.7774091 ], [ -105.1455197, 39.7781729 ] ] ] } },
{ "type": "Feature", "properties": { "name": "", "landuse": "", "leisure": "", "natural": "wood", "boundary": "", "amenity": "", "type": "District System", "district_system_type": "Central Hot Water" }, "geometry": { "type": "Polygon", "coordinates": [ [ [ -105.137811, 39.7313076 ], [ -105.1392326, 39.7307382 ], [ -105.1399434, 39.7306227 ], [ -105.1406716, 39.7307991 ], [ -105.1409532, 39.7310147 ], [ -105.1412925, 39.7313767 ], [ -105.1418866, 39.7312931 ], [ -105.1419885, 39.7310879 ], [ -105.1417391, 39.7309548 ], [ -105.1415567, 39.7309095 ], [ -105.1413663, 39.7309404 ], [ -105.1409183, 39.7306537 ], [ -105.1402666, 39.7305113 ], [ -105.1398213, 39.7304051 ], [ -105.1386237, 39.7306299 ], [ -105.1386505, 39.7304082 ], [ -105.1378056, 39.7303618 ], [ -105.137811, 39.7313076 ] ] ] } },
{ "type": "Feature", "properties": { "name": "", "landuse": "", "leisure": "", "natural": "wood", "boundary": "", "amenity": "", "type": "District System", "district_system_type": "Central Hot Water" }, "geometry": { "type": "Polygon", "coordinates": [ [ [ -105.1400198, 39.7256709 ], [ -105.1394793, 39.7255832 ], [ -105.1388249, 39.7256337 ], [ -105.1383434, 39.7257327 ], [ -105.137976, 39.7257864 ], [ -105.1380014, 39.7258926 ], [ -105.1399192, 39.7257534 ], [ -105.1400198, 39.7256709 ] ] ] } },
{ "type": "Feature", "properties": { "name": "", "landuse": "", "leisure": "", "natural": "scrub", "boundary": "", "amenity": "", "type": "District System", "district_system_type": "Central Hot Water" }, "geometry": { "type": "Polygon", "coordinates": [ [ [ -105.2166215, 39.7594585 ], [ -105.2166091, 39.759415 ], [ -105.2157234, 39.7599734 ], [ -105.2157615, 39.7600054 ], [ -105.2166215, 39.7594585 ] ] ] } },
{ "type": "Feature", "properties": { "name": "", "landuse": "", "leisure": "", "natural": "scrub", "boundary": "", "amenity": "", "type": "District System", "district_system_type": "Central Hot Water" }, "geometry": { "type": "Polygon", "coordinates": [ [ [ -105.2179862, 39.7587738 ], [ -105.2179415, 39.758834 ], [ -105.2178256, 39.7588988 ], [ -105.2176467, 39.7589981 ], [ -105.2175685, 39.7590653 ], [ -105.2175929, 39.7591387 ], [ -105.2175603, 39.7591817 ], [ -105.217477, 39.7591692 ], [ -105.217417, 39.7591356 ], [ -105.2174963, 39.7590528 ], [ -105.2177311, 39.7588887 ], [ -105.2178348, 39.7588152 ], [ -105.2179191, 39.7587863 ], [ -105.2179862, 39.7587738 ] ] ] } },
{ "type": "Feature", "properties": { "name": "", "landuse": "", "leisure": "", "natural": "wetland", "boundary": "", "amenity": "", "type": "District System", "district_system_type": "Central Hot Water" }, "geometry": { "type": "Polygon", "coordinates": [ [ [ -105.1385573, 39.7365597 ], [ -105.1386559, 39.7364962 ], [ -105.1387645, 39.7365189 ], [ -105.1389456, 39.7365664 ], [ -105.1389436, 39.7365844 ], [ -105.1388624, 39.7365849 ], [ -105.1388014, 39.7365731 ], [ -105.1385848, 39.7365787 ], [ -105.1385573, 39.7365597 ] ] ] } },
{ "type": "Feature", "properties": { "name": "", "landuse": "", "leisure": "", "natural": "wetland", "boundary": "", "amenity": "", "type": "District System", "district_system_type": "Central Hot Water" }, "geometry": { "type": "Polygon", "coordinates": [ [ [ -105.1326558, 39.7732378 ], [ -105.1328141, 39.7730894 ], [ -105.1320845, 39.7730616 ], [ -105.1313616, 39.7730574 ], [ -105.1308614, 39.7730337 ], [ -105.130734, 39.7731904 ], [ -105.1304309, 39.7733646 ], [ -105.1299803, 39.7735357 ], [ -105.1295806, 39.773747 ], [ -105.129185, 39.7740521 ], [ -105.1295176, 39.7740531 ], [ -105.1301667, 39.7738037 ], [ -105.1304269, 39.7735831 ], [ -105.1308467, 39.773379 ], [ -105.1312785, 39.7731925 ], [ -105.1316956, 39.7732419 ], [ -105.1322079, 39.7733244 ], [ -105.1326558, 39.7732378 ] ] ] } },
{ "type": "Feature", "properties": { "name": "", "landuse": "", "leisure": "", "natural": "wetland", "boundary": "", "amenity": "", "type": "District System", "district_system_type": "Central Hot Water" }, "geometry": { "type": "Polygon", "coordinates": [ [ [ -105.1351029, 39.773013 ], [ -105.1351449, 39.7718092 ], [ -105.1350725, 39.7715288 ], [ -105.1346916, 39.7715185 ], [ -105.1342383, 39.7715742 ], [ -105.1339406, 39.7717473 ], [ -105.1337904, 39.771971 ], [ -105.1340005, 39.772 ], [ -105.1341261, 39.7720216 ], [ -105.1342782, 39.7721987 ], [ -105.1343565, 39.7722409 ], [ -105.1344116, 39.7723458 ], [ -105.1342911, 39.7725254 ], [ -105.1343341, 39.7726556 ], [ -105.1344975, 39.7728065 ], [ -105.1345724, 39.7728574 ], [ -105.1346537, 39.7728843 ], [ -105.1348416, 39.7728543 ], [ -105.1349408, 39.7728576 ], [ -105.135047, 39.7729266 ], [ -105.1351029, 39.773013 ] ] ] } },
{ "type": "Feature", "properties": { "name": "", "landuse": "", "leisure": "", "natural": "scrub; wood", "boundary": "", "amenity": "", "type": "District System", "district_system_type": "Central Hot Water" }, "geometry": { "type": "Polygon", "coordinates": [ [ [ -105.1493336, 39.7248359 ], [ -105.1484066, 39.7248359 ], [ -105.1477621, 39.724834 ], [ -105.1472853, 39.7248368 ], [ -105.1471312, 39.7248232 ], [ -105.1471425, 39.7231747 ], [ -105.1471561, 39.7226269 ], [ -105.1473601, 39.7200115 ], [ -105.1473675, 39.7199028 ], [ -105.1474333, 39.7189735 ], [ -105.1473971, 39.7186929 ], [ -105.1473849, 39.7176337 ], [ -105.1473235, 39.7167275 ], [ -105.1472443, 39.7167265 ], [ -105.1472446, 39.7167156 ], [ -105.1472418, 39.7166849 ], [ -105.1471701, 39.7166849 ], [ -105.1471715, 39.7167167 ], [ -105.1471366, 39.7167153 ], [ -105.1471355, 39.716663 ], [ -105.1469125, 39.7166657 ], [ -105.1469136, 39.716718 ], [ -105.1468999, 39.7167358 ], [ -105.1468571, 39.7167443 ], [ -105.1468323, 39.716739 ], [ -105.146802, 39.7167146 ], [ -105.1467868, 39.7166949 ], [ -105.1468831, 39.7166168 ], [ -105.1469108, 39.7165843 ], [ -105.1469555, 39.7165575 ], [ -105.1470143, 39.7165379 ], [ -105.147088, 39.7165265 ], [ -105.1471865, 39.7165346 ], [ -105.1472397, 39.7165472 ], [ -105.1473049, 39.7165744 ], [ -105.1473531, 39.7166246 ], [ -105.1473729, 39.7166421 ], [ -105.1474119, 39.716696 ], [ -105.1474389, 39.71675 ], [ -105.1474566, 39.7167473 ], [ -105.1474729, 39.7168111 ], [ -105.1474842, 39.7168776 ], [ -105.147492, 39.7169768 ], [ -105.1475069, 39.7171824 ], [ -105.147526, 39.7174577 ], [ -105.1475501, 39.7177515 ], [ -105.1475728, 39.718016 ], [ -105.147592, 39.7182749 ], [ -105.1476168, 39.7184074 ], [ -105.1476685, 39.7185334 ], [ -105.1477132, 39.7186119 ], [ -105.1477982, 39.7187204 ], [ -105.147918, 39.7188267 ], [ -105.1480222, 39.7189084 ], [ -105.1480676, 39.7189488 ], [ -105.1481087, 39.7189842 ], [ -105.1481569, 39.7190742 ], [ -105.1481689, 39.7191233 ], [ -105.1481753, 39.719175 ], [ -105.1481767, 39.719211 ], [ -105.1481434, 39.7192088 ], [ -105.1481342, 39.719277 ], [ -105.1481108, 39.7193244 ], [ -105.1480902, 39.7193571 ], [ -105.1480463, 39.7194117 ], [ -105.1480542, 39.7194515 ], [ -105.1479577, 39.7195945 ], [ -105.1478201, 39.7197801 ], [ -105.1477175, 39.7199296 ], [ -105.1476161, 39.7201301 ], [ -105.1475799, 39.7202258 ], [ -105.1475352, 39.7204439 ], [ -105.1475316, 39.7205823 ], [ -105.1475461, 39.7210028 ], [ -105.1475582, 39.721454 ], [ -105.1475714, 39.7216796 ], [ -105.1475908, 39.7217678 ], [ -105.147633, 39.7218801 ], [ -105.1477006, 39.7220083 ], [ -105.1477682, 39.7221076 ], [ -105.1478659, 39.7222218 ], [ -105.1479529, 39.7222998 ], [ -105.148085, 39.7223972 ], [ -105.1482737, 39.7225018 ], [ -105.1484753, 39.7225803 ], [ -105.1487498, 39.7226457 ], [ -105.1488688, 39.7226619 ], [ -105.1492323, 39.7226694 ], [ -105.1498639, 39.72267 ], [ -105.1500153, 39.7226706 ], [ -105.1500963, 39.7226762 ], [ -105.1501934, 39.7226855 ], [ -105.1502711, 39.7226999 ], [ -105.1503683, 39.7227242 ], [ -105.1504567, 39.7227477 ], [ -105.150556, 39.7227804 ], [ -105.1507169, 39.7228584 ], [ -105.1507377, 39.7228747 ], [ -105.1508544, 39.7229554 ], [ -105.150909, 39.7230024 ], [ -105.151006, 39.7230939 ], [ -105.1510514, 39.7231522 ], [ -105.1511062, 39.7232259 ], [ -105.1511662, 39.7233501 ], [ -105.151215, 39.7234892 ], [ -105.1512173, 39.7239053 ], [ -105.151187, 39.7239016 ], [ -105.1511416, 39.7241357 ], [ -105.1511416, 39.7244876 ], [ -105.1511829, 39.7246153 ], [ -105.1511837, 39.7247765 ], [ -105.1511691, 39.7247792 ], [ -105.1511094, 39.7247895 ], [ -105.1508955, 39.7247977 ], [ -105.1504691, 39.7244722 ], [ -105.1502373, 39.7244799 ], [ -105.1501194, 39.7248312 ], [ -105.1493336, 39.7248359 ] ] ] } },
{ "type": "Feature", "properties": { "name": "", "landuse": "", "leisure": "", "natural": "wetland; wood", "boundary": "", "amenity": "", "type": "District System", "district_system_type": "Central Hot Water" }, "geometry": { "type": "Polygon", "coordinates": [ [ [ -105.1479498, 39.7119119 ], [ -105.1485372, 39.7119304 ], [ -105.1489247, 39.7117654 ], [ -105.1491804, 39.7119341 ], [ -105.1485425, 39.7122214 ], [ -105.1482877, 39.7122874 ], [ -105.1479954, 39.7124772 ], [ -105.147675865188305, 39.712636161404362 ], [ -105.1477432, 39.7127114 ], [ -105.1477781, 39.712863 ], [ -105.1473811, 39.7131251 ], [ -105.147361, 39.7129198 ], [ -105.1471116, 39.7128476 ], [ -105.1469989, 39.7128723 ], [ -105.1469506, 39.7127454 ], [ -105.147125, 39.7126165 ], [ -105.1473154, 39.7126743 ], [ -105.1473637, 39.7125257 ], [ -105.1474227, 39.7121233 ], [ -105.1478022, 39.7120625 ], [ -105.1475447, 39.7124896 ], [ -105.147583627159165, 39.71253309644284 ], [ -105.1479498, 39.7119119 ] ] ] } },
{ "type": "Feature", "properties": { "name": "", "landuse": "", "leisure": "", "natural": "wood", "boundary": "", "amenity": "", "type": "District System", "district_system_type": "Central Hot Water" }, "geometry": { "type": "Polygon", "coordinates": [ [ [ -105.1488932, 39.7390749 ], [ -105.1489127, 39.7393302 ], [ -105.1484822, 39.739423 ], [ -105.1479565, 39.7397746 ], [ -105.1464142, 39.7397633 ], [ -105.145521, 39.7398499 ], [ -105.144821, 39.7405336 ], [ -105.1445326, 39.7408255 ], [ -105.1442885, 39.7406595 ], [ -105.1448451, 39.7401593 ], [ -105.1452568, 39.7396653 ], [ -105.1458482, 39.739554 ], [ -105.146559, 39.7395684 ], [ -105.1471236, 39.7396272 ], [ -105.1479337, 39.7395859 ], [ -105.1481187, 39.7395282 ], [ -105.1485036, 39.739226 ], [ -105.1486565, 39.7390775 ], [ -105.1488932, 39.7390749 ] ] ] } },
{ "type": "Feature", "properties": { "name": "", "landuse": "", "leisure": "", "natural": "wetland", "boundary": "", "amenity": "", "type": "District System", "district_system_type": "Central Hot Water" }, "geometry": { "type": "Polygon", "coordinates": [ [ [ -105.1269601, 39.7231695 ], [ -105.1270381, 39.7232064 ], [ -105.1270822, 39.7232644 ], [ -105.1269481, 39.7235481 ], [ -105.1266637, 39.7238328 ], [ -105.1263151, 39.7241814 ], [ -105.1260267, 39.7246776 ], [ -105.1258953, 39.7246332 ], [ -105.1259771, 39.724528 ], [ -105.1259824, 39.7244857 ], [ -105.1259637, 39.7243856 ], [ -105.1260455, 39.7240721 ], [ -105.1263566, 39.7238152 ], [ -105.1266342, 39.7234913 ], [ -105.1268005, 39.7232706 ], [ -105.1269601, 39.7231695 ] ] ] } },
{ "type": "Feature", "properties": { "name": "", "landuse": "", "leisure": "", "natural": "wetland", "boundary": "", "amenity": "", "type": "District System", "district_system_type": "Central Hot Water" }, "geometry": { "type": "Polygon", "coordinates": [ [ [ -105.1274443, 39.7226708 ], [ -105.1275294, 39.7226754 ], [ -105.1275743, 39.722697 ], [ -105.1276642, 39.7227249 ], [ -105.1278171, 39.7227631 ], [ -105.1280095, 39.7227306 ], [ -105.1281162, 39.7226986 ], [ -105.1281126, 39.7226757 ], [ -105.1280907, 39.7226558 ], [ -105.1279981, 39.7226239 ], [ -105.1279713, 39.7225176 ], [ -105.127803, 39.722449 ], [ -105.1275529, 39.7224129 ], [ -105.1274067, 39.7224433 ], [ -105.1273651, 39.7225171 ], [ -105.1273806, 39.722629 ], [ -105.1274443, 39.7226708 ] ] ] } },
{ "type": "Feature", "properties": { "name": "", "landuse": "", "leisure": "", "natural": "wood", "boundary": "", "amenity": "", "type": "District System", "district_system_type": "Central Hot Water" }, "geometry": { "type": "Polygon", "coordinates": [ [ [ -105.2112514, 39.7418641 ], [ -105.2112681, 39.7418507 ], [ -105.2112775, 39.741836 ], [ -105.2112816, 39.7418213 ], [ -105.2112765, 39.7418092 ], [ -105.2112588, 39.7418022 ], [ -105.2112323, 39.7418009 ], [ -105.2111713, 39.7418092 ], [ -105.2111159, 39.7418185 ], [ -105.2110616, 39.7418311 ], [ -105.2110291, 39.7418435 ], [ -105.211004, 39.7418574 ], [ -105.2109879, 39.7418726 ], [ -105.2109778, 39.7418875 ], [ -105.2109738, 39.7419061 ], [ -105.2109758, 39.7419182 ], [ -105.2109818, 39.7419291 ], [ -105.2109899, 39.741934 ], [ -105.2110003, 39.7419342 ], [ -105.2110147, 39.7419321 ], [ -105.2110479, 39.7419249 ], [ -105.211131, 39.7419028 ], [ -105.2111806, 39.741885 ], [ -105.2112179, 39.7418749 ], [ -105.2112514, 39.7418641 ] ] ] } },
{ "type": "Feature", "properties": { "name": "", "landuse": "", "leisure": "", "natural": "wood", "boundary": "", "amenity": "", "type": "District System", "district_system_type": "Central Hot Water" }, "geometry": { "type": "Polygon", "coordinates": [ [ [ -105.2120859, 39.740029 ], [ -105.2120852, 39.7400821 ], [ -105.2120676, 39.7401274 ], [ -105.2120228, 39.7401837 ], [ -105.2119712, 39.7402219 ], [ -105.2119068, 39.7402409 ], [ -105.2118626, 39.7402389 ], [ -105.2118063, 39.7402311 ], [ -105.2117761, 39.7402198 ], [ -105.2117432, 39.740209 ], [ -105.2116909, 39.7402043 ], [ -105.2116419, 39.7401942 ], [ -105.2115957, 39.7401806 ], [ -105.2115501, 39.7401564 ], [ -105.2115132, 39.7401301 ], [ -105.2114971, 39.7401094 ], [ -105.211483, 39.7400728 ], [ -105.2114681, 39.7400325 ], [ -105.2114427, 39.7399828 ], [ -105.2114396, 39.7399366 ], [ -105.2114589, 39.7399058 ], [ -105.2115074, 39.7398667 ], [ -105.2115682, 39.739869 ], [ -105.2116199, 39.7398797 ], [ -105.2116838, 39.7398726 ], [ -105.2117454, 39.7398619 ], [ -105.2118001, 39.7398572 ], [ -105.2118456, 39.7398511 ], [ -105.2119049, 39.7398477 ], [ -105.2119726, 39.7398602 ], [ -105.2120111, 39.7398702 ], [ -105.2120389, 39.7398939 ], [ -105.2120628, 39.7399318 ], [ -105.2120789, 39.7399674 ], [ -105.2120859, 39.740029 ] ] ] } },
{ "type": "Feature", "properties": { "name": "", "landuse": "", "leisure": "", "natural": "wood", "boundary": "", "amenity": "", "type": "District System", "district_system_type": "Central Hot Water" }, "geometry": { "type": "Polygon", "coordinates": [ [ [ -105.1461795, 39.7409616 ], [ -105.1461822, 39.7408575 ], [ -105.1456042, 39.7409142 ], [ -105.1450302, 39.7412772 ], [ -105.144428, 39.741471 ], [ -105.1439922, 39.7416567 ], [ -105.1435536, 39.7419712 ], [ -105.1430051, 39.7423826 ], [ -105.1430024, 39.7427951 ], [ -105.1428241, 39.7429859 ], [ -105.1424298, 39.743189 ], [ -105.1424164, 39.7435995 ], [ -105.1429769, 39.7431705 ], [ -105.14328, 39.7428426 ], [ -105.1433994, 39.7424177 ], [ -105.1448786, 39.741569 ], [ -105.1453038, 39.74124 ], [ -105.1457839, 39.7412194 ], [ -105.1461795, 39.7409616 ] ] ] } },
{ "type": "Feature", "properties": { "name": "", "landuse": "", "leisure": "", "natural": "scrub; wood; wetland", "boundary": "", "amenity": "", "type": "District System", "district_system_type": "Central Hot Water" }, "geometry": { "type": "Polygon", "coordinates": [ [ [ -105.1821649, 39.7259481 ], [ -105.1824333, 39.72593 ], [ -105.1826447, 39.7259119 ], [ -105.1829205, 39.7258841 ], [ -105.1830149, 39.7258687 ], [ -105.1831724, 39.7258503 ], [ -105.1833258, 39.7258328 ], [ -105.1833337, 39.725851 ], [ -105.1830216, 39.7261032 ], [ -105.1829908, 39.7261419 ], [ -105.1829277, 39.7261585 ], [ -105.1826394, 39.7262492 ], [ -105.1826516, 39.7262743 ], [ -105.1820912, 39.7264476 ], [ -105.1820959, 39.7264907 ], [ -105.1820498, 39.7265262 ], [ -105.1819589, 39.7265735 ], [ -105.1819563, 39.7272785 ], [ -105.1817837, 39.7272832 ], [ -105.1818034, 39.7273535 ], [ -105.1818702, 39.7276525 ], [ -105.1818876, 39.7277301 ], [ -105.1817581, 39.7277719 ], [ -105.1815747, 39.7278175 ], [ -105.1814322, 39.7278578 ], [ -105.1813053, 39.7278836 ], [ -105.1801841, 39.7281823 ], [ -105.1801711, 39.7281578 ], [ -105.1801775, 39.7280846 ], [ -105.180144, 39.7278216 ], [ -105.1801807, 39.7273707 ], [ -105.1802321, 39.7267404 ], [ -105.1802503, 39.7265208 ], [ -105.1802244, 39.7260984 ], [ -105.180212, 39.7258913 ], [ -105.1805006, 39.7259058 ], [ -105.1808661, 39.725924 ], [ -105.1812802, 39.7259446 ], [ -105.1814416, 39.7259526 ], [ -105.1816095, 39.7259549 ], [ -105.1816869, 39.7259579 ], [ -105.1818755, 39.7259567 ], [ -105.1821649, 39.7259481 ] ] ] } },
{ "type": "Feature", "properties": { "name": "", "landuse": "", "leisure": "", "natural": "scrub", "boundary": "", "amenity": "", "type": "District System", "district_system_type": "Central Hot Water" }, "geometry": { "type": "MultiPolygon", "coordinates": [ [ [ [ -105.1953229, 39.7836311 ], [ -105.1958728, 39.7834641 ], [ -105.1967901, 39.7829035 ], [ -105.1958969, 39.782011 ], [ -105.1965809, 39.7817739 ], [ -105.19723, 39.7825778 ], [ -105.1978147, 39.783124 ], [ -105.1981795, 39.7836661 ], [ -105.1987749, 39.7840372 ], [ -105.1986194, 39.7841753 ], [ -105.1979166, 39.7840722 ], [ -105.1971629, 39.7841093 ], [ -105.1965567, 39.7839279 ], [ -105.196141, 39.783965 ], [ -105.1955107, 39.7839073 ], [ -105.1953229, 39.7836311 ] ] ], [ [ [ -105.1932013, 39.7824933 ], [ -105.193255, 39.7827984 ], [ -105.1950681, 39.7836497 ], [ -105.1955107, 39.7839073 ], [ -105.1954517, 39.7839774 ], [ -105.1948348, 39.7839733 ], [ -105.194301, 39.7837136 ], [ -105.1933488, 39.7834064 ], [ -105.1930243, 39.7832127 ], [ -105.1927748, 39.7830148 ], [ -105.192402, 39.7824232 ], [ -105.1924905, 39.7821738 ], [ -105.1932013, 39.7824933 ] ] ] ] } },
{ "type": "Feature", "properties": { "name": "", "landuse": "", "leisure": "", "natural": "wood", "boundary": "", "amenity": "", "type": "District System", "district_system_type": "Central Hot Water" }, "geometry": { "type": "Polygon", "coordinates": [ [ [ -105.1508251, 39.7106181 ], [ -105.1516029, 39.710613 ], [ -105.1515251, 39.7103654 ], [ -105.1518242, 39.7102333 ], [ -105.1512247, 39.7101312 ], [ -105.1509015, 39.7100198 ], [ -105.1524894, 39.7100053 ], [ -105.1519664, 39.7103385 ], [ -105.1517947, 39.7105418 ], [ -105.1523566, 39.7104902 ], [ -105.153231, 39.7105273 ], [ -105.1529628, 39.710907 ], [ -105.1522064, 39.7110659 ], [ -105.1514125, 39.7110906 ], [ -105.1509753, 39.7111216 ], [ -105.1508412, 39.7109607 ], [ -105.1509847, 39.7107615 ], [ -105.1508251, 39.7106181 ] ] ] } },
{ "type": "Feature", "properties": { "name": "", "landuse": "", "leisure": "", "natural": "wood", "boundary": "", "amenity": "", "type": "District System", "district_system_type": "Central Hot Water" }, "geometry": { "type": "Polygon", "coordinates": [ [ [ -105.1492976, 39.711787 ], [ -105.1499172, 39.7116777 ], [ -105.1503181, 39.7114404 ], [ -105.150699, 39.7114125 ], [ -105.1508586, 39.7112774 ], [ -105.1508988, 39.7111515 ], [ -105.1506494, 39.7110989 ], [ -105.150184, 39.7112578 ], [ -105.1499882, 39.7111164 ], [ -105.1491755, 39.7112805 ], [ -105.1488376, 39.7115817 ], [ -105.1492976, 39.711787 ] ] ] } },
{ "type": "Feature", "properties": { "name": "", "landuse": "", "leisure": "", "natural": "wood", "boundary": "", "amenity": "", "type": "District System", "district_system_type": "Central Hot Water" }, "geometry": { "type": "Polygon", "coordinates": [ [ [ -105.1425076, 39.7154298 ], [ -105.1431218, 39.7152296 ], [ -105.1441813, 39.7146086 ], [ -105.1455921, 39.7136946 ], [ -105.1453856, 39.7135563 ], [ -105.1454057, 39.7133551 ], [ -105.1452193, 39.7133778 ], [ -105.145108, 39.7136471 ], [ -105.1451482, 39.7138163 ], [ -105.1443972, 39.7141423 ], [ -105.143555, 39.7145756 ], [ -105.1434128, 39.7146591 ], [ -105.1429541, 39.7146571 ], [ -105.1427208, 39.7147169 ], [ -105.1425719, 39.7149892 ], [ -105.1423386, 39.7151853 ], [ -105.1422112, 39.7152698 ], [ -105.1422635, 39.7153947 ], [ -105.1425076, 39.7154298 ] ] ] } },
{ "type": "Feature", "properties": { "name": "", "landuse": "", "leisure": "", "natural": "wood", "boundary": "", "amenity": "", "type": "District System", "district_system_type": "Central Hot Water" }, "geometry": { "type": "Polygon", "coordinates": [ [ [ -105.142305, 39.7436716 ], [ -105.1422755, 39.7434283 ], [ -105.1416734, 39.7436314 ], [ -105.1416104, 39.7439356 ], [ -105.1414588, 39.7441058 ], [ -105.1412711, 39.7441707 ], [ -105.1409814, 39.7441914 ], [ -105.1407373, 39.7441377 ], [ -105.140622, 39.7440614 ], [ -105.1401284, 39.7440728 ], [ -105.139643, 39.7438655 ], [ -105.1396671, 39.7440078 ], [ -105.1398884, 39.7442316 ], [ -105.140052, 39.7443718 ], [ -105.1406072, 39.7444048 ], [ -105.1410565, 39.744476 ], [ -105.1414441, 39.7444667 ], [ -105.1419134, 39.7442934 ], [ -105.1419885, 39.7440625 ], [ -105.1421535, 39.7436036 ], [ -105.142305, 39.7436716 ] ] ] } },
{ "type": "Feature", "properties": { "name": "", "landuse": "", "leisure": "", "natural": "scrub", "boundary": "", "amenity": "", "type": "District System", "district_system_type": "Central Hot Water" }, "geometry": { "type": "Polygon", "coordinates": [ [ [ -105.198845, 39.7236929 ], [ -105.1987488, 39.7237133 ], [ -105.1987192, 39.7235848 ], [ -105.1987087, 39.7234534 ], [ -105.1987093, 39.7233146 ], [ -105.1987102, 39.7230992 ], [ -105.1987082, 39.722751 ], [ -105.1987077, 39.7224375 ], [ -105.1986971, 39.722174 ], [ -105.1987803, 39.7221721 ], [ -105.1987811, 39.7221926 ], [ -105.1988201, 39.7224348 ], [ -105.1988422, 39.7225866 ], [ -105.1988599, 39.7227676 ], [ -105.1988645, 39.7228728 ], [ -105.1988696, 39.7230242 ], [ -105.1988696, 39.7231229 ], [ -105.1988555, 39.7234053 ], [ -105.198845, 39.7236929 ] ] ] } },
{ "type": "Feature", "properties": { "name": "", "landuse": "", "leisure": "", "natural": "scrub", "boundary": "", "amenity": "", "type": "District System", "district_system_type": "Central Hot Water" }, "geometry": { "type": "Polygon", "coordinates": [ [ [ -105.1979272, 39.7166993 ], [ -105.197918, 39.7166997 ], [ -105.197883, 39.7166892 ], [ -105.1978682, 39.7166856 ], [ -105.1978439, 39.7166821 ], [ -105.1978195, 39.7166813 ], [ -105.1978001, 39.716686 ], [ -105.1977864, 39.7166962 ], [ -105.1977752, 39.7167091 ], [ -105.197762, 39.7167251 ], [ -105.1977534, 39.7167365 ], [ -105.1977473, 39.716738 ], [ -105.1977768, 39.716808 ], [ -105.1977958, 39.7168132 ], [ -105.1977993, 39.7168432 ], [ -105.1978073, 39.7168731 ], [ -105.197826, 39.7169231 ], [ -105.1978524, 39.7169915 ], [ -105.1979365, 39.7172393 ], [ -105.1979958, 39.7174611 ], [ -105.198048, 39.7177388 ], [ -105.1980648, 39.7177688 ], [ -105.1980736, 39.7177388 ], [ -105.198014, 39.7173367 ], [ -105.1979828, 39.7171105 ], [ -105.1979559, 39.7169065 ], [ -105.197946, 39.716842 ], [ -105.1979272, 39.7166993 ] ] ] } },
{ "type": "Feature", "properties": { "name": "", "landuse": "", "leisure": "", "natural": "scrub", "boundary": "", "amenity": "", "type": "District System", "district_system_type": "Central Hot Water" }, "geometry": { "type": "Polygon", "coordinates": [ [ [ -105.1979121, 39.7165796 ], [ -105.1979037, 39.7165794 ], [ -105.1978839, 39.7165934 ], [ -105.1978526, 39.7166059 ], [ -105.1978142, 39.7166175 ], [ -105.1977764, 39.7166185 ], [ -105.1977472, 39.7166165 ], [ -105.1977185, 39.7166097 ], [ -105.1977022, 39.7166048 ], [ -105.1976913, 39.7165991 ], [ -105.1976808, 39.7166013 ], [ -105.1976328, 39.7165016 ], [ -105.19751, 39.7162811 ], [ -105.1974229, 39.7161297 ], [ -105.1972912, 39.7159359 ], [ -105.1971178, 39.7157022 ], [ -105.1970147, 39.7155834 ], [ -105.1969143, 39.715464 ], [ -105.1967152, 39.715236 ], [ -105.1964038, 39.7148984 ], [ -105.1961508, 39.7146218 ], [ -105.1962047, 39.7144897 ], [ -105.1962351, 39.7143857 ], [ -105.1962545, 39.7142942 ], [ -105.1962677, 39.7141941 ], [ -105.1962684, 39.7140088 ], [ -105.1962472, 39.7138271 ], [ -105.1962091, 39.7136774 ], [ -105.1961482, 39.7135317 ], [ -105.1960702, 39.713386 ], [ -105.1959764, 39.7132513 ], [ -105.1960401, 39.7132138 ], [ -105.1961843, 39.7133391 ], [ -105.1963374, 39.7134793 ], [ -105.1965029, 39.7136406 ], [ -105.1966701, 39.7138121 ], [ -105.196824, 39.7139925 ], [ -105.1969691, 39.7141735 ], [ -105.1970532, 39.7142872 ], [ -105.1971859, 39.7144819 ], [ -105.1972682, 39.7146153 ], [ -105.1973434, 39.7147446 ], [ -105.1974213, 39.7148814 ], [ -105.1974912, 39.7150263 ], [ -105.1975531, 39.7151632 ], [ -105.1976381, 39.7153735 ], [ -105.1977124, 39.7155756 ], [ -105.1977655, 39.7157757 ], [ -105.1978115, 39.7159601 ], [ -105.1978495, 39.7161562 ], [ -105.1978867, 39.7163985 ], [ -105.1979121, 39.7165796 ] ] ] } },
{ "type": "Feature", "properties": { "name": "", "landuse": "", "leisure": "", "natural": "scrub", "boundary": "", "amenity": "", "type": "District System", "district_system_type": "Central Hot Water" }, "geometry": { "type": "Polygon", "coordinates": [ [ [ -105.1960502, 39.7145116 ], [ -105.1955804, 39.714008 ], [ -105.1951443, 39.7135288 ], [ -105.194821, 39.7131682 ], [ -105.1944961, 39.7128057 ], [ -105.1944497, 39.7127548 ], [ -105.1943048, 39.7125964 ], [ -105.1945722, 39.7122775 ], [ -105.1946801, 39.7123592 ], [ -105.194717, 39.7123871 ], [ -105.1949311, 39.7125491 ], [ -105.1950988, 39.7126899 ], [ -105.1951681, 39.7127325 ], [ -105.195476, 39.7129558 ], [ -105.1955804, 39.7130375 ], [ -105.1956671, 39.7131083 ], [ -105.1957379, 39.713179 ], [ -105.1957945, 39.7132498 ], [ -105.1958794, 39.7133465 ], [ -105.1959467, 39.7134363 ], [ -105.1959998, 39.7135262 ], [ -105.1960546, 39.7136637 ], [ -105.19609, 39.7137821 ], [ -105.196113, 39.7138815 ], [ -105.1961254, 39.7139781 ], [ -105.1961272, 39.7140353 ], [ -105.1961284, 39.7140589 ], [ -105.1961305, 39.7141418 ], [ -105.1961256, 39.7141885 ], [ -105.1961101, 39.7143177 ], [ -105.1960837, 39.7144138 ], [ -105.1960502, 39.7145116 ] ] ] } },
{ "type": "Feature", "properties": { "name": "", "landuse": "", "leisure": "", "natural": "scrub", "boundary": "", "amenity": "", "type": "District System", "district_system_type": "Central Hot Water" }, "geometry": { "type": "Polygon", "coordinates": [ [ [ -105.1978811, 39.7157305 ], [ -105.1979616, 39.7157238 ], [ -105.1979119, 39.7154726 ], [ -105.1978737, 39.715321 ], [ -105.1978335, 39.7151802 ], [ -105.1977926, 39.7150584 ], [ -105.1977202, 39.7148774 ], [ -105.1976538, 39.7147268 ], [ -105.1975579, 39.7145437 ], [ -105.1973956, 39.7142589 ], [ -105.1972555, 39.7140279 ], [ -105.1971254, 39.7138174 ], [ -105.1970849, 39.7137804 ], [ -105.1970495, 39.7136994 ], [ -105.1970297, 39.713668 ], [ -105.1968479, 39.7133696 ], [ -105.1966665, 39.7130706 ], [ -105.1964363, 39.7126941 ], [ -105.1963691, 39.7125567 ], [ -105.1963098, 39.7124171 ], [ -105.1961397, 39.7123203 ], [ -105.1960063, 39.7122572 ], [ -105.1957203, 39.7121198 ], [ -105.1949734, 39.7117743 ], [ -105.1948656, 39.711915 ], [ -105.1948227, 39.7119919 ], [ -105.1947717, 39.712093 ], [ -105.1947241, 39.7120747 ], [ -105.194691, 39.7121149 ], [ -105.1948561, 39.7122349 ], [ -105.1952683, 39.7125359 ], [ -105.1954957, 39.7127023 ], [ -105.1956101, 39.712786 ], [ -105.1957311, 39.7128745 ], [ -105.1957665, 39.7128943 ], [ -105.1957857, 39.7129176 ], [ -105.1959886, 39.7130712 ], [ -105.1961886, 39.7132318 ], [ -105.1963682, 39.713385 ], [ -105.1965558, 39.7135545 ], [ -105.1968345, 39.7138356 ], [ -105.1970088, 39.7140398 ], [ -105.1972017, 39.7142923 ], [ -105.1973061, 39.7144515 ], [ -105.1974335, 39.7146584 ], [ -105.1975529, 39.714883 ], [ -105.1976511, 39.7150784 ], [ -105.1977679, 39.7153533 ], [ -105.1978261, 39.7155466 ], [ -105.1978811, 39.7157305 ] ] ] } },
{ "type": "Feature", "properties": { "name": "", "landuse": "", "leisure": "", "natural": "scrub", "boundary": "", "amenity": "", "type": "District System", "district_system_type": "Central Hot Water" }, "geometry": { "type": "Polygon", "coordinates": [ [ [ -105.1941709, 39.7117358 ], [ -105.1943178, 39.7115438 ], [ -105.194245, 39.7114563 ], [ -105.1942554, 39.7114444 ], [ -105.1939644, 39.7113124 ], [ -105.1937438, 39.7112138 ], [ -105.1936479, 39.7111602 ], [ -105.193607, 39.7111349 ], [ -105.1935627, 39.7110988 ], [ -105.1935218, 39.7110606 ], [ -105.1934829, 39.7110199 ], [ -105.1934541, 39.7109781 ], [ -105.1934219, 39.7109177 ], [ -105.193381, 39.7108208 ], [ -105.1933682, 39.7107707 ], [ -105.1933602, 39.7107032 ], [ -105.1933622, 39.7106495 ], [ -105.1933716, 39.7105907 ], [ -105.193389, 39.7105365 ], [ -105.1934152, 39.7104736 ], [ -105.1934474, 39.7104082 ], [ -105.1934847, 39.7103507 ], [ -105.1935408, 39.710282 ], [ -105.193646, 39.7101849 ], [ -105.1937874, 39.7100566 ], [ -105.1938875, 39.7099744 ], [ -105.1938709, 39.7099625 ], [ -105.1937881, 39.709899 ], [ -105.1938068, 39.7098838 ], [ -105.1937761, 39.7098753 ], [ -105.1937224, 39.7098604 ], [ -105.1936321, 39.7098264 ], [ -105.1934852, 39.7097651 ], [ -105.1934483, 39.7097475 ], [ -105.1933711, 39.7097063 ], [ -105.193284, 39.7096562 ], [ -105.1932303, 39.7096211 ], [ -105.1931713, 39.7095721 ], [ -105.1930922, 39.7095046 ], [ -105.1930587, 39.7094741 ], [ -105.193003, 39.7094256 ], [ -105.1929534, 39.7093787 ], [ -105.1929152, 39.709339 ], [ -105.1928676, 39.7092693 ], [ -105.1928347, 39.7092095 ], [ -105.192777, 39.709112 ], [ -105.1927375, 39.7090413 ], [ -105.1927019, 39.7089351 ], [ -105.1926583, 39.7089407 ], [ -105.1926121, 39.7087586 ], [ -105.1925953, 39.7086972 ], [ -105.1925873, 39.708658 ], [ -105.1925759, 39.7086539 ], [ -105.1925571, 39.7086565 ], [ -105.1925477, 39.7086658 ], [ -105.1925383, 39.7086776 ], [ -105.1925148, 39.7088303 ], [ -105.1924914, 39.709014 ], [ -105.1924807, 39.7091713 ], [ -105.19248, 39.7092956 ], [ -105.192488, 39.7094169 ], [ -105.1924994, 39.7095345 ], [ -105.1925222, 39.7096629 ], [ -105.1925457, 39.7097666 ], [ -105.1925725, 39.7098682 ], [ -105.1926047, 39.7099714 ], [ -105.192651, 39.7100962 ], [ -105.1927039, 39.7102221 ], [ -105.1927482, 39.7103124 ], [ -105.1927938, 39.710398 ], [ -105.1928521, 39.7104991 ], [ -105.1929534, 39.7106575 ], [ -105.1930265, 39.7107596 ], [ -105.1930969, 39.7108442 ], [ -105.1931532, 39.7109102 ], [ -105.1931867, 39.7109505 ], [ -105.1932444, 39.7110072 ], [ -105.1933108, 39.7110743 ], [ -105.1933705, 39.7111279 ], [ -105.1934375, 39.7111909 ], [ -105.193524, 39.7112605 ], [ -105.1936608, 39.7113662 ], [ -105.1938446, 39.7114991 ], [ -105.1940432, 39.7116435 ], [ -105.1941709, 39.7117358 ] ] ] } },
{ "type": "Feature", "properties": { "name": "", "landuse": "", "leisure": "", "natural": "scrub", "boundary": "", "amenity": "", "type": "District System", "district_system_type": "Central Hot Water" }, "geometry": { "type": "Polygon", "coordinates": [ [ [ -105.193866, 39.7117485 ], [ -105.1936681, 39.7118742 ], [ -105.1937536, 39.7119892 ], [ -105.1937585, 39.7119958 ], [ -105.1938731, 39.7121239 ], [ -105.1940527, 39.7118902 ], [ -105.19393, 39.7117962 ], [ -105.193866, 39.7117485 ] ] ] } },
{ "type": "Feature", "properties": { "name": "", "landuse": "", "leisure": "", "natural": "scrub", "boundary": "", "amenity": "", "type": "District System", "district_system_type": "Central Hot Water" }, "geometry": { "type": "Polygon", "coordinates": [ [ [ -105.1941538, 39.7124311 ], [ -105.1940625, 39.7123307 ], [ -105.1942709, 39.7120504 ], [ -105.194361, 39.7121176 ], [ -105.1943812, 39.7121329 ], [ -105.1941538, 39.7124311 ] ] ] } },
{ "type": "Feature", "properties": { "name": "", "landuse": "", "leisure": "", "natural": "scrub", "boundary": "", "amenity": "", "type": "District System", "district_system_type": "Central Hot Water" }, "geometry": { "type": "Polygon", "coordinates": [ [ [ -105.1945025, 39.7119777 ], [ -105.1943932, 39.7118983 ], [ -105.1946137, 39.7116092 ], [ -105.1947316, 39.7116634 ], [ -105.1945025, 39.7119777 ] ] ] } },
{ "type": "Feature", "properties": { "name": "", "landuse": "", "leisure": "", "natural": "scrub", "boundary": "", "amenity": "", "type": "District System", "district_system_type": "Central Hot Water" }, "geometry": { "type": "Polygon", "coordinates": [ [ [ -105.1930646, 39.7115547 ], [ -105.1929739, 39.7114482 ], [ -105.1928531, 39.7113076 ], [ -105.1926797, 39.7110966 ], [ -105.1925018, 39.710857 ], [ -105.1923771, 39.7106613 ], [ -105.1922837, 39.7104871 ], [ -105.192247, 39.7104054 ], [ -105.1921771, 39.7102329 ], [ -105.1920895, 39.7099562 ], [ -105.1920258, 39.7096659 ], [ -105.1920099, 39.7094722 ], [ -105.1920015, 39.7092959 ], [ -105.1920033, 39.7091908 ], [ -105.1920028, 39.7090805 ], [ -105.1920254, 39.7089726 ], [ -105.1920422, 39.7088436 ], [ -105.1919727, 39.7088338 ], [ -105.1919152, 39.7090451 ], [ -105.1918772, 39.7091826 ], [ -105.1918511, 39.7092755 ], [ -105.1918236, 39.7093861 ], [ -105.1917958, 39.709463 ], [ -105.1917533, 39.7096152 ], [ -105.1916799, 39.7098667 ], [ -105.1916082, 39.71011 ], [ -105.191548, 39.7103197 ], [ -105.1914949, 39.7105079 ], [ -105.1914334, 39.7107386 ], [ -105.1913786, 39.7109673 ], [ -105.1913507, 39.7111065 ], [ -105.1913317, 39.7112447 ], [ -105.1913237, 39.7113934 ], [ -105.1913202, 39.7115074 ], [ -105.1913282, 39.7116051 ], [ -105.1913711, 39.7118365 ], [ -105.1913671, 39.7118399 ], [ -105.1913684, 39.7119427 ], [ -105.1913795, 39.7119964 ], [ -105.1914175, 39.7121445 ], [ -105.1914792, 39.7121332 ], [ -105.1914808, 39.7121002 ], [ -105.1914879, 39.7120587 ], [ -105.1915029, 39.7120094 ], [ -105.1915438, 39.7119123 ], [ -105.1915599, 39.7118798 ], [ -105.191588, 39.7118369 ], [ -105.1916095, 39.7118086 ], [ -105.1916571, 39.7117516 ], [ -105.191692, 39.7117121 ], [ -105.1917684, 39.711642 ], [ -105.191813, 39.7116113 ], [ -105.1918546, 39.7115839 ], [ -105.1919186, 39.7115486 ], [ -105.191989, 39.7115148 ], [ -105.1920547, 39.7114875 ], [ -105.1921097, 39.7114668 ], [ -105.1921922, 39.7114472 ], [ -105.1922552, 39.7114323 ], [ -105.1923059, 39.7114238 ], [ -105.1923438, 39.7114168 ], [ -105.1923984, 39.7114137 ], [ -105.1924551, 39.7114114 ], [ -105.1925033, 39.7114103 ], [ -105.192567, 39.7114122 ], [ -105.1926133, 39.7114145 ], [ -105.192667, 39.7114201 ], [ -105.1927897, 39.7114436 ], [ -105.1928343, 39.711457 ], [ -105.1928748, 39.7114694 ], [ -105.1929245, 39.7114898 ], [ -105.192968, 39.7115037 ], [ -105.1930049, 39.7115194 ], [ -105.1930327, 39.7115349 ], [ -105.1930646, 39.7115547 ] ] ] } },
{ "type": "Feature", "properties": { "name": "", "landuse": "", "leisure": "", "natural": "scrub", "boundary": "", "amenity": "", "type": "District System", "district_system_type": "Central Hot Water" }, "geometry": { "type": "Polygon", "coordinates": [ [ [ -105.1937105, 39.712335 ], [ -105.1935893, 39.7121962 ], [ -105.1936001, 39.7121892 ], [ -105.1935801, 39.7121661 ], [ -105.1934125, 39.7119773 ], [ -105.1933253, 39.711902 ], [ -105.1932788, 39.71188 ], [ -105.1932737, 39.7118725 ], [ -105.1932605, 39.7118111 ], [ -105.1932153, 39.7117599 ], [ -105.1931701, 39.7117177 ], [ -105.1931289, 39.7116829 ], [ -105.1930832, 39.7116548 ], [ -105.1930328, 39.7116243 ], [ -105.1929769, 39.7115969 ], [ -105.1928961, 39.7115617 ], [ -105.1928098, 39.7115297 ], [ -105.192732, 39.7115082 ], [ -105.1926604, 39.7114941 ], [ -105.1925765, 39.7114847 ], [ -105.1925125, 39.7114828 ], [ -105.1924362, 39.7114847 ], [ -105.1923661, 39.7114898 ], [ -105.192296, 39.7115 ], [ -105.192232, 39.7115121 ], [ -105.1921583, 39.7115324 ], [ -105.1920754, 39.7115625 ], [ -105.1919819, 39.7116043 ], [ -105.1919067, 39.7116442 ], [ -105.1918554, 39.7116778 ], [ -105.1917985, 39.7117263 ], [ -105.1917512, 39.7117658 ], [ -105.1917161, 39.7118092 ], [ -105.1916735, 39.7118706 ], [ -105.1916389, 39.7119241 ], [ -105.1916033, 39.7120086 ], [ -105.1915861, 39.7120707 ], [ -105.1915769, 39.7121122 ], [ -105.1915728, 39.7121642 ], [ -105.1915728, 39.7122154 ], [ -105.1915779, 39.7122564 ], [ -105.1915881, 39.7123205 ], [ -105.1916018, 39.7123737 ], [ -105.191615, 39.7124163 ], [ -105.1916384, 39.712464 ], [ -105.1916785, 39.7125371 ], [ -105.191706, 39.7125797 ], [ -105.1917421, 39.7126266 ], [ -105.1917685, 39.7126571 ], [ -105.1917969, 39.7126857 ], [ -105.1918239, 39.7127103 ], [ -105.1918473, 39.7127302 ], [ -105.1918752, 39.7127525 ], [ -105.1919209, 39.7127861 ], [ -105.1919687, 39.7128154 ], [ -105.1920221, 39.7128467 ], [ -105.1920795, 39.7128756 ], [ -105.192112, 39.7128925 ], [ -105.1921415, 39.7129038 ], [ -105.1921781, 39.7129183 ], [ -105.1922279, 39.7129335 ], [ -105.1922782, 39.7129491 ], [ -105.1923229, 39.7129601 ], [ -105.1923803, 39.7129714 ], [ -105.1924383, 39.7129796 ], [ -105.1924794, 39.7129839 ], [ -105.1925196, 39.7129871 ], [ -105.1925674, 39.712991 ], [ -105.1926156, 39.7129914 ], [ -105.1926563, 39.7129921 ], [ -105.1926959, 39.7129898 ], [ -105.1927447, 39.7129851 ], [ -105.1927971, 39.7129785 ], [ -105.1928616, 39.7129687 ], [ -105.1929144, 39.7129577 ], [ -105.1929637, 39.7129468 ], [ -105.1930054, 39.7129343 ], [ -105.1930552, 39.7129175 ], [ -105.1930964, 39.7129022 ], [ -105.1931462, 39.7128831 ], [ -105.1931802, 39.7128627 ], [ -105.1932122, 39.7128459 ], [ -105.1932524, 39.7128248 ], [ -105.1932839, 39.7128049 ], [ -105.1933347, 39.712765 ], [ -105.1933622, 39.7127462 ], [ -105.1933937, 39.712715 ], [ -105.1934257, 39.7126876 ], [ -105.1934867, 39.7126161 ], [ -105.1934928, 39.7126055 ], [ -105.1935194, 39.712584 ], [ -105.1937105, 39.712335 ] ] ] } },
{ "type": "Feature", "properties": { "name": "", "landuse": "", "leisure": "", "natural": "scrub", "boundary": "", "amenity": "", "type": "District System", "district_system_type": "Central Hot Water" }, "geometry": { "type": "Polygon", "coordinates": [ [ [ -105.1941341, 39.7127895 ], [ -105.194105, 39.712824 ], [ -105.1941044, 39.7128314 ], [ -105.1939333, 39.7130532 ], [ -105.1938586, 39.7131619 ], [ -105.1938481, 39.7131911 ], [ -105.1938135, 39.7132067 ], [ -105.1937078, 39.7133459 ], [ -105.1936285, 39.7134483 ], [ -105.1935371, 39.713566 ], [ -105.1934471, 39.7136844 ], [ -105.1933917, 39.7137552 ], [ -105.1932726, 39.7139096 ], [ -105.1931781, 39.7140596 ], [ -105.1931092, 39.7141683 ], [ -105.1930567, 39.7142895 ], [ -105.1930146, 39.7144305 ], [ -105.1929901, 39.7145473 ], [ -105.1929878, 39.7146218 ], [ -105.1929983, 39.7146999 ], [ -105.1930111, 39.7147583 ], [ -105.1930391, 39.71484 ], [ -105.1930753, 39.7149119 ], [ -105.1931069, 39.7149649 ], [ -105.1931454, 39.7150134 ], [ -105.1932108, 39.7150861 ], [ -105.1932621, 39.715131 ], [ -105.1933299, 39.7151768 ], [ -105.1933882, 39.7152127 ], [ -105.1934454, 39.7152442 ], [ -105.1935178, 39.7152792 ], [ -105.1935739, 39.7153017 ], [ -105.1936579, 39.7153286 ], [ -105.1937268, 39.7153475 ], [ -105.1937852, 39.7153618 ], [ -105.1938646, 39.7153717 ], [ -105.1939393, 39.7153762 ], [ -105.194035, 39.7153762 ], [ -105.1941016, 39.7153717 ], [ -105.194174, 39.7153645 ], [ -105.1942218, 39.7153573 ], [ -105.1942919, 39.715343 ], [ -105.1943526, 39.7153259 ], [ -105.1944075, 39.715307 ], [ -105.1944717, 39.7152828 ], [ -105.1945114, 39.7152657 ], [ -105.1945651, 39.7152397 ], [ -105.1946141, 39.7152083 ], [ -105.1946375, 39.715193 ], [ -105.194718, 39.7151454 ], [ -105.1947997, 39.7150771 ], [ -105.1948674, 39.7150116 ], [ -105.1949212, 39.7149514 ], [ -105.1949644, 39.7149002 ], [ -105.1950017, 39.7148517 ], [ -105.1950706, 39.7147134 ], [ -105.1951196, 39.7146065 ], [ -105.1951465, 39.7145446 ], [ -105.195164, 39.7144853 ], [ -105.1951733, 39.7144153 ], [ -105.1951792, 39.7143461 ], [ -105.195178, 39.7142904 ], [ -105.1951745, 39.7142177 ], [ -105.1951628, 39.7141476 ], [ -105.195143, 39.7140785 ], [ -105.1951138, 39.7139932 ], [ -105.1950858, 39.7139285 ], [ -105.1950613, 39.7138701 ], [ -105.1949772, 39.7137462 ], [ -105.1949032, 39.7136562 ], [ -105.1943124, 39.7129893 ], [ -105.1942874, 39.7129617 ], [ -105.194274, 39.7129682 ], [ -105.1941596, 39.7128384 ], [ -105.194169, 39.7128286 ], [ -105.1941341, 39.7127895 ] ] ] } },
{ "type": "Feature", "properties": { "name": "", "landuse": "", "leisure": "", "natural": "scrub", "boundary": "", "amenity": "", "type": "District System", "district_system_type": "Central Hot Water" }, "geometry": { "type": "Polygon", "coordinates": [ [ [ -105.1935717, 39.7126587 ], [ -105.1934765, 39.7127548 ], [ -105.1934206, 39.7128111 ], [ -105.1933423, 39.7128651 ], [ -105.1932478, 39.7129229 ], [ -105.1931421, 39.7129683 ], [ -105.1930466, 39.7130035 ], [ -105.1929388, 39.713034 ], [ -105.1928514, 39.7130496 ], [ -105.1927284, 39.713066 ], [ -105.1926055, 39.7130699 ], [ -105.1924754, 39.7130629 ], [ -105.1923432, 39.7130433 ], [ -105.1922284, 39.7130183 ], [ -105.1921064, 39.7129792 ], [ -105.1920109, 39.7129362 ], [ -105.1919113, 39.7128823 ], [ -105.1918158, 39.7128182 ], [ -105.1917416, 39.7127595 ], [ -105.1916806, 39.7126993 ], [ -105.1916292, 39.7126287 ], [ -105.1915695, 39.712629 ], [ -105.1916691, 39.7129308 ], [ -105.191746, 39.7131837 ], [ -105.1917798, 39.7133229 ], [ -105.1918125, 39.7134586 ], [ -105.1918359, 39.7135735 ], [ -105.1918534, 39.7137226 ], [ -105.1918639, 39.7139283 ], [ -105.1918756, 39.7140675 ], [ -105.1918691, 39.7141711 ], [ -105.191839, 39.7142739 ], [ -105.1918302, 39.7143229 ], [ -105.1918081, 39.7144549 ], [ -105.1917851, 39.7145706 ], [ -105.1917576, 39.7146673 ], [ -105.1917222, 39.7147898 ], [ -105.1917133, 39.7148123 ], [ -105.1917495, 39.7148187 ], [ -105.191694, 39.7149319 ], [ -105.1916234, 39.715076 ], [ -105.1915335, 39.7152422 ], [ -105.1915528, 39.715248 ], [ -105.1918931, 39.7148255 ], [ -105.1921254, 39.7145354 ], [ -105.1923566, 39.7142417 ], [ -105.1928177, 39.7136364 ], [ -105.1931236, 39.7132457 ], [ -105.1935717, 39.7126587 ] ] ] } },
{ "type": "Feature", "properties": { "name": "", "landuse": "", "leisure": "", "natural": "scrub", "boundary": "", "amenity": "", "type": "District System", "district_system_type": "Central Hot Water" }, "geometry": { "type": "Polygon", "coordinates": [ [ [ -105.1951292, 39.7138274 ], [ -105.1951406, 39.7138222 ], [ -105.1952405, 39.7139235 ], [ -105.1954183, 39.714103 ], [ -105.1954058, 39.7141183 ], [ -105.1954627, 39.7141566 ], [ -105.1955105, 39.7141957 ], [ -105.1957727, 39.7144639 ], [ -105.1959734, 39.714671 ], [ -105.1959343, 39.7147383 ], [ -105.1958662, 39.7148376 ], [ -105.1957879, 39.7149275 ], [ -105.1957036, 39.7150237 ], [ -105.1956294, 39.7150878 ], [ -105.1955532, 39.7151394 ], [ -105.1955479, 39.715153 ], [ -105.1954758, 39.7152046 ], [ -105.1954046, 39.7152456 ], [ -105.1953228, 39.7152956 ], [ -105.1952679, 39.7153236 ], [ -105.1951593, 39.7153793 ], [ -105.1950667, 39.7154175 ], [ -105.1949299, 39.7154649 ], [ -105.1948052, 39.7155031 ], [ -105.1946765, 39.7155299 ], [ -105.1945491, 39.7155516 ], [ -105.1941682, 39.7155887 ], [ -105.1936143, 39.7156362 ], [ -105.1928941, 39.7156939 ], [ -105.1926809, 39.7157084 ], [ -105.1925361, 39.7157249 ], [ -105.1924341, 39.7157362 ], [ -105.1923255, 39.7157548 ], [ -105.1922383, 39.7157754 ], [ -105.1921149, 39.7158115 ], [ -105.1919709, 39.7158671 ], [ -105.1918951, 39.7158994 ], [ -105.1918332, 39.7159273 ], [ -105.1917386, 39.7159771 ], [ -105.1916872, 39.7160054 ], [ -105.191661, 39.716022 ], [ -105.191651, 39.7160274 ], [ -105.1916417, 39.7160279 ], [ -105.1916359, 39.7160211 ], [ -105.191644, 39.7160095 ], [ -105.1916604, 39.7159848 ], [ -105.1917229, 39.715903 ], [ -105.1917888, 39.7158155 ], [ -105.1918711, 39.7157055 ], [ -105.1919312, 39.7156237 ], [ -105.1920373, 39.7154747 ], [ -105.1921494, 39.7153292 ], [ -105.1923549, 39.7150633 ], [ -105.1924273, 39.7149619 ], [ -105.1925347, 39.7148352 ], [ -105.1926164, 39.7147203 ], [ -105.1927063, 39.7146053 ], [ -105.1927764, 39.7145074 ], [ -105.1928313, 39.714439 ], [ -105.1929069, 39.7143456 ], [ -105.1929081, 39.7143429 ], [ -105.1929122, 39.7143413 ], [ -105.1929341, 39.7143439 ], [ -105.1929366, 39.7143458 ], [ -105.1929376, 39.7143505 ], [ -105.1929229, 39.7144338 ], [ -105.1929119, 39.7145537 ], [ -105.1929193, 39.7146729 ], [ -105.1929207, 39.7147534 ], [ -105.1929475, 39.7148395 ], [ -105.1929938, 39.7149478 ], [ -105.1931161, 39.7150998 ], [ -105.1932132, 39.7151922 ], [ -105.1933302, 39.7152681 ], [ -105.1934304, 39.7153178 ], [ -105.1935151, 39.7153558 ], [ -105.1936245, 39.7153913 ], [ -105.1937231, 39.7154174 ], [ -105.1938155, 39.7154304 ], [ -105.1939156, 39.7154446 ], [ -105.1940373, 39.7154435 ], [ -105.1941298, 39.7154399 ], [ -105.1942407, 39.7154257 ], [ -105.1943316, 39.7154067 ], [ -105.1944687, 39.7153652 ], [ -105.1945704, 39.7153214 ], [ -105.194672, 39.7152716 ], [ -105.1947491, 39.7152195 ], [ -105.1948446, 39.7151448 ], [ -105.1949231, 39.7150702 ], [ -105.1950063, 39.7149837 ], [ -105.1950484, 39.7149355 ], [ -105.1950732, 39.7149004 ], [ -105.1950933, 39.714871 ], [ -105.1951081, 39.7148652 ], [ -105.1951463, 39.7147946 ], [ -105.1951671, 39.7147445 ], [ -105.1951832, 39.7147059 ], [ -105.1952093, 39.7146363 ], [ -105.1952261, 39.7145961 ], [ -105.1952415, 39.7145372 ], [ -105.1952536, 39.7144877 ], [ -105.1952603, 39.7144449 ], [ -105.1952704, 39.714366 ], [ -105.1952677, 39.7142866 ], [ -105.195269, 39.714219 ], [ -105.1952536, 39.7141442 ], [ -105.1952301, 39.7140699 ], [ -105.1951463, 39.7138584 ], [ -105.1951292, 39.7138274 ] ] ] } },
{ "type": "Feature", "properties": { "name": "", "landuse": "", "leisure": "", "natural": "scrub; wood", "boundary": "", "amenity": "", "type": "District System", "district_system_type": "Central Hot Water" }, "geometry": { "type": "Polygon", "coordinates": [ [ [ -105.1827415, 39.7256888 ], [ -105.1827758, 39.7256814 ], [ -105.1828008, 39.725666 ], [ -105.182812, 39.7256458 ], [ -105.1828174, 39.725626 ], [ -105.1828178, 39.7256091 ], [ -105.1828109, 39.725592 ], [ -105.1829507, 39.7255388 ], [ -105.1831052, 39.7254668 ], [ -105.1831249, 39.7254563 ], [ -105.1836457, 39.7254554 ], [ -105.1841641, 39.7254536 ], [ -105.1844805, 39.7254518 ], [ -105.184742, 39.72545 ], [ -105.1850339, 39.725467 ], [ -105.1852405, 39.7254661 ], [ -105.1852843, 39.7255534 ], [ -105.1851971, 39.7255672 ], [ -105.1850913, 39.7255629 ], [ -105.1850828, 39.7256192 ], [ -105.1850747, 39.725619 ], [ -105.1849138, 39.7256196 ], [ -105.1847304, 39.7256243 ], [ -105.1845405, 39.7256341 ], [ -105.1844131, 39.7256435 ], [ -105.184268, 39.7256575 ], [ -105.1839378, 39.7256924 ], [ -105.1832716, 39.7257695 ], [ -105.1828975, 39.7257891 ], [ -105.1827947, 39.7257988 ], [ -105.1824422, 39.7258322 ], [ -105.1823844, 39.7258201 ], [ -105.1823103, 39.7258161 ], [ -105.1818981, 39.7258614 ], [ -105.1814597, 39.7258578 ], [ -105.1812192, 39.7258488 ], [ -105.181233, 39.7257225 ], [ -105.1814737, 39.7257483 ], [ -105.1817214, 39.725762 ], [ -105.1818842, 39.725766 ], [ -105.1820205, 39.725762 ], [ -105.182132, 39.7257551 ], [ -105.1822541, 39.7257429 ], [ -105.1823833, 39.7257198 ], [ -105.1825461, 39.7256816 ], [ -105.1827071, 39.7256299 ], [ -105.1827135, 39.7256275 ], [ -105.1827442, 39.7256953 ], [ -105.1827415, 39.7256888 ] ] ] } },
{ "type": "Feature", "properties": { "name": "", "landuse": "", "leisure": "", "natural": "scrub", "boundary": "", "amenity": "", "type": "District System", "district_system_type": "Central Hot Water" }, "geometry": { "type": "Polygon", "coordinates": [ [ [ -105.1940685, 39.725381 ], [ -105.1940684, 39.7253661 ], [ -105.1940439, 39.7253643 ], [ -105.1940129, 39.7253581 ], [ -105.1939796, 39.7253518 ], [ -105.1939405, 39.7253477 ], [ -105.1938927, 39.7253468 ], [ -105.193543, 39.7253549 ], [ -105.1931087, 39.7253634 ], [ -105.1927584, 39.7253688 ], [ -105.192616, 39.7253769 ], [ -105.1924747, 39.7253886 ], [ -105.1923895, 39.7253886 ], [ -105.1921723, 39.7253742 ], [ -105.1919961, 39.7253654 ], [ -105.1910011, 39.7253739 ], [ -105.1902927, 39.7253895 ], [ -105.1902261, 39.7253904 ], [ -105.1899775, 39.7254245 ], [ -105.1897451, 39.7254658 ], [ -105.189626, 39.7254954 ], [ -105.1895955, 39.7255037 ], [ -105.1895703, 39.7255171 ], [ -105.1895426, 39.7255331 ], [ -105.1895233, 39.7255502 ], [ -105.1894894, 39.725587 ], [ -105.1894719, 39.7256274 ], [ -105.1894585, 39.7256741 ], [ -105.1894575, 39.725686 ], [ -105.1895021, 39.7256968 ], [ -105.18966, 39.7257409 ], [ -105.1897235, 39.7257419 ], [ -105.1900117, 39.7257419 ], [ -105.1902297, 39.7257403 ], [ -105.1904452, 39.725732 ], [ -105.1906098, 39.7257195 ], [ -105.1908161, 39.7257023 ], [ -105.1910215, 39.725678 ], [ -105.1913629, 39.7256272 ], [ -105.1916582, 39.7255833 ], [ -105.1920876, 39.7255193 ], [ -105.1923509, 39.7254834 ], [ -105.1925551, 39.7254537 ], [ -105.1928164, 39.7254232 ], [ -105.1931507, 39.7253974 ], [ -105.193478, 39.7253904 ], [ -105.1936671, 39.7253874 ], [ -105.1940685, 39.725381 ] ] ] } },
{ "type": "Feature", "properties": { "name": "", "landuse": "", "leisure": "", "natural": "scrub; wood", "boundary": "", "amenity": "", "type": "District System", "district_system_type": "Central Hot Water" }, "geometry": { "type": "Polygon", "coordinates": [ [ [ -105.1896418, 39.7258012 ], [ -105.1897183, 39.7258019 ], [ -105.1897183, 39.7257971 ], [ -105.1897334, 39.7257972 ], [ -105.1897333, 39.725813 ], [ -105.1902547, 39.7258053 ], [ -105.1904793, 39.7257899 ], [ -105.1906139, 39.7257799 ], [ -105.1907748, 39.7257676 ], [ -105.1909689, 39.7257394 ], [ -105.1912647, 39.7257004 ], [ -105.1915106, 39.7256636 ], [ -105.1920757, 39.72558 ], [ -105.1924955, 39.7255159 ], [ -105.1926609, 39.7254982 ], [ -105.192607, 39.7255217 ], [ -105.1896975, 39.7259823 ], [ -105.1894756, 39.7260173 ], [ -105.1894364, 39.7260667 ], [ -105.1889466, 39.7261512 ], [ -105.1889016, 39.7261023 ], [ -105.1888245, 39.7260978 ], [ -105.1887241, 39.7261175 ], [ -105.1886342, 39.7261292 ], [ -105.188577, 39.7261077 ], [ -105.1885802, 39.726075 ], [ -105.1887044, 39.7260505 ], [ -105.1888253, 39.7260276 ], [ -105.1889494, 39.7260035 ], [ -105.1890529, 39.7259811 ], [ -105.1891489, 39.725958 ], [ -105.1892489, 39.7259321 ], [ -105.1893374, 39.7259103 ], [ -105.1893701, 39.7259008 ], [ -105.1893909, 39.7258889 ], [ -105.1894108, 39.7258729 ], [ -105.1894263, 39.7258579 ], [ -105.1894387, 39.7258437 ], [ -105.1894438, 39.7258329 ], [ -105.1896442, 39.7258089 ], [ -105.1896418, 39.7258012 ] ] ] } },
{ "type": "Feature", "properties": { "name": "", "landuse": "", "leisure": "", "natural": "scrub", "boundary": "", "amenity": "", "type": "District System", "district_system_type": "Central Hot Water" }, "geometry": { "type": "Polygon", "coordinates": [ [ [ -105.1983441, 39.7253255 ], [ -105.198374, 39.7253262 ], [ -105.1984034, 39.7253269 ], [ -105.1983953, 39.7253106 ], [ -105.1983849, 39.7252978 ], [ -105.1983692, 39.725281 ], [ -105.1983652, 39.7252756 ], [ -105.1983293, 39.7252769 ], [ -105.1983112, 39.7252748 ], [ -105.1983045, 39.7252694 ], [ -105.1982998, 39.7252647 ], [ -105.1982904, 39.7252617 ], [ -105.198275, 39.7252601 ], [ -105.1982502, 39.7252573 ], [ -105.1981452, 39.7252578 ], [ -105.1979018, 39.7252596 ], [ -105.197468, 39.7252622 ], [ -105.1970626, 39.7252704 ], [ -105.1967123, 39.7252776 ], [ -105.196387, 39.7252843 ], [ -105.1961684, 39.7252882 ], [ -105.195856, 39.7252967 ], [ -105.1955579, 39.7253019 ], [ -105.1954291, 39.7253045 ], [ -105.1953943, 39.7253063 ], [ -105.195342, 39.7253096 ], [ -105.1952793, 39.7253125 ], [ -105.1951918, 39.7253135 ], [ -105.195004, 39.7253186 ], [ -105.1947737, 39.725323 ], [ -105.194689, 39.7253252 ], [ -105.1946882, 39.7253351 ], [ -105.194605, 39.7253437 ], [ -105.1945799, 39.7253475 ], [ -105.1945387, 39.7253496 ], [ -105.1945122, 39.7253558 ], [ -105.1944783, 39.725363 ], [ -105.1946611, 39.725358 ], [ -105.1947678, 39.7253696 ], [ -105.1950632, 39.7253625 ], [ -105.19525, 39.7253601 ], [ -105.1953493, 39.7253468 ], [ -105.19558, 39.7253447 ], [ -105.1961312, 39.7253367 ], [ -105.1965425, 39.7253299 ], [ -105.1970505, 39.7253219 ], [ -105.1975404, 39.7253159 ], [ -105.1975792, 39.7253154 ], [ -105.198029, 39.7253094 ], [ -105.1983441, 39.725308 ], [ -105.1983441, 39.7253255 ] ] ] } },
{ "type": "Feature", "properties": { "name": "", "landuse": "", "leisure": "", "natural": "scrub", "boundary": "", "amenity": "", "type": "District System", "district_system_type": "Central Hot Water" }, "geometry": { "type": "Polygon", "coordinates": [ [ [ -105.2024015, 39.7269083 ], [ -105.2024674, 39.7268714 ], [ -105.2024412, 39.7268431 ], [ -105.2023964, 39.7267986 ], [ -105.2023527, 39.7267556 ], [ -105.2023101, 39.7267161 ], [ -105.2022618, 39.7266731 ], [ -105.2022155, 39.7266344 ], [ -105.2021662, 39.7265934 ], [ -105.2021129, 39.7265523 ], [ -105.2020595, 39.7265121 ], [ -105.2020138, 39.7264789 ], [ -105.2019808, 39.7264578 ], [ -105.2019137, 39.726412 ], [ -105.201869, 39.7263858 ], [ -105.2018156, 39.7263565 ], [ -105.2017267, 39.72631 ], [ -105.2016652, 39.7262772 ], [ -105.2015661, 39.7262299 ], [ -105.2014909, 39.726201 ], [ -105.2013948, 39.7261689 ], [ -105.2012388, 39.7261212 ], [ -105.2010802, 39.7260712 ], [ -105.2008643, 39.7260009 ], [ -105.2006834, 39.725943 ], [ -105.200539, 39.7258942 ], [ -105.2005369, 39.7259013 ], [ -105.2001848, 39.7257843 ], [ -105.1999583, 39.7257013 ], [ -105.1997788, 39.7256203 ], [ -105.199671, 39.7255626 ], [ -105.1995955, 39.7255216 ], [ -105.1995274, 39.7254775 ], [ -105.1994044, 39.7253977 ], [ -105.199254, 39.7252821 ], [ -105.1992087, 39.7252455 ], [ -105.1990562, 39.7252384 ], [ -105.1989251, 39.7252345 ], [ -105.1989312, 39.7252693 ], [ -105.1988982, 39.7252708 ], [ -105.1988748, 39.7252736 ], [ -105.1988545, 39.7252802 ], [ -105.1988311, 39.7252927 ], [ -105.1988062, 39.725315 ], [ -105.198795, 39.7253353 ], [ -105.1987879, 39.7253584 ], [ -105.1987909, 39.7253734 ], [ -105.1989199, 39.7253847 ], [ -105.1990112, 39.7253806 ], [ -105.1990474, 39.7253888 ], [ -105.1991232, 39.7254128 ], [ -105.1992261, 39.725449 ], [ -105.1992811, 39.7254688 ], [ -105.1994629, 39.7255384 ], [ -105.199536, 39.725574 ], [ -105.1995957, 39.725602 ], [ -105.1996046, 39.7255987 ], [ -105.1996432, 39.725598 ], [ -105.1996742, 39.7255988 ], [ -105.1997077, 39.7256066 ], [ -105.1999166, 39.7257035 ], [ -105.2001396, 39.7258016 ], [ -105.2002636, 39.725852 ], [ -105.2003409, 39.7258786 ], [ -105.2005985, 39.7259607 ], [ -105.2008465, 39.7260412 ], [ -105.2011489, 39.7261377 ], [ -105.2013674, 39.7262077 ], [ -105.201433, 39.7262343 ], [ -105.201499, 39.726262 ], [ -105.2015854, 39.7263011 ], [ -105.2016688, 39.7263433 ], [ -105.2017394, 39.7263871 ], [ -105.201841, 39.7264539 ], [ -105.2019905, 39.7265559 ], [ -105.2021373, 39.7266548 ], [ -105.2022207, 39.7267166 ], [ -105.2023167, 39.7268041 ], [ -105.2023624, 39.7268577 ], [ -105.2024015, 39.7269083 ] ] ] } },
{ "type": "Feature", "properties": { "name": "", "landuse": "", "leisure": "", "natural": "scrub", "boundary": "", "amenity": "", "type": "District System", "district_system_type": "Central Hot Water" }, "geometry": { "type": "Polygon", "coordinates": [ [ [ -105.2023635, 39.7269294 ], [ -105.2023659, 39.7269124 ], [ -105.2023085, 39.7268437 ], [ -105.2022504, 39.7267829 ], [ -105.2021687, 39.7267133 ], [ -105.2020755, 39.726649 ], [ -105.2019931, 39.7265937 ], [ -105.2019053, 39.7265329 ], [ -105.2018121, 39.7264701 ], [ -105.2017247, 39.7264127 ], [ -105.2016854, 39.7263878 ], [ -105.2016453, 39.7263659 ], [ -105.2016053, 39.726344 ], [ -105.2015698, 39.7263253 ], [ -105.201529, 39.726306 ], [ -105.2014512, 39.7262708 ], [ -105.2013965, 39.7262495 ], [ -105.2013522, 39.726232 ], [ -105.2012925, 39.7262124 ], [ -105.2011851, 39.726176 ], [ -105.201023, 39.7261251 ], [ -105.2008701, 39.7260771 ], [ -105.2007422, 39.7260356 ], [ -105.2005412, 39.7259716 ], [ -105.2004198, 39.7259334 ], [ -105.2002361, 39.72587 ], [ -105.2001537, 39.7258377 ], [ -105.2000605, 39.725798 ], [ -105.1999473, 39.7257465 ], [ -105.1998267, 39.7256896 ], [ -105.1997501, 39.7256535 ], [ -105.1997158, 39.725639 ], [ -105.1997072, 39.7256518 ], [ -105.199732, 39.7256554 ], [ -105.1997644, 39.7256688 ], [ -105.1997783, 39.7256745 ], [ -105.2001759, 39.7258638 ], [ -105.2005134, 39.7259684 ], [ -105.2005501, 39.7259932 ], [ -105.20076, 39.7260644 ], [ -105.2008835, 39.7261527 ], [ -105.201175, 39.7262944 ], [ -105.2013562, 39.7263825 ], [ -105.2017094, 39.7265532 ], [ -105.2019159, 39.7266507 ], [ -105.2020219, 39.7267006 ], [ -105.2022134, 39.7267964 ], [ -105.2021884, 39.7268886 ], [ -105.2022752, 39.7269792 ], [ -105.2023635, 39.7269294 ] ] ] } },
{ "type": "Feature", "properties": { "name": "", "landuse": "", "leisure": "", "natural": "scrub", "boundary": "", "amenity": "", "type": "District System", "district_system_type": "Central Hot Water" }, "geometry": { "type": "Polygon", "coordinates": [ [ [ -105.2019639, 39.7263519 ], [ -105.2019778, 39.7263385 ], [ -105.2018742, 39.7262577 ], [ -105.201603, 39.7260657 ], [ -105.2013581, 39.725915 ], [ -105.2011994, 39.7258311 ], [ -105.2010273, 39.725747 ], [ -105.20094, 39.7257061 ], [ -105.200902, 39.7256898 ], [ -105.2007445, 39.7256272 ], [ -105.2006082, 39.7255768 ], [ -105.2006017, 39.7255844 ], [ -105.2005289, 39.7255569 ], [ -105.200386, 39.7255021 ], [ -105.2002474, 39.7254541 ], [ -105.2001118, 39.7254138 ], [ -105.1999242, 39.7253655 ], [ -105.1997486, 39.7253264 ], [ -105.1995695, 39.72529 ], [ -105.1994459, 39.7252678 ], [ -105.1995955, 39.7253705 ], [ -105.199695, 39.7254279 ], [ -105.1998327, 39.7255005 ], [ -105.2000096, 39.7255869 ], [ -105.200206, 39.7256686 ], [ -105.2006024, 39.7258074 ], [ -105.2006179, 39.7258149 ], [ -105.2007426, 39.7258347 ], [ -105.2007646, 39.7258631 ], [ -105.2007577, 39.7258691 ], [ -105.2010219, 39.7259585 ], [ -105.2012849, 39.7260465 ], [ -105.2014497, 39.7261066 ], [ -105.2015533, 39.726146 ], [ -105.2016596, 39.7261928 ], [ -105.2017717, 39.726247 ], [ -105.2018557, 39.7262897 ], [ -105.2019023, 39.7263172 ], [ -105.2019639, 39.7263519 ] ] ] } },
{ "type": "Feature", "properties": { "name": "", "landuse": "", "leisure": "", "natural": "scrub", "boundary": "", "amenity": "", "type": "District System", "district_system_type": "Central Hot Water" }, "geometry": { "type": "Polygon", "coordinates": [ [ [ -105.2000482, 39.7250962 ], [ -105.2000593, 39.7250817 ], [ -105.1999245, 39.7250214 ], [ -105.1997938, 39.7249646 ], [ -105.1996412, 39.7248948 ], [ -105.1995289, 39.7248367 ], [ -105.1994394, 39.7248068 ], [ -105.1994409, 39.7247996 ], [ -105.1992891, 39.7246945 ], [ -105.1991583, 39.7245939 ], [ -105.1990766, 39.7245176 ], [ -105.1990194, 39.724461 ], [ -105.198972, 39.7244106 ], [ -105.1989747, 39.7245178 ], [ -105.198971, 39.7245637 ], [ -105.198966, 39.7246163 ], [ -105.1989526, 39.7246727 ], [ -105.1989295, 39.7247402 ], [ -105.1990769, 39.7249243 ], [ -105.1992171, 39.7249391 ], [ -105.1993227, 39.7249528 ], [ -105.1994082, 39.7249649 ], [ -105.1994726, 39.724975 ], [ -105.1995597, 39.7249902 ], [ -105.1996885, 39.7250152 ], [ -105.1997723, 39.7250309 ], [ -105.1998749, 39.7250539 ], [ -105.1999678, 39.7250776 ], [ -105.2000124, 39.7250871 ], [ -105.2000482, 39.7250962 ] ] ] } },
{ "type": "Feature", "properties": { "name": "", "landuse": "", "leisure": "", "natural": "scrub", "boundary": "", "amenity": "", "type": "District System", "district_system_type": "Central Hot Water" }, "geometry": { "type": "Polygon", "coordinates": [ [ [ -105.1989051, 39.7247042 ], [ -105.1989229, 39.7246556 ], [ -105.1989315, 39.7246071 ], [ -105.1989412, 39.7245453 ], [ -105.1989417, 39.724473 ], [ -105.1989372, 39.7243732 ], [ -105.1989061, 39.7243398 ], [ -105.1988561, 39.724269 ], [ -105.1987734, 39.7244784 ], [ -105.1988027, 39.7245403 ], [ -105.1989051, 39.7247042 ] ] ] } },
{ "type": "Feature", "properties": { "name": "", "landuse": "", "leisure": "", "natural": "scrub", "boundary": "", "amenity": "", "type": "District System", "district_system_type": "Central Hot Water" }, "geometry": { "type": "Polygon", "coordinates": [ [ [ -105.198877, 39.7249105 ], [ -105.1988166, 39.7249118 ], [ -105.1988179, 39.7248946 ], [ -105.1988452, 39.7248673 ], [ -105.198877, 39.7249105 ] ] ] } },
{ "type": "Feature", "properties": { "name": "", "landuse": "", "leisure": "", "natural": "scrub", "boundary": "", "amenity": "", "type": "District System", "district_system_type": "Central Hot Water" }, "geometry": { "type": "Polygon", "coordinates": [ [ [ -105.198785, 39.7248858 ], [ -105.1988112, 39.7248579 ], [ -105.1988015, 39.7248532 ], [ -105.1987368, 39.7248489 ], [ -105.1987371, 39.7248641 ], [ -105.1987512, 39.7248889 ], [ -105.1987626, 39.7248855 ], [ -105.198785, 39.7248858 ] ] ] } },
{ "type": "Feature", "properties": { "name": "", "landuse": "", "leisure": "", "natural": "scrub", "boundary": "", "amenity": "", "type": "District System", "district_system_type": "Central Hot Water" }, "geometry": { "type": "Polygon", "coordinates": [ [ [ -105.1988268, 39.7248421 ], [ -105.1987636, 39.7247523 ], [ -105.1987525, 39.724787 ], [ -105.1987334, 39.7248391 ], [ -105.1988078, 39.7248432 ], [ -105.1988243, 39.7248453 ], [ -105.1988268, 39.7248421 ] ] ] } },
{ "type": "Feature", "properties": { "name": "", "landuse": "", "leisure": "", "natural": "scrub", "boundary": "", "amenity": "", "type": "District System", "district_system_type": "Central Hot Water" }, "geometry": { "type": "Polygon", "coordinates": [ [ [ -105.1944317, 39.7227686 ], [ -105.1939433, 39.7229819 ], [ -105.1938437, 39.7230218 ], [ -105.1937959, 39.723028 ], [ -105.1937619, 39.7230398 ], [ -105.1937665, 39.7230469 ], [ -105.1937599, 39.7230499 ], [ -105.1936847, 39.7229545 ], [ -105.1936663, 39.7226373 ], [ -105.1937112, 39.7226169 ], [ -105.1938645, 39.7225479 ], [ -105.1939657, 39.7225026 ], [ -105.1939385, 39.7224655 ], [ -105.1939365, 39.7224593 ], [ -105.1939382, 39.7224552 ], [ -105.1939442, 39.7224516 ], [ -105.1939533, 39.7224199 ], [ -105.1939533, 39.7223448 ], [ -105.1939402, 39.7222971 ], [ -105.1939218, 39.722262 ], [ -105.1938467, 39.7221635 ], [ -105.1938457, 39.7221558 ], [ -105.1938473, 39.7221496 ], [ -105.1938537, 39.7221457 ], [ -105.1938896, 39.722131 ], [ -105.193794, 39.7220024 ], [ -105.1937439, 39.7220232 ], [ -105.1936451, 39.7219068 ], [ -105.1939704, 39.7217932 ], [ -105.1939794, 39.7217932 ], [ -105.1943006, 39.7217924 ], [ -105.1943202, 39.7226204 ], [ -105.1944317, 39.7227686 ] ] ] } },
{ "type": "Feature", "properties": { "name": "", "landuse": "", "leisure": "", "natural": "scrub", "boundary": "", "amenity": "", "type": "District System", "district_system_type": "Central Hot Water" }, "geometry": { "type": "Polygon", "coordinates": [ [ [ -105.1895505, 39.7249574 ], [ -105.1895698, 39.7249466 ], [ -105.1895805, 39.7249363 ], [ -105.1895839, 39.7249255 ], [ -105.1895597, 39.7249317 ], [ -105.1893968, 39.7249755 ], [ -105.1892338, 39.7250111 ], [ -105.1890682, 39.7250395 ], [ -105.1888865, 39.7250663 ], [ -105.1886961, 39.7250885 ], [ -105.188564, 39.7251019 ], [ -105.1884526, 39.7251142 ], [ -105.188359, 39.7251241 ], [ -105.1883561, 39.7251259 ], [ -105.1883575, 39.7251299 ], [ -105.1883613, 39.7251306 ], [ -105.1886719, 39.7251243 ], [ -105.1889165, 39.7251205 ], [ -105.1891821, 39.7251154 ], [ -105.1891926, 39.7251151 ], [ -105.1892069, 39.7251111 ], [ -105.1893896, 39.7250303 ], [ -105.1895221, 39.7249706 ], [ -105.1895505, 39.7249574 ] ] ] } },
{ "type": "Feature", "properties": { "name": "", "landuse": "", "leisure": "", "natural": "scrub", "boundary": "", "amenity": "", "type": "District System", "district_system_type": "Central Hot Water" }, "geometry": { "type": "Polygon", "coordinates": [ [ [ -105.1885251, 39.7252122 ], [ -105.1885666, 39.7252117 ], [ -105.1885712, 39.7252112 ], [ -105.1885742, 39.725209 ], [ -105.1885745, 39.7252011 ], [ -105.1885731, 39.7251988 ], [ -105.188571, 39.7251978 ], [ -105.188565, 39.7251972 ], [ -105.1885277, 39.7251972 ], [ -105.1885233, 39.7251974 ], [ -105.18852, 39.7251983 ], [ -105.1885182, 39.7252 ], [ -105.1885184, 39.7252089 ], [ -105.188521, 39.7252112 ], [ -105.1885251, 39.7252122 ] ] ] } },
{ "type": "Feature", "properties": { "name": "", "landuse": "", "leisure": "", "natural": "scrub", "boundary": "", "amenity": "", "type": "District System", "district_system_type": "Central Hot Water" }, "geometry": { "type": "Polygon", "coordinates": [ [ [ -105.188491, 39.7252131 ], [ -105.1884953, 39.7252111 ], [ -105.188496, 39.7252054 ], [ -105.1884956, 39.7252009 ], [ -105.1884933, 39.7251988 ], [ -105.1884896, 39.7251981 ], [ -105.1884261, 39.7251984 ], [ -105.1882479, 39.7252027 ], [ -105.1879394, 39.7252073 ], [ -105.1875126, 39.7252145 ], [ -105.1872005, 39.72522 ], [ -105.1867841, 39.7252297 ], [ -105.1860739, 39.7252427 ], [ -105.1854007, 39.7252552 ], [ -105.1846027, 39.7252706 ], [ -105.1838255, 39.7252777 ], [ -105.1834203, 39.7252761 ], [ -105.1833522, 39.7253261 ], [ -105.1833283, 39.7253366 ], [ -105.1833093, 39.725349 ], [ -105.183703, 39.7253565 ], [ -105.1840928, 39.7253571 ], [ -105.1847829, 39.72535 ], [ -105.1854484, 39.7253209 ], [ -105.1858505, 39.7253044 ], [ -105.1863034, 39.7252884 ], [ -105.1866562, 39.7252759 ], [ -105.186751, 39.725273 ], [ -105.1868395, 39.7252599 ], [ -105.186952, 39.7252463 ], [ -105.1870321, 39.7252433 ], [ -105.1871061, 39.7252404 ], [ -105.1877246, 39.7252279 ], [ -105.1882453, 39.7252185 ], [ -105.1884526, 39.7252142 ], [ -105.188491, 39.7252131 ] ] ] } },
{ "type": "Feature", "properties": { "name": "", "landuse": "", "leisure": "", "natural": "scrub", "boundary": "", "amenity": "", "type": "District System", "district_system_type": "Central Hot Water" }, "geometry": { "type": "Polygon", "coordinates": [ [ [ -105.1931373, 39.7250211 ], [ -105.1930824, 39.7250021 ], [ -105.1930138, 39.7249725 ], [ -105.1929462, 39.7249405 ], [ -105.1928824, 39.7248997 ], [ -105.1928223, 39.7248588 ], [ -105.1927634, 39.7248139 ], [ -105.1927037, 39.7247567 ], [ -105.1926635, 39.7247047 ], [ -105.1926236, 39.7246564 ], [ -105.1926086, 39.7246356 ], [ -105.1926029, 39.7246298 ], [ -105.1925971, 39.7246244 ], [ -105.1925989, 39.7246366 ], [ -105.1926378, 39.7247486 ], [ -105.1926661, 39.7248289 ], [ -105.1926958, 39.724917 ], [ -105.1926958, 39.7249483 ], [ -105.1926847, 39.724981 ], [ -105.1926723, 39.7250048 ], [ -105.1926497, 39.7250307 ], [ -105.1926307, 39.725048 ], [ -105.1930386, 39.7250293 ], [ -105.1931333, 39.7250249 ], [ -105.1931373, 39.7250211 ] ] ] } },
{ "type": "Feature", "properties": { "name": "", "landuse": "", "leisure": "", "natural": "scrub", "boundary": "", "amenity": "", "type": "District System", "district_system_type": "Central Hot Water" }, "geometry": { "type": "Polygon", "coordinates": [ [ [ -105.1859368, 39.7244989 ], [ -105.1859346, 39.7242866 ], [ -105.185929, 39.7240211 ], [ -105.1859375, 39.7240146 ], [ -105.1859379, 39.723995 ], [ -105.1859279, 39.7239906 ], [ -105.1859155, 39.7239876 ], [ -105.1858998, 39.7239864 ], [ -105.1858894, 39.7239858 ], [ -105.1856321, 39.7239885 ], [ -105.185371, 39.7239909 ], [ -105.1852832, 39.7240412 ], [ -105.1852801, 39.7240483 ], [ -105.1852793, 39.7240602 ], [ -105.1852797, 39.7240874 ], [ -105.1852851, 39.7244459 ], [ -105.1852901, 39.7244583 ], [ -105.1852974, 39.724469 ], [ -105.1853059, 39.724479 ], [ -105.1853186, 39.7244873 ], [ -105.1853328, 39.7244938 ], [ -105.1853475, 39.7244983 ], [ -105.1853621, 39.7245007 ], [ -105.1853597, 39.724506 ], [ -105.1859368, 39.7244989 ] ] ] } },
{ "type": "Feature", "properties": { "name": "", "landuse": "", "leisure": "", "natural": "scrub", "boundary": "", "amenity": "", "type": "District System", "district_system_type": "Central Hot Water" }, "geometry": { "type": "Polygon", "coordinates": [ [ [ -105.1982823, 39.7215042 ], [ -105.1982805, 39.7214133 ], [ -105.1982777, 39.7213466 ], [ -105.1978314, 39.7215377 ], [ -105.1976098, 39.721637 ], [ -105.1975224, 39.7216831 ], [ -105.1974411, 39.7217191 ], [ -105.1973354, 39.7217621 ], [ -105.1972846, 39.7217844 ], [ -105.1974248, 39.7219537 ], [ -105.1974472, 39.7219583 ], [ -105.1975021, 39.7219341 ], [ -105.1975651, 39.7218762 ], [ -105.1976861, 39.7218152 ], [ -105.1977653, 39.7217347 ], [ -105.1978619, 39.7216863 ], [ -105.1979788, 39.7216222 ], [ -105.1980448, 39.7215737 ], [ -105.1981018, 39.7215487 ], [ -105.1981583, 39.7215281 ], [ -105.1982207, 39.7215127 ], [ -105.1982823, 39.7215042 ] ] ] } },
{ "type": "Feature", "properties": { "name": "", "landuse": "", "leisure": "", "natural": "scrub", "boundary": "", "amenity": "", "type": "District System", "district_system_type": "Central Hot Water" }, "geometry": { "type": "Polygon", "coordinates": [ [ [ -105.197537, 39.7216536 ], [ -105.1975315, 39.7216552 ], [ -105.1975283, 39.7216548 ], [ -105.197527, 39.7216523 ], [ -105.1975298, 39.7216488 ], [ -105.1976197, 39.7216017 ], [ -105.1977029, 39.7215574 ], [ -105.1977746, 39.7215192 ], [ -105.1978634, 39.7214694 ], [ -105.1979283, 39.7214382 ], [ -105.1980088, 39.721398 ], [ -105.1981031, 39.7213552 ], [ -105.1982059, 39.721307 ], [ -105.1982751, 39.7212774 ], [ -105.1982767, 39.7213195 ], [ -105.197537, 39.7216536 ] ] ] } },
{ "type": "Feature", "properties": { "name": "", "landuse": "", "leisure": "", "natural": "scrub", "boundary": "", "amenity": "", "type": "District System", "district_system_type": "Central Hot Water" }, "geometry": { "type": "Polygon", "coordinates": [ [ [ -105.1979097, 39.7203521 ], [ -105.1978638, 39.7194508 ], [ -105.1978547, 39.7191586 ], [ -105.1978492, 39.718983 ], [ -105.1977909, 39.718983 ], [ -105.1977511, 39.7188101 ], [ -105.1977173, 39.7187974 ], [ -105.1977, 39.7187606 ], [ -105.1976649, 39.7186214 ], [ -105.1976564, 39.7185761 ], [ -105.1976696, 39.7185597 ], [ -105.1976868, 39.7185219 ], [ -105.1976854, 39.7184189 ], [ -105.1976808, 39.7181592 ], [ -105.1976702, 39.7181041 ], [ -105.1976649, 39.7180883 ], [ -105.1976709, 39.7180837 ], [ -105.1975561, 39.7178634 ], [ -105.1975024, 39.7178833 ], [ -105.1974071, 39.7177131 ], [ -105.197395, 39.7176851 ], [ -105.197369, 39.7176179 ], [ -105.1973127, 39.7174621 ], [ -105.1971604, 39.7170394 ], [ -105.1970644, 39.716851 ], [ -105.1969463, 39.7166805 ], [ -105.1965292, 39.7160965 ], [ -105.1964244, 39.7159506 ], [ -105.196376, 39.7159006 ], [ -105.1963143, 39.7158664 ], [ -105.196258, 39.7158506 ], [ -105.1961846, 39.7158498 ], [ -105.1961488, 39.7158564 ], [ -105.1960931, 39.7158717 ], [ -105.1959837, 39.7159217 ], [ -105.1958351, 39.715984 ], [ -105.195666, 39.7160431 ], [ -105.1953868, 39.7161278 ], [ -105.1951468, 39.7162018 ], [ -105.1950937, 39.7162222 ], [ -105.1949544, 39.7162905 ], [ -105.1949392, 39.7162941 ], [ -105.1949262, 39.7162901 ], [ -105.1949023, 39.7162604 ], [ -105.1945376, 39.7164345 ], [ -105.1945701, 39.7164748 ], [ -105.194577, 39.7164835 ], [ -105.1945787, 39.7164923 ], [ -105.1945749, 39.7164956 ], [ -105.1945633, 39.7165009 ], [ -105.1945124, 39.716524 ], [ -105.1947285, 39.7167992 ], [ -105.1947437, 39.7168215 ], [ -105.1950821, 39.7172435 ], [ -105.1951066, 39.7172678 ], [ -105.1955774, 39.71777 ], [ -105.1956247, 39.7177437 ], [ -105.1956324, 39.7177465 ], [ -105.1957106, 39.7178133 ], [ -105.1958371, 39.7179061 ], [ -105.1959257, 39.7179495 ], [ -105.1959659, 39.7179566 ], [ -105.1960191, 39.7179575 ], [ -105.1960723, 39.7179445 ], [ -105.1960992, 39.7179345 ], [ -105.196128, 39.7179708 ], [ -105.1961448, 39.7179912 ], [ -105.1970724, 39.71758 ], [ -105.1972049, 39.7175069 ], [ -105.1972901, 39.7177408 ], [ -105.1973113, 39.7177785 ], [ -105.1974221, 39.7179764 ], [ -105.1974904, 39.7181147 ], [ -105.1975131, 39.7181114 ], [ -105.1975227, 39.7181495 ], [ -105.1974612, 39.7181531 ], [ -105.1971158, 39.7181492 ], [ -105.1971169, 39.7181991 ], [ -105.1970728, 39.718198 ], [ -105.1970742, 39.7182469 ], [ -105.1968553, 39.718246 ], [ -105.1968311, 39.7182479 ], [ -105.1968299, 39.7184707 ], [ -105.1968094, 39.7184689 ], [ -105.1968009, 39.7183491 ], [ -105.1967732, 39.718324 ], [ -105.1967394, 39.7183092 ], [ -105.1966694, 39.7183036 ], [ -105.1964787, 39.7183017 ], [ -105.1963471, 39.7183315 ], [ -105.1961962, 39.7183454 ], [ -105.1960466, 39.7183463 ], [ -105.1959379, 39.7183333 ], [ -105.1958341, 39.7183008 ], [ -105.1957497, 39.7182609 ], [ -105.1956519, 39.7181866 ], [ -105.1953586, 39.7179146 ], [ -105.1950086, 39.7175915 ], [ -105.1949446, 39.7175367 ], [ -105.1948987, 39.7175256 ], [ -105.1948333, 39.7175327 ], [ -105.1948897, 39.7173088 ], [ -105.1947723, 39.7173088 ], [ -105.1947723, 39.7172293 ], [ -105.1946995, 39.7172221 ], [ -105.1946995, 39.7171733 ], [ -105.1946408, 39.7171697 ], [ -105.1945962, 39.7171092 ], [ -105.1943443, 39.7168824 ], [ -105.1944205, 39.7168291 ], [ -105.1939541, 39.7164044 ], [ -105.1939314, 39.7161998 ], [ -105.19388, 39.7157336 ], [ -105.1943267, 39.715692 ], [ -105.194789, 39.7156363 ], [ -105.1953527, 39.7154227 ], [ -105.1955228, 39.7153215 ], [ -105.1956172, 39.7152645 ], [ -105.1957585, 39.7151394 ], [ -105.1958814, 39.7150174 ], [ -105.1959719, 39.7149181 ], [ -105.1960725, 39.7147711 ], [ -105.1965299, 39.7152582 ], [ -105.1970256, 39.7158443 ], [ -105.1973423, 39.7162922 ], [ -105.197571, 39.7167105 ], [ -105.1976409, 39.7168473 ], [ -105.1977047, 39.7170052 ], [ -105.1977719, 39.7171773 ], [ -105.1978303, 39.7173672 ], [ -105.1978807, 39.7175564 ], [ -105.1979285, 39.7177565 ], [ -105.19794, 39.7178307 ], [ -105.1980046, 39.7182588 ], [ -105.1981665, 39.7196057 ], [ -105.1982313, 39.7205745 ], [ -105.1982622, 39.7209161 ], [ -105.1982661, 39.7210286 ], [ -105.1979439, 39.7211682 ], [ -105.1974925, 39.7213682 ], [ -105.1974627, 39.7213829 ], [ -105.1974296, 39.7214071 ], [ -105.1974061, 39.7214201 ], [ -105.1973382, 39.7214528 ], [ -105.1972378, 39.7215055 ], [ -105.1971338, 39.7215499 ], [ -105.1971187, 39.7215504 ], [ -105.1970975, 39.7215464 ], [ -105.1970759, 39.7215401 ], [ -105.1970618, 39.7215325 ], [ -105.1970358, 39.721544 ], [ -105.1970241, 39.7215235 ], [ -105.1970201, 39.7215063 ], [ -105.1970181, 39.7214805 ], [ -105.1969947, 39.7212303 ], [ -105.1969695, 39.7208758 ], [ -105.1969786, 39.7208758 ], [ -105.197926, 39.7208808 ], [ -105.1979097, 39.7203521 ] ] ] } },
{ "type": "Feature", "properties": { "name": "", "landuse": "", "leisure": "", "natural": "scrub", "boundary": "", "amenity": "", "type": "District System", "district_system_type": "Central Hot Water" }, "geometry": { "type": "Polygon", "coordinates": [ [ [ -105.1304783, 39.7225336 ], [ -105.1304661, 39.72052 ], [ -105.1302474, 39.7202443 ], [ -105.1280425, 39.7202163 ], [ -105.1276477, 39.7204452 ], [ -105.127508, 39.7221319 ], [ -105.1274169, 39.7223748 ], [ -105.1279757, 39.7224355 ], [ -105.1281336, 39.7226177 ], [ -105.1303203, 39.7226084 ], [ -105.1304783, 39.7225336 ] ] ] } },
{ "type": "Feature", "properties": { "name": "", "landuse": "", "leisure": "", "natural": "scrub", "boundary": "", "amenity": "", "type": "District System", "district_system_type": "Central Hot Water" }, "geometry": { "type": "Polygon", "coordinates": [ [ [ -105.1311737, 39.7245492 ], [ -105.1313035, 39.7244123 ], [ -105.1309799, 39.7241783 ], [ -105.1308297, 39.7240066 ], [ -105.1306438, 39.7236417 ], [ -105.1305479, 39.7230485 ], [ -105.1296982, 39.723056 ], [ -105.1296873, 39.7230382 ], [ -105.1272614, 39.72304 ], [ -105.1267889, 39.7239342 ], [ -105.1260544, 39.7247158 ], [ -105.1257175, 39.7246092 ], [ -105.1255603, 39.7250629 ], [ -105.1266427, 39.7250599 ], [ -105.1281554, 39.7249786 ], [ -105.1296481, 39.7248325 ], [ -105.1311737, 39.7245492 ] ] ] } },
{ "type": "Feature", "properties": { "name": "", "landuse": "", "leisure": "", "natural": "scrub", "boundary": "", "amenity": "", "type": "District System", "district_system_type": "Central Hot Water" }, "geometry": { "type": "Polygon", "coordinates": [ [ [ -105.1314386, 39.7243298 ], [ -105.1312666, 39.7242301 ], [ -105.1310153, 39.7240065 ], [ -105.1308627, 39.7237918 ], [ -105.1307377, 39.7234848 ], [ -105.1306988, 39.7232864 ], [ -105.1307213, 39.7230423 ], [ -105.1317257, 39.7230349 ], [ -105.1317799, 39.7230471 ], [ -105.1318173, 39.7230633 ], [ -105.1318662, 39.7230992 ], [ -105.1319039, 39.7231227 ], [ -105.1319428, 39.7231308 ], [ -105.1319748, 39.7231324 ], [ -105.1319751, 39.723174 ], [ -105.1319618, 39.7232173 ], [ -105.1319527, 39.7232687 ], [ -105.1319596, 39.7233623 ], [ -105.13194, 39.7235737 ], [ -105.1319005, 39.7236852 ], [ -105.1318401, 39.7238365 ], [ -105.131776, 39.7239714 ], [ -105.1316518, 39.7241452 ], [ -105.1315847, 39.7241926 ], [ -105.1314386, 39.7243298 ] ] ] } },
{ "type": "Feature", "properties": { "name": "", "landuse": "", "leisure": "", "natural": "scrub", "boundary": "", "amenity": "", "type": "District System", "district_system_type": "Central Hot Water" }, "geometry": { "type": "Polygon", "coordinates": [ [ [ -105.237417, 39.7537811 ], [ -105.23743, 39.7538238 ], [ -105.237083, 39.753886 ], [ -105.23707, 39.7538433 ], [ -105.2369403, 39.7538717 ], [ -105.2369167, 39.7538937 ], [ -105.2369006, 39.753928 ], [ -105.2369003, 39.7539457 ], [ -105.2369063, 39.7539626 ], [ -105.2369254, 39.7539826 ], [ -105.2369527, 39.7540045 ], [ -105.2369976, 39.754021 ], [ -105.2370522, 39.7540088 ], [ -105.2370312, 39.7539576 ], [ -105.2374652, 39.7538526 ], [ -105.2376151, 39.7538158 ], [ -105.2376361, 39.753867 ], [ -105.23766, 39.7538546 ], [ -105.2376724, 39.7538402 ], [ -105.2376675, 39.7538212 ], [ -105.2376501, 39.753804 ], [ -105.2376005, 39.7537945 ], [ -105.237417, 39.7537811 ] ] ] } },
{ "type": "Feature", "properties": { "name": "", "landuse": "", "leisure": "park", "natural": "", "boundary": "", "amenity": "", "type": "District System", "district_system_type": "Central Hot Water" }, "geometry": { "type": "Polygon", "coordinates": [ [ [ -105.234782, 39.7709502 ], [ -105.2345296, 39.7709004 ], [ -105.2345365, 39.7700367 ], [ -105.234531, 39.7699042 ], [ -105.2345641, 39.7699233 ], [ -105.2346317, 39.7700208 ], [ -105.2346643, 39.7701018 ], [ -105.2347654, 39.7703535 ], [ -105.2347733, 39.7706138 ], [ -105.2347743, 39.7706492 ], [ -105.2347778, 39.7707658 ], [ -105.2347782, 39.7707831 ], [ -105.2347789, 39.7708156 ], [ -105.234782, 39.7709502 ] ] ] } },
{ "type": "Feature", "properties": { "name": "City of Golden North Table Mountain Area; ", "landuse": "", "leisure": "park", "natural": "scrub", "boundary": "", "amenity": "", "type": "District System", "district_system_type": "Central Hot Water" }, "geometry": { "type": "Polygon", "coordinates": [ [ [ -105.217143, 39.7633233 ], [ -105.2178296, 39.7633233 ], [ -105.2178436, 39.7638181 ], [ -105.2187523, 39.7638099 ], [ -105.2188059, 39.7645397 ], [ -105.2186879, 39.7649686 ], [ -105.2182373, 39.7649645 ], [ -105.2182373, 39.7653892 ], [ -105.2190098, 39.7653933 ], [ -105.2190259, 39.7662963 ], [ -105.2197372, 39.7662963 ], [ -105.2213269, 39.7667871 ], [ -105.2215468, 39.7667396 ], [ -105.2217065, 39.7667062 ], [ -105.2218151, 39.7664613 ], [ -105.222575, 39.7667499 ], [ -105.2233904, 39.76722 ], [ -105.2228725, 39.7676534 ], [ -105.2228915, 39.7679168 ], [ -105.2228624, 39.7681332 ], [ -105.223174, 39.768288 ], [ -105.2234862, 39.7687045 ], [ -105.223628, 39.768823 ], [ -105.2238839, 39.7688322 ], [ -105.2239842, 39.7688686 ], [ -105.2241471, 39.7689495 ], [ -105.224442, 39.768906 ], [ -105.2245529, 39.7689999 ], [ -105.2249836, 39.7693641 ], [ -105.2248084, 39.7696651 ], [ -105.2247958, 39.7702959 ], [ -105.225343, 39.7710464 ], [ -105.2257472, 39.7710505 ], [ -105.2268469, 39.7708567 ], [ -105.2271151, 39.7710738 ], [ -105.2274727, 39.7715659 ], [ -105.2279252, 39.7717597 ], [ -105.2282256, 39.7719699 ], [ -105.2281593, 39.7720153 ], [ -105.2283704, 39.7722132 ], [ -105.2281719, 39.7730172 ], [ -105.2283329, 39.7733924 ], [ -105.2281505, 39.7735532 ], [ -105.227952, 39.7734542 ], [ -105.2276409, 39.7734583 ], [ -105.2276712, 39.7743571 ], [ -105.2281773, 39.7743736 ], [ -105.2284938, 39.7749137 ], [ -105.2284884, 39.7766783 ], [ -105.2274674, 39.776809 ], [ -105.2274259, 39.7776925 ], [ -105.2274835, 39.7779401 ], [ -105.2277082, 39.7790155 ], [ -105.2282595, 39.7795663 ], [ -105.2273224, 39.779604 ], [ -105.2265202, 39.779528 ], [ -105.2265169, 39.7795796 ], [ -105.2258598, 39.7794251 ], [ -105.2258126, 39.779246 ], [ -105.2256938, 39.7791765 ], [ -105.2253244, 39.7788827 ], [ -105.2246312, 39.778227 ], [ -105.2243265, 39.7775137 ], [ -105.2242724, 39.7767953 ], [ -105.2244073, 39.7761302 ], [ -105.224897, 39.7750393 ], [ -105.2248344, 39.7741144 ], [ -105.224495, 39.7735652 ], [ -105.2241341, 39.7731625 ], [ -105.2230816, 39.7725513 ], [ -105.2229498, 39.7720432 ], [ -105.2225767, 39.7713185 ], [ -105.2217252, 39.7704998 ], [ -105.2206328, 39.7696984 ], [ -105.2202812, 39.7696005 ], [ -105.2194607, 39.7690428 ], [ -105.2194445, 39.7690314 ], [ -105.2193002, 39.7688428 ], [ -105.2169501, 39.7679277 ], [ -105.2145541, 39.7679183 ], [ -105.214612883536205, 39.765393207215652 ], [ -105.2130804, 39.7654155 ], [ -105.2124049, 39.7656964 ], [ -105.2118664, 39.7659492 ], [ -105.212196, 39.7664712 ], [ -105.2138222, 39.7690188 ], [ -105.2121305, 39.7690149 ], [ -105.2108809, 39.7670411 ], [ -105.2102648, 39.7668944 ], [ -105.2076717, 39.7681997 ], [ -105.2076603, 39.7690584 ], [ -105.2064126, 39.7699596 ], [ -105.2045544, 39.7704982 ], [ -105.2036983, 39.770343 ], [ -105.2031559, 39.7703873 ], [ -105.2031413, 39.7710839 ], [ -105.2028116, 39.7707805 ], [ -105.2024851, 39.7706896 ], [ -105.2031373, 39.7712782 ], [ -105.2031045, 39.7726533 ], [ -105.1999218, 39.7727127 ], [ -105.2005345, 39.7719287 ], [ -105.2022538, 39.7704485 ], [ -105.201561, 39.7697011 ], [ -105.2023539, 39.7696759 ], [ -105.2031102, 39.7696098 ], [ -105.2037366, 39.7694876 ], [ -105.2044163, 39.7693111 ], [ -105.2053557, 39.7689582 ], [ -105.2072048, 39.7680651 ], [ -105.2090779, 39.7671263 ], [ -105.2111144, 39.7660984 ], [ -105.2128434, 39.7651971 ], [ -105.213883, 39.7646751 ], [ -105.2153671, 39.7639702 ], [ -105.2165361, 39.7634294 ], [ -105.217143, 39.7631377 ], [ -105.217143, 39.7633233 ] ] ] } },
{ "type": "Feature", "properties": { "name": "", "landuse": "", "leisure": "", "natural": "grassland", "boundary": "", "amenity": "", "type": "District System", "district_system_type": "Central Hot Water" }, "geometry": { "type": "Polygon", "coordinates": [ [ [ -105.2163831, 39.724916 ], [ -105.2165097, 39.7247814 ], [ -105.2168748, 39.7241739 ], [ -105.2168816, 39.7253103 ], [ -105.2168826, 39.7254828 ], [ -105.2169457, 39.7254839 ], [ -105.2168822, 39.7256644 ], [ -105.2165151, 39.7261556 ], [ -105.2162629, 39.7262629 ], [ -105.2161959, 39.7265105 ], [ -105.2160909, 39.7266122 ], [ -105.2159658, 39.7265468 ], [ -105.2158014, 39.7264672 ], [ -105.2156866, 39.7264137 ], [ -105.2155434, 39.7263701 ], [ -105.2154512, 39.726356 ], [ -105.2153726, 39.7263563 ], [ -105.2154212, 39.7260208 ], [ -105.2151854, 39.7260009 ], [ -105.215037, 39.7259276 ], [ -105.2149446, 39.7256715 ], [ -105.2149387, 39.725451 ], [ -105.2149652, 39.7254519 ], [ -105.2149674, 39.7253387 ], [ -105.2154111, 39.7253638 ], [ -105.215528, 39.7251036 ], [ -105.2163831, 39.724916 ] ] ] } },
{ "type": "Feature", "properties": { "name": "; Discovery Park", "landuse": "", "leisure": "park", "natural": "scrub", "boundary": "", "amenity": "", "type": "District System", "district_system_type": "Central Hot Water" }, "geometry": { "type": "Polygon", "coordinates": [ [ [ -105.2163925, 39.7447587 ], [ -105.2161991, 39.7445369 ], [ -105.2161294, 39.744454 ], [ -105.2160512, 39.7443387 ], [ -105.2160006, 39.7441617 ], [ -105.2160405, 39.7441522 ], [ -105.2160874, 39.7441783 ], [ -105.2161103, 39.7441904 ], [ -105.2161649, 39.7442431 ], [ -105.2162121, 39.7442929 ], [ -105.2162715, 39.744338 ], [ -105.2164865, 39.7446246 ], [ -105.2166117, 39.7447629 ], [ -105.216767, 39.7446576 ], [ -105.2172603, 39.7445532 ], [ -105.2175699, 39.744605 ], [ -105.2176836, 39.7460401 ], [ -105.2173934, 39.7457247 ], [ -105.217329, 39.7457175 ], [ -105.2173048, 39.7457031 ], [ -105.2172566, 39.7456546 ], [ -105.2168012, 39.7451641 ], [ -105.216482, 39.744854 ], [ -105.2163925, 39.7447587 ] ] ] } },
{ "type": "Feature", "properties": { "name": "", "landuse": "", "leisure": "", "natural": "grassland", "boundary": "", "amenity": "", "type": "District System", "district_system_type": "Central Hot Water" }, "geometry": { "type": "Polygon", "coordinates": [ [ [ -105.2114028, 39.7186112 ], [ -105.2111493, 39.7186762 ], [ -105.2111654, 39.7180768 ], [ -105.2107014, 39.7179458 ], [ -105.2104023, 39.7181697 ], [ -105.2098739, 39.7180149 ], [ -105.2093804, 39.7179159 ], [ -105.2090113, 39.718039 ], [ -105.2088019, 39.7177159 ], [ -105.2084462, 39.7178414 ], [ -105.2083365, 39.7178552 ], [ -105.2082825, 39.7178469 ], [ -105.2082288, 39.7176217 ], [ -105.2082848, 39.7176073 ], [ -105.2086925, 39.7173466 ], [ -105.2105211, 39.7160359 ], [ -105.2105997, 39.7159589 ], [ -105.2110656, 39.715586 ], [ -105.2115392, 39.7160201 ], [ -105.2115358, 39.7161689 ], [ -105.2116428, 39.7161746 ], [ -105.211644, 39.7165022 ], [ -105.211738, 39.7165035 ], [ -105.2114847, 39.7180936 ], [ -105.2114028, 39.7186112 ] ] ] } },
{ "type": "Feature", "properties": { "name": "", "landuse": "", "leisure": "", "natural": "grassland", "boundary": "", "amenity": "", "type": "District System", "district_system_type": "Central Hot Water" }, "geometry": { "type": "Polygon", "coordinates": [ [ [ -105.2168178, 39.720245 ], [ -105.2165392, 39.7201606 ], [ -105.216635, 39.7199458 ], [ -105.2167029, 39.7197981 ], [ -105.2167309, 39.7196075 ], [ -105.2167309, 39.7194475 ], [ -105.216659, 39.7192507 ], [ -105.216523, 39.7190539 ], [ -105.2162631, 39.718774 ], [ -105.2160425, 39.7185466 ], [ -105.2160076, 39.7184703 ], [ -105.2160183, 39.7184001 ], [ -105.2160693, 39.71833 ], [ -105.216123, 39.7183052 ], [ -105.2161659, 39.718297 ], [ -105.2161954, 39.7183135 ], [ -105.216241, 39.7184228 ], [ -105.2163697, 39.7186457 ], [ -105.2164824, 39.7187653 ], [ -105.2165655, 39.7187137 ], [ -105.2165365, 39.7186576 ], [ -105.2168107, 39.718597 ], [ -105.2168178, 39.720245 ] ] ] } },
{ "type": "Feature", "properties": { "name": "", "landuse": "", "leisure": "", "natural": "grassland", "boundary": "", "amenity": "", "type": "District System", "district_system_type": "Central Hot Water" }, "geometry": { "type": "Polygon", "coordinates": [ [ [ -105.2081385, 39.7306202 ], [ -105.2081182, 39.730592 ], [ -105.2080682, 39.7305394 ], [ -105.208022, 39.7304995 ], [ -105.2079702, 39.7304711 ], [ -105.2079258, 39.730454 ], [ -105.2079199, 39.7304502 ], [ -105.2079635, 39.7304154 ], [ -105.2076108, 39.7301839 ], [ -105.2075762, 39.7302174 ], [ -105.2075223, 39.7301947 ], [ -105.2072887, 39.7305144 ], [ -105.2070413, 39.730829 ], [ -105.2070281, 39.7308538 ], [ -105.2070768, 39.7308708 ], [ -105.2070743, 39.7308778 ], [ -105.2070176, 39.7308798 ], [ -105.2070147, 39.7308888 ], [ -105.2070194, 39.7311627 ], [ -105.2070739, 39.7311634 ], [ -105.2070746, 39.7311838 ], [ -105.2070724, 39.7312093 ], [ -105.207061, 39.7312352 ], [ -105.2070355, 39.731231 ], [ -105.2070121, 39.7312185 ], [ -105.2068742, 39.7312206 ], [ -105.2067281, 39.7312147 ], [ -105.2065711, 39.731198 ], [ -105.2065711, 39.7311667 ], [ -105.2065662, 39.7311383 ], [ -105.2065483, 39.7311091 ], [ -105.2065201, 39.7310857 ], [ -105.2064945, 39.7310727 ], [ -105.2063902, 39.7310376 ], [ -105.2060877, 39.7309257 ], [ -105.2060062, 39.7308873 ], [ -105.2059476, 39.7308518 ], [ -105.2059106, 39.7308158 ], [ -105.2058661, 39.7307607 ], [ -105.2058384, 39.7307093 ], [ -105.2058085, 39.730622 ], [ -105.2057917, 39.7305619 ], [ -105.2057776, 39.7305184 ], [ -105.2057548, 39.7304921 ], [ -105.2057129, 39.730467 ], [ -105.2056657, 39.7304545 ], [ -105.2055902, 39.7304537 ], [ -105.2055755, 39.7304541 ], [ -105.205557, 39.7304453 ], [ -105.2055228, 39.730381 ], [ -105.2054609, 39.7303075 ], [ -105.2054093, 39.730264 ], [ -105.2052844, 39.7301784 ], [ -105.2051953, 39.7301162 ], [ -105.2051176, 39.7300502 ], [ -105.2050318, 39.7299549 ], [ -105.2049531, 39.7298534 ], [ -105.2049102, 39.729759 ], [ -105.2048754, 39.7296692 ], [ -105.2048466, 39.7295786 ], [ -105.2048243, 39.7294666 ], [ -105.20482, 39.7294411 ], [ -105.2047923, 39.7294027 ], [ -105.2047608, 39.7293814 ], [ -105.2046907, 39.7293588 ], [ -105.2044968, 39.7293476 ], [ -105.2043388, 39.7293354 ], [ -105.2041666, 39.7293008 ], [ -105.2041188, 39.7292774 ], [ -105.2040465, 39.7292277 ], [ -105.2040047, 39.7291872 ], [ -105.2039667, 39.7291345 ], [ -105.2039395, 39.7290744 ], [ -105.2039081, 39.7289487 ], [ -105.203884, 39.7289067 ], [ -105.2038461, 39.7288833 ], [ -105.2037965, 39.7288656 ], [ -105.2036749, 39.7288246 ], [ -105.2036023, 39.7287869 ], [ -105.2035315, 39.7287325 ], [ -105.2034751, 39.7286652 ], [ -105.203444, 39.7285855 ], [ -105.2034273, 39.7285168 ], [ -105.2033981, 39.7283851 ], [ -105.2033671, 39.7283207 ], [ -105.2033082, 39.7282482 ], [ -105.203243, 39.7281938 ], [ -105.203153, 39.7281375 ], [ -105.2030773, 39.7281083 ], [ -105.2030699, 39.7281002 ], [ -105.2030649, 39.7280983 ], [ -105.20306, 39.7280368 ], [ -105.2030476, 39.7279833 ], [ -105.2030395, 39.7279614 ], [ -105.2030662, 39.7279423 ], [ -105.2030817, 39.7279041 ], [ -105.2030587, 39.7278516 ], [ -105.2030072, 39.7277905 ], [ -105.2029185, 39.727698 ], [ -105.202867, 39.7276441 ], [ -105.2028199, 39.7275605 ], [ -105.2029657, 39.7276393 ], [ -105.2029743, 39.7276479 ], [ -105.2029861, 39.7276436 ], [ -105.2030252, 39.7276755 ], [ -105.2031009, 39.7277352 ], [ -105.2031636, 39.7277881 ], [ -105.2032126, 39.7278368 ], [ -105.2033417, 39.7279824 ], [ -105.2035166, 39.7281899 ], [ -105.2036184, 39.7283035 ], [ -105.203709, 39.7283894 ], [ -105.2038802, 39.7285287 ], [ -105.2042681, 39.7288197 ], [ -105.2044358, 39.7289414 ], [ -105.2046227, 39.7290422 ], [ -105.2049807, 39.7292215 ], [ -105.2055605, 39.7294628 ], [ -105.2059188, 39.7295832 ], [ -105.2062376, 39.7296646 ], [ -105.206828, 39.7297888 ], [ -105.2074709, 39.7299229 ], [ -105.2080677, 39.7300527 ], [ -105.2082031, 39.7300805 ], [ -105.2082038, 39.7300881 ], [ -105.2082258, 39.7301154 ], [ -105.2082414, 39.730147 ], [ -105.2082598, 39.730196 ], [ -105.2082938, 39.7302358 ], [ -105.2083342, 39.7302734 ], [ -105.208376, 39.7303121 ], [ -105.208403, 39.7303339 ], [ -105.2084249, 39.7303743 ], [ -105.2084292, 39.7304059 ], [ -105.2084185, 39.7304332 ], [ -105.2084015, 39.7304479 ], [ -105.2083533, 39.7304724 ], [ -105.2082867, 39.7304915 ], [ -105.2082506, 39.7305138 ], [ -105.2082336, 39.7305351 ], [ -105.2082236, 39.7305651 ], [ -105.2082215, 39.730594 ], [ -105.2082252, 39.7306072 ], [ -105.2081385, 39.7306202 ] ] ] } },
{ "type": "Feature", "properties": { "name": "", "landuse": "", "leisure": "", "natural": "grassland", "boundary": "", "amenity": "", "type": "District System", "district_system_type": "Central Hot Water" }, "geometry": { "type": "Polygon", "coordinates": [ [ [ -105.2065497, 39.7311951 ], [ -105.2064146, 39.7311681 ], [ -105.2062518, 39.7311268 ], [ -105.2060336, 39.7310493 ], [ -105.2059392, 39.7310059 ], [ -105.2057727, 39.7309063 ], [ -105.2054607, 39.7306872 ], [ -105.2054317, 39.7306664 ], [ -105.2054722, 39.7306324 ], [ -105.2055392, 39.7305461 ], [ -105.2055582, 39.7304986 ], [ -105.2055615, 39.7304781 ], [ -105.2055734, 39.73047 ], [ -105.2056186, 39.73047 ], [ -105.2056823, 39.7304752 ], [ -105.2057146, 39.7304876 ], [ -105.2057479, 39.7305125 ], [ -105.205765, 39.7305377 ], [ -105.2057936, 39.7306459 ], [ -105.2058273, 39.7307395 ], [ -105.2058677, 39.7307977 ], [ -105.2058986, 39.7308342 ], [ -105.2059828, 39.7308968 ], [ -105.2060546, 39.7309315 ], [ -105.2062928, 39.7310211 ], [ -105.2064141, 39.731065 ], [ -105.2064744, 39.7310854 ], [ -105.2065034, 39.7310986 ], [ -105.2065234, 39.7311154 ], [ -105.2065377, 39.7311312 ], [ -105.2065496, 39.7311567 ], [ -105.2065497, 39.7311951 ] ] ] } },
{ "type": "Feature", "properties": { "name": "", "landuse": "", "leisure": "", "natural": "grassland", "boundary": "", "amenity": "", "type": "District System", "district_system_type": "Central Hot Water" }, "geometry": { "type": "Polygon", "coordinates": [ [ [ -105.2054153, 39.7306539 ], [ -105.2052297, 39.7305217 ], [ -105.2049505, 39.730317 ], [ -105.2046763, 39.7301176 ], [ -105.2045516, 39.7300298 ], [ -105.2044821, 39.7299859 ], [ -105.2044194, 39.7299496 ], [ -105.204255, 39.7298637 ], [ -105.2041241, 39.7298079 ], [ -105.2039975, 39.7297582 ], [ -105.2038709, 39.7297172 ], [ -105.2036575, 39.7296647 ], [ -105.2034205, 39.7296213 ], [ -105.2032709, 39.7296103 ], [ -105.2028664, 39.7295898 ], [ -105.2022788, 39.7295635 ], [ -105.201981, 39.7295526 ], [ -105.2019965, 39.7295068 ], [ -105.2020387, 39.7294638 ], [ -105.2021007, 39.7294223 ], [ -105.2022093, 39.7293426 ], [ -105.2023092, 39.7292567 ], [ -105.2023651, 39.7291746 ], [ -105.2023986, 39.7290897 ], [ -105.2024091, 39.7290348 ], [ -105.2023992, 39.7289213 ], [ -105.2023756, 39.7288473 ], [ -105.2023415, 39.7287915 ], [ -105.2024625, 39.7287546 ], [ -105.2025524, 39.7287275 ], [ -105.2026368, 39.7286817 ], [ -105.2026834, 39.7286287 ], [ -105.202697, 39.7285589 ], [ -105.2026858, 39.7283811 ], [ -105.2027981, 39.7283653 ], [ -105.2028738, 39.7283358 ], [ -105.2029539, 39.7282833 ], [ -105.2029992, 39.7282408 ], [ -105.203024, 39.7282088 ], [ -105.203055, 39.7281391 ], [ -105.2030575, 39.7281248 ], [ -105.2030711, 39.7281244 ], [ -105.2031245, 39.7281439 ], [ -105.2031704, 39.7281697 ], [ -105.2032635, 39.7282336 ], [ -105.2032846, 39.7282537 ], [ -105.2033475, 39.7283264 ], [ -105.2033957, 39.7284981 ], [ -105.2033855, 39.7285055 ], [ -105.2033833, 39.7285251 ], [ -105.2033903, 39.728531 ], [ -105.2034062, 39.7285357 ], [ -105.2034263, 39.7286056 ], [ -105.2034509, 39.7286669 ], [ -105.2034981, 39.7287265 ], [ -105.2035606, 39.7287807 ], [ -105.2036493, 39.7288322 ], [ -105.2037293, 39.7288629 ], [ -105.2038151, 39.7288909 ], [ -105.203839, 39.7289031 ], [ -105.2038662, 39.7289151 ], [ -105.203878, 39.7289333 ], [ -105.2038891, 39.7289696 ], [ -105.203921, 39.7290795 ], [ -105.2039484, 39.7291423 ], [ -105.2040087, 39.7292188 ], [ -105.2040824, 39.7292784 ], [ -105.2041309, 39.7293062 ], [ -105.2042476, 39.7293407 ], [ -105.2043235, 39.7293528 ], [ -105.2043286, 39.7293631 ], [ -105.2043363, 39.7293692 ], [ -105.2043478, 39.7293729 ], [ -105.2043682, 39.729365 ], [ -105.2043749, 39.7293582 ], [ -105.2043953, 39.7293601 ], [ -105.204617, 39.7293707 ], [ -105.2046862, 39.729377 ], [ -105.2047261, 39.7293888 ], [ -105.2047529, 39.7293986 ], [ -105.2047771, 39.729418 ], [ -105.2047969, 39.7294494 ], [ -105.2048189, 39.7295632 ], [ -105.2048418, 39.7296537 ], [ -105.2048763, 39.7297359 ], [ -105.2049302, 39.72986 ], [ -105.2049771, 39.7299223 ], [ -105.2050217, 39.7299763 ], [ -105.2050606, 39.7300207 ], [ -105.2051216, 39.7300828 ], [ -105.2052383, 39.7301691 ], [ -105.2053541, 39.7302488 ], [ -105.2054093, 39.73029 ], [ -105.2054826, 39.7303617 ], [ -105.2055282, 39.7304308 ], [ -105.2055365, 39.7304593 ], [ -105.2055298, 39.7305093 ], [ -105.2055072, 39.7305562 ], [ -105.205466, 39.7306075 ], [ -105.2054153, 39.7306539 ] ] ] } },
{ "type": "Feature", "properties": { "name": "", "landuse": "", "leisure": "", "natural": "wood; scrub", "boundary": "", "amenity": "", "type": "District System", "district_system_type": "Central Hot Water" }, "geometry": { "type": "Polygon", "coordinates": [ [ [ -105.2102928, 39.7303585 ], [ -105.2099518, 39.7301762 ], [ -105.2096524, 39.7300212 ], [ -105.2095933, 39.7299738 ], [ -105.2095643, 39.7299293 ], [ -105.2095498, 39.729894 ], [ -105.209551, 39.7298513 ], [ -105.2095702, 39.7297868 ], [ -105.2103753, 39.7301522 ], [ -105.211079, 39.730635 ], [ -105.2117754, 39.7300816 ], [ -105.2110467, 39.7294829 ], [ -105.2110508, 39.7292885 ], [ -105.2111659, 39.7289344 ], [ -105.2111104, 39.7287447 ], [ -105.2106423, 39.7288344 ], [ -105.2106736, 39.7287069 ], [ -105.2107505, 39.7285084 ], [ -105.2108101, 39.7282832 ], [ -105.2108444, 39.7280512 ], [ -105.2108498, 39.7280198 ], [ -105.2108652, 39.7278775 ], [ -105.2111754, 39.7278435 ], [ -105.2112524, 39.727913 ], [ -105.211424, 39.7285731 ], [ -105.211693, 39.7287848 ], [ -105.2120685, 39.7288797 ], [ -105.2123582, 39.728793 ], [ -105.2125222, 39.7286652 ], [ -105.2125867, 39.7287715 ], [ -105.212593, 39.7288332 ], [ -105.2126324, 39.7288975 ], [ -105.2126593, 39.7289181 ], [ -105.2128566, 39.7292301 ], [ -105.2129788, 39.72937 ], [ -105.2130962, 39.729479 ], [ -105.213192, 39.7295535 ], [ -105.213321, 39.7296377 ], [ -105.2135009, 39.7297309 ], [ -105.2137756, 39.7298377 ], [ -105.2140162, 39.7299565 ], [ -105.2142185, 39.7300587 ], [ -105.2144121, 39.7301828 ], [ -105.2145549, 39.7302933 ], [ -105.2146409, 39.7303715 ], [ -105.2147406, 39.7304738 ], [ -105.2148413, 39.7305933 ], [ -105.2149938, 39.7308226 ], [ -105.2151209, 39.7310159 ], [ -105.2152197, 39.7311617 ], [ -105.2152959, 39.7312557 ], [ -105.2153702, 39.7313354 ], [ -105.2154963, 39.7314407 ], [ -105.2164383, 39.7320723 ], [ -105.2166902, 39.7322415 ], [ -105.2168303, 39.7323218 ], [ -105.2170047, 39.7323978 ], [ -105.2173005, 39.7324892 ], [ -105.2175353, 39.7325305 ], [ -105.2178147, 39.7325441 ], [ -105.2184081, 39.7325456 ], [ -105.2185598, 39.732558 ], [ -105.2190551, 39.732635 ], [ -105.2191756, 39.7326442 ], [ -105.2193066, 39.7326368 ], [ -105.2194206, 39.7326128 ], [ -105.2194995, 39.7325859 ], [ -105.2196108, 39.7325329 ], [ -105.2196763, 39.7324869 ], [ -105.2197391, 39.7324327 ], [ -105.2197815, 39.7323828 ], [ -105.2197941, 39.7323884 ], [ -105.2200182, 39.732551 ], [ -105.2227593, 39.7318325 ], [ -105.2230489, 39.7315355 ], [ -105.223006, 39.7307145 ], [ -105.2227914, 39.7294934 ], [ -105.2217776, 39.72958 ], [ -105.221343, 39.7294645 ], [ -105.2210292, 39.7291431 ], [ -105.2209146, 39.7291396 ], [ -105.2206081, 39.7293201 ], [ -105.220453, 39.7292082 ], [ -105.220328, 39.72912 ], [ -105.2202279, 39.7290607 ], [ -105.2201389, 39.7290199 ], [ -105.2200618, 39.7289942 ], [ -105.219889, 39.7289501 ], [ -105.2197101, 39.728912 ], [ -105.2200878, 39.7286435 ], [ -105.2206021, 39.7280387 ], [ -105.2207414, 39.7280855 ], [ -105.2208438, 39.7279452 ], [ -105.2209789, 39.7278132 ], [ -105.2210429, 39.7276795 ], [ -105.2210572, 39.7275811 ], [ -105.2210578, 39.7274483 ], [ -105.2210367, 39.727374 ], [ -105.2209196, 39.7272468 ], [ -105.2207635, 39.7271639 ], [ -105.2209015, 39.7269608 ], [ -105.2204181, 39.7269013 ], [ -105.2199751, 39.727315 ], [ -105.219723, 39.7275997 ], [ -105.2194977, 39.7279669 ], [ -105.2189439, 39.7282477 ], [ -105.2188972, 39.7280356 ], [ -105.2188592, 39.7279051 ], [ -105.2188201, 39.7278192 ], [ -105.218771, 39.7277522 ], [ -105.2186727, 39.7276551 ], [ -105.2185979, 39.7276019 ], [ -105.2185495, 39.7275687 ], [ -105.219327, 39.7271528 ], [ -105.2195554, 39.726667 ], [ -105.2201219, 39.726546 ], [ -105.2203506, 39.7264403 ], [ -105.2204364, 39.7259987 ], [ -105.2203572, 39.7258722 ], [ -105.2200896, 39.7257035 ], [ -105.2195937, 39.7256531 ], [ -105.2193759, 39.7255275 ], [ -105.2198643, 39.725536 ], [ -105.221386, 39.7255625 ], [ -105.2214116, 39.7259527 ], [ -105.221463, 39.7267376 ], [ -105.2215132, 39.7275025 ], [ -105.2215352, 39.7278381 ], [ -105.2217979, 39.7278326 ], [ -105.2222375, 39.7278235 ], [ -105.2237355, 39.7291177 ], [ -105.2236819, 39.7294193 ], [ -105.223679, 39.731317 ], [ -105.223652, 39.732895 ], [ -105.221779, 39.73289 ], [ -105.221844, 39.739987 ], [ -105.2195382, 39.7399859 ], [ -105.222143532051817, 39.743032530401997 ], [ -105.2221836, 39.7429922 ], [ -105.2222635, 39.7429487 ], [ -105.2223267, 39.7428987 ], [ -105.2222801, 39.7428155 ], [ -105.2223351, 39.7427438 ], [ -105.2223334, 39.7426785 ], [ -105.2223867, 39.7426363 ], [ -105.2223983, 39.7425851 ], [ -105.2223284, 39.7425697 ], [ -105.2222252, 39.7425774 ], [ -105.2221569, 39.7425633 ], [ -105.2221319, 39.7425185 ], [ -105.2220887, 39.7425185 ], [ -105.2220387, 39.7425646 ], [ -105.2219055, 39.7425876 ], [ -105.2219022, 39.7425595 ], [ -105.2219738, 39.7424929 ], [ -105.2220487, 39.7424622 ], [ -105.2221236, 39.7424379 ], [ -105.2221503, 39.7424007 ], [ -105.2221403, 39.7423406 ], [ -105.2220986, 39.7422714 ], [ -105.222107, 39.7422113 ], [ -105.2221652, 39.7421818 ], [ -105.2222402, 39.7421921 ], [ -105.2222934, 39.7422407 ], [ -105.22238, 39.7422625 ], [ -105.2224549, 39.742251 ], [ -105.2225398, 39.7422689 ], [ -105.2226164, 39.7422868 ], [ -105.2227363, 39.7422945 ], [ -105.2228312, 39.7422919 ], [ -105.2229827, 39.7422548 ], [ -105.2230859, 39.7422356 ], [ -105.2231858, 39.7422113 ], [ -105.2232391, 39.7422446 ], [ -105.2231808, 39.7423009 ], [ -105.2232208, 39.7423265 ], [ -105.2232724, 39.74237 ], [ -105.2233506, 39.7424238 ], [ -105.2234139, 39.7424379 ], [ -105.2234971, 39.7424507 ], [ -105.2235371, 39.7425416 ], [ -105.2235983, 39.7425842 ], [ -105.2236303, 39.7425838 ], [ -105.2237003, 39.7425748 ], [ -105.2237535, 39.7426299 ], [ -105.2237885, 39.7426888 ], [ -105.2238168, 39.7427451 ], [ -105.2238917, 39.7427605 ], [ -105.2238917, 39.742804 ], [ -105.2238251, 39.7428194 ], [ -105.2238168, 39.7428552 ], [ -105.2238384, 39.7429256 ], [ -105.2238251, 39.7429743 ], [ -105.2237918, 39.7430037 ], [ -105.2238135, 39.7430639 ], [ -105.2238285, 39.7431228 ], [ -105.2238151, 39.7432175 ], [ -105.2237968, 39.7432917 ], [ -105.2237619, 39.7433327 ], [ -105.2237169, 39.743293 ], [ -105.2236945, 39.7432138 ], [ -105.2236208, 39.7429994 ], [ -105.2235508, 39.742914 ], [ -105.223542, 39.7428774 ], [ -105.2232451, 39.742552 ], [ -105.2231583, 39.7425993 ], [ -105.2231286, 39.7425641 ], [ -105.2231243, 39.742559 ], [ -105.2230246, 39.7426128 ], [ -105.2229561, 39.7425992 ], [ -105.2228795, 39.7426107 ], [ -105.2228295, 39.7426504 ], [ -105.2227596, 39.7426901 ], [ -105.222698, 39.7427438 ], [ -105.2226431, 39.7427899 ], [ -105.2225689, 39.7428555 ], [ -105.2225865, 39.7429192 ], [ -105.2225265, 39.7429384 ], [ -105.2224966, 39.7429551 ], [ -105.2225249, 39.7429922 ], [ -105.2225748, 39.7430306 ], [ -105.2225598, 39.7431957 ], [ -105.2225149, 39.7432546 ], [ -105.2224233, 39.7432828 ], [ -105.222361516609553, 39.743287437787146 ], [ -105.2224836, 39.7434302 ], [ -105.222818373616192, 39.74371248031909 ], [ -105.2228168, 39.7436901 ], [ -105.2228024, 39.7436638 ], [ -105.2228294, 39.7436389 ], [ -105.2228546, 39.7435974 ], [ -105.2228312, 39.7435531 ], [ -105.2228402, 39.743513 ], [ -105.2229266, 39.743513 ], [ -105.222959, 39.7435061 ], [ -105.2230323, 39.7435328 ], [ -105.2230969, 39.7435215 ], [ -105.2231479, 39.7434051 ], [ -105.2231821, 39.7433982 ], [ -105.2232234, 39.7433788 ], [ -105.2232486, 39.7433387 ], [ -105.2232936, 39.7433249 ], [ -105.2233152, 39.7433304 ], [ -105.2233692, 39.7433553 ], [ -105.223425, 39.7433415 ], [ -105.2234574, 39.7433221 ], [ -105.2235149, 39.7432944 ], [ -105.2235761, 39.7432737 ], [ -105.2235941, 39.7432958 ], [ -105.2236391, 39.7433221 ], [ -105.2236661, 39.7433581 ], [ -105.2236787, 39.7433927 ], [ -105.2237254, 39.7434466 ], [ -105.2237524, 39.7435033 ], [ -105.2237668, 39.7435711 ], [ -105.223765, 39.7436182 ], [ -105.2237722, 39.7436694 ], [ -105.223801, 39.743751 ], [ -105.2238154, 39.7437925 ], [ -105.2238226, 39.7438271 ], [ -105.2238262, 39.7438644 ], [ -105.2238568, 39.7439128 ], [ -105.2238941, 39.743974 ], [ -105.2237124, 39.7440466 ], [ -105.2238223, 39.7442097 ], [ -105.224062, 39.7441143 ], [ -105.2240979, 39.7441314 ], [ -105.2241339, 39.7441563 ], [ -105.2241717, 39.7441895 ], [ -105.2241609, 39.7442214 ], [ -105.2241717, 39.7442767 ], [ -105.2242041, 39.7442933 ], [ -105.2242868, 39.7443542 ], [ -105.2242059, 39.7443777 ], [ -105.2241609, 39.7443722 ], [ -105.2240817, 39.7443556 ], [ -105.2240079, 39.7443307 ], [ -105.2239648, 39.7443597 ], [ -105.223936, 39.7444358 ], [ -105.2239594, 39.7444662 ], [ -105.2240353, 39.7444969 ], [ -105.2239234, 39.7445022 ], [ -105.2238965, 39.7445375 ], [ -105.2237704, 39.7445534 ], [ -105.223726764550804, 39.744556578741332 ], [ -105.2237495, 39.7445806 ], [ -105.2242132, 39.7450619 ], [ -105.2244936, 39.7449201 ], [ -105.2245123, 39.7449428 ], [ -105.2244693, 39.7449718 ], [ -105.2244144, 39.7450206 ], [ -105.224401, 39.7450368 ], [ -105.2243734, 39.7450702 ], [ -105.2243372, 39.7451356 ], [ -105.2243094, 39.7451881 ], [ -105.2242659, 39.7452373 ], [ -105.2242291, 39.7452656 ], [ -105.2241627, 39.7453041 ], [ -105.2241265, 39.745318 ], [ -105.2240601, 39.7453264 ], [ -105.2240101, 39.7453254 ], [ -105.223972, 39.7453045 ], [ -105.2239491, 39.7452851 ], [ -105.2239292, 39.7452498 ], [ -105.2239195, 39.7451997 ], [ -105.2239256, 39.7451236 ], [ -105.2239322, 39.7450614 ], [ -105.2239298, 39.7449472 ], [ -105.2238682, 39.7448196 ], [ -105.2233353, 39.7443584 ], [ -105.2230668, 39.7441435 ], [ -105.222753, 39.7438837 ], [ -105.2224953, 39.7436693 ], [ -105.2223323, 39.7435162 ], [ -105.2221857, 39.74337 ], [ -105.2220239, 39.7431862 ], [ -105.22182, 39.7429654 ], [ -105.2216347, 39.7427528 ], [ -105.2214398, 39.7425282 ], [ -105.2211978, 39.7422517 ], [ -105.2209358, 39.7419574 ], [ -105.2204349, 39.7414284 ], [ -105.2202666, 39.7412219 ], [ -105.2199026, 39.7408233 ], [ -105.2196504, 39.740517 ], [ -105.2193897, 39.7402237 ], [ -105.2191994, 39.7399998 ], [ -105.2191949, 39.7400009 ], [ -105.2181817, 39.7388469 ], [ -105.2169487, 39.7374122 ], [ -105.2143512, 39.7344012 ], [ -105.2129147, 39.7327552 ], [ -105.2122297, 39.7319708 ], [ -105.211783, 39.7314764 ], [ -105.2112841, 39.7310355 ], [ -105.2109242, 39.7307664 ], [ -105.2106967, 39.730604 ], [ -105.2102928, 39.7303585 ] ], [ [ -105.2171601, 39.7373147 ], [ -105.2172174, 39.7372873 ], [ -105.2169487, 39.7374122 ], [ -105.2171601, 39.7373147 ] ], [ [ -105.223463157287824, 39.744278063098456 ], [ -105.2234933, 39.744238 ], [ -105.2235077, 39.7442117 ], [ -105.2235689, 39.7441799 ], [ -105.2235653, 39.7441301 ], [ -105.2234628, 39.7441038 ], [ -105.2234664, 39.7440553 ], [ -105.2235239, 39.7440277 ], [ -105.2235203, 39.7439986 ], [ -105.2234969, 39.7439571 ], [ -105.223434, 39.7439502 ], [ -105.223398, 39.7439765 ], [ -105.2232702, 39.7440042 ], [ -105.2232324, 39.7439806 ], [ -105.223227, 39.7439308 ], [ -105.2231893, 39.7438976 ], [ -105.2231533, 39.7439087 ], [ -105.2231281, 39.7439295 ], [ -105.223095507083798, 39.743946158601617 ], [ -105.2233605, 39.7441696 ], [ -105.223463157287824, 39.744278063098456 ] ] ] } },
{ "type": "Feature", "properties": { "name": "", "landuse": "", "leisure": "", "natural": "grassland", "boundary": "", "amenity": "", "type": "District System", "district_system_type": "Central Hot Water" }, "geometry": { "type": "Polygon", "coordinates": [ [ [ -105.2059715, 39.7318172 ], [ -105.2059933, 39.7318447 ], [ -105.2060278, 39.7318233 ], [ -105.2060553, 39.7317982 ], [ -105.2060766, 39.7317505 ], [ -105.2060743, 39.7316953 ], [ -105.2060588, 39.7316617 ], [ -105.2060088, 39.7316229 ], [ -105.205921, 39.7315743 ], [ -105.2057528, 39.7314953 ], [ -105.2057206, 39.7314714 ], [ -105.2056902, 39.7314255 ], [ -105.205681, 39.7313831 ], [ -105.2056919, 39.7313253 ], [ -105.2057154, 39.7312975 ], [ -105.205751, 39.7312547 ], [ -105.2055438, 39.7311403 ], [ -105.2054462, 39.731075 ], [ -105.2053968, 39.7310396 ], [ -105.2053302, 39.7309844 ], [ -105.2053061, 39.7309893 ], [ -105.2052636, 39.731018 ], [ -105.2051597, 39.731105 ], [ -105.2051017, 39.7311588 ], [ -105.2050391, 39.7312277 ], [ -105.2049748, 39.7313103 ], [ -105.2047871, 39.7315832 ], [ -105.2046017, 39.7318489 ], [ -105.2046011, 39.7318693 ], [ -105.2046085, 39.7318891 ], [ -105.2046275, 39.7319081 ], [ -105.2046679, 39.7319336 ], [ -105.2047023, 39.731935 ], [ -105.2047275, 39.7319262 ], [ -105.2047924, 39.7318779 ], [ -105.2047448, 39.7318357 ], [ -105.2048698, 39.7317508 ], [ -105.2050176, 39.7316537 ], [ -105.2051105, 39.7316089 ], [ -105.2051782, 39.7315906 ], [ -105.2052223, 39.7315787 ], [ -105.2053437, 39.7315581 ], [ -105.2053521, 39.7316078 ], [ -105.2055126, 39.7316069 ], [ -105.2055241, 39.7315634 ], [ -105.2055577, 39.7315707 ], [ -105.2055904, 39.7315779 ], [ -105.2056242, 39.7315858 ], [ -105.2057231, 39.731607 ], [ -105.2058144, 39.7316467 ], [ -105.2058753, 39.7316731 ], [ -105.2059267, 39.731707 ], [ -105.2060216, 39.7317861 ], [ -105.2059715, 39.7318172 ] ] ] } },
{ "type": "Feature", "properties": { "name": "", "landuse": "", "leisure": "", "natural": "grassland", "boundary": "", "amenity": "", "type": "District System", "district_system_type": "Central Hot Water" }, "geometry": { "type": "Polygon", "coordinates": [ [ [ -105.2063279, 39.731651 ], [ -105.2062782, 39.731651 ], [ -105.2061431, 39.7316504 ], [ -105.2060822, 39.7316702 ], [ -105.2060695, 39.7316534 ], [ -105.2060248, 39.731616 ], [ -105.2059097, 39.7315535 ], [ -105.2058712, 39.7315355 ], [ -105.2057749, 39.7314905 ], [ -105.2057379, 39.7314626 ], [ -105.2057106, 39.7314274 ], [ -105.2057013, 39.7313998 ], [ -105.2056978, 39.731364 ], [ -105.2057109, 39.7313264 ], [ -105.2057649, 39.7312618 ], [ -105.2059212, 39.7313296 ], [ -105.2061735, 39.7314143 ], [ -105.2062867, 39.7314448 ], [ -105.2062998, 39.7314605 ], [ -105.2063325, 39.731542 ], [ -105.2063279, 39.731651 ] ] ] } },
{ "type": "Feature", "properties": { "name": "", "landuse": "", "leisure": "", "natural": "wood; grassland", "boundary": "", "amenity": "", "type": "District System", "district_system_type": "Central Hot Water" }, "geometry": { "type": "Polygon", "coordinates": [ [ [ -105.2354498, 39.7734567 ], [ -105.2354003, 39.7734912 ], [ -105.2353569, 39.7734958 ], [ -105.2353037, 39.7734918 ], [ -105.2352625, 39.7734759 ], [ -105.2352349, 39.7734579 ], [ -105.235115, 39.7733577 ], [ -105.2350902, 39.7733298 ], [ -105.2350772, 39.7733056 ], [ -105.2350678, 39.7732523 ], [ -105.2350556, 39.7731333 ], [ -105.2350245, 39.7729075 ], [ -105.2350036, 39.7728149 ], [ -105.2350085, 39.7726665 ], [ -105.2349505, 39.7725806 ], [ -105.2349357, 39.7725466 ], [ -105.2349384, 39.7725314 ], [ -105.2350328, 39.7724659 ], [ -105.2351646, 39.7723777 ], [ -105.2352296, 39.7723152 ], [ -105.2352643, 39.7722622 ], [ -105.2356953, 39.7723619 ], [ -105.2357332, 39.7722027 ], [ -105.2358467, 39.7718983 ], [ -105.235923, 39.7715906 ], [ -105.2359641, 39.7712985 ], [ -105.235976, 39.7709884 ], [ -105.2359474, 39.7705685 ], [ -105.2356244, 39.7697979 ], [ -105.2355318, 39.7696115 ], [ -105.2353736, 39.7693936 ], [ -105.2350658, 39.7690777 ], [ -105.2348237, 39.7688445 ], [ -105.2354333, 39.7688254 ], [ -105.2355649, 39.7687642 ], [ -105.2352267, 39.7680812 ], [ -105.2351402, 39.7679055 ], [ -105.2352044, 39.7678968 ], [ -105.2353179, 39.7678918 ], [ -105.2356145, 39.7685286 ], [ -105.2359162, 39.7691335 ], [ -105.2360736, 39.7694427 ], [ -105.2362456, 39.7699053 ], [ -105.2363622, 39.7703848 ], [ -105.2364088, 39.7707634 ], [ -105.236403, 39.7712731 ], [ -105.2363316, 39.77171 ], [ -105.2361654, 39.7722129 ], [ -105.2358972, 39.772773 ], [ -105.2356713, 39.7731606 ], [ -105.2356082, 39.7732615 ], [ -105.2355543, 39.7733383 ], [ -105.2355132, 39.7733993 ], [ -105.2354848, 39.7734261 ], [ -105.2354498, 39.7734567 ] ] ] } },
{ "type": "Feature", "properties": { "name": "", "landuse": "", "leisure": "", "natural": "grassland", "boundary": "", "amenity": "", "type": "District System", "district_system_type": "Central Hot Water" }, "geometry": { "type": "Polygon", "coordinates": [ [ [ -105.235199, 39.773693 ], [ -105.2351518, 39.7736821 ], [ -105.2351323, 39.7737039 ], [ -105.2350986, 39.7736936 ], [ -105.2350731, 39.7736988 ], [ -105.2350491, 39.7737109 ], [ -105.2349989, 39.7737632 ], [ -105.2348836, 39.7738675 ], [ -105.2345217, 39.7742153 ], [ -105.2343494, 39.7743966 ], [ -105.2342527, 39.7745089 ], [ -105.2340347, 39.7747819 ], [ -105.233804, 39.7750726 ], [ -105.2337253, 39.7751711 ], [ -105.233695, 39.7752145 ], [ -105.233683, 39.7752591 ], [ -105.2337084, 39.7753796 ], [ -105.2338047, 39.7752417 ], [ -105.2338409, 39.7752426 ], [ -105.2340592, 39.7749723 ], [ -105.2345949, 39.7743958 ], [ -105.2350307, 39.7739576 ], [ -105.2351736, 39.7737895 ], [ -105.2352, 39.773733 ], [ -105.235199, 39.773693 ] ] ] } },
{ "type": "Feature", "properties": { "name": "", "landuse": "", "leisure": "", "natural": "grassland", "boundary": "", "amenity": "", "type": "District System", "district_system_type": "Central Hot Water" }, "geometry": { "type": "Polygon", "coordinates": [ [ [ -105.2342129, 39.7744886 ], [ -105.2342183, 39.7744964 ], [ -105.2339582, 39.774822 ], [ -105.2337642, 39.7750691 ], [ -105.233678, 39.7751773 ], [ -105.2336505, 39.7752302 ], [ -105.2336488, 39.7752734 ], [ -105.2336562, 39.7753092 ], [ -105.2336671, 39.7753467 ], [ -105.2336717, 39.7753771 ], [ -105.233666, 39.7754358 ], [ -105.2336544, 39.7754662 ], [ -105.2336127, 39.7749041 ], [ -105.233812, 39.7748912 ], [ -105.2342129, 39.7744886 ] ] ] } },
{ "type": "Feature", "properties": { "name": "; Lookout Pointe Park", "landuse": "", "leisure": "park", "natural": "scrub; wood", "boundary": "", "amenity": "", "type": "District System", "district_system_type": "Central Hot Water" }, "geometry": { "type": "Polygon", "coordinates": [ [ [ -105.2266678, 39.7476742 ], [ -105.2267954, 39.7477481 ], [ -105.2266207, 39.7479356 ], [ -105.2265852, 39.7479743 ], [ -105.2267688, 39.7480824 ], [ -105.2273136, 39.748322 ], [ -105.2287898, 39.7487683 ], [ -105.2289199, 39.748791 ], [ -105.228989, 39.748516 ], [ -105.2290741, 39.7485235 ], [ -105.2291534, 39.7485264 ], [ -105.229224, 39.7485227 ], [ -105.2292751, 39.7485151 ], [ -105.2293175, 39.7485058 ], [ -105.2293643, 39.7484931 ], [ -105.229664, 39.7488131 ], [ -105.22995, 39.7486149 ], [ -105.2300436, 39.748441 ], [ -105.2300902, 39.7483006 ], [ -105.230182, 39.7480726 ], [ -105.2302046, 39.7477342 ], [ -105.2304115, 39.7476445 ], [ -105.2308924, 39.747213 ], [ -105.2310717, 39.7471947 ], [ -105.231660422578273, 39.748802653969655 ], [ -105.2317814, 39.7487938 ], [ -105.2317425, 39.7488685 ], [ -105.231691110906027, 39.748886471747753 ], [ -105.231696707290041, 39.748901756923217 ], [ -105.2317166, 39.7489083 ], [ -105.2318429, 39.7489208 ], [ -105.231966, 39.7489083 ], [ -105.2320826, 39.7488983 ], [ -105.2321797, 39.7489232 ], [ -105.2322899, 39.7489905 ], [ -105.2323741, 39.7490129 ], [ -105.2324518, 39.7490976 ], [ -105.2323805, 39.7492021 ], [ -105.2323449, 39.7491673 ], [ -105.2322963, 39.7491 ], [ -105.2322056, 39.7490876 ], [ -105.2321473, 39.7490154 ], [ -105.2320664, 39.748988 ], [ -105.2320534, 39.7490204 ], [ -105.2319984, 39.7490876 ], [ -105.231898, 39.7491175 ], [ -105.2318202, 39.7491648 ], [ -105.2318073, 39.7491996 ], [ -105.231806725162613, 39.749202244251975 ], [ -105.2318174, 39.7492314 ], [ -105.2318365, 39.7492556 ], [ -105.2318982, 39.7493062 ], [ -105.231944, 39.7493354 ], [ -105.2319819, 39.7493581 ], [ -105.2320158, 39.7493913 ], [ -105.2320507, 39.7494212 ], [ -105.232092, 39.74945 ], [ -105.2321184, 39.7494639 ], [ -105.2321471, 39.7494734 ], [ -105.2321797, 39.7494803 ], [ -105.2323676, 39.7494977 ], [ -105.2324025, 39.7495482 ], [ -105.2324286, 39.7495745 ], [ -105.2324603, 39.7495993 ], [ -105.2325047, 39.7496238 ], [ -105.2325419, 39.7496426 ], [ -105.2325983, 39.749678 ], [ -105.2326294, 39.7497073 ], [ -105.2326499, 39.7497271 ], [ -105.2327082, 39.7498055 ], [ -105.2327451, 39.7498601 ], [ -105.2327599, 39.7498916 ], [ -105.2327659, 39.7499107 ], [ -105.2327699, 39.7499308 ], [ -105.232776, 39.7499767 ], [ -105.2327766, 39.7500122 ], [ -105.2327766, 39.7500375 ], [ -105.2327807, 39.7500664 ], [ -105.2327867, 39.750103 ], [ -105.2328081, 39.7501566 ], [ -105.2328256, 39.7501942 ], [ -105.2328759, 39.7502658 ], [ -105.2328987, 39.7502896 ], [ -105.2329303, 39.7503147 ], [ -105.232963, 39.7503334 ], [ -105.2329899, 39.7503452 ], [ -105.2330153, 39.7503529 ], [ -105.2330514, 39.7503611 ], [ -105.2330891, 39.7503654 ], [ -105.2331372, 39.7503647 ], [ -105.2331749, 39.75036 ], [ -105.2332125, 39.7503519 ], [ -105.2332384, 39.7503433 ], [ -105.2332621, 39.7503334 ], [ -105.2332836, 39.7503195 ], [ -105.2333064, 39.7503025 ], [ -105.2334425, 39.7501585 ], [ -105.2334538, 39.7501784 ], [ -105.2334552, 39.7502426 ], [ -105.2334552, 39.7502721 ], [ -105.2334559, 39.7502994 ], [ -105.2334633, 39.7503293 ], [ -105.2334539, 39.7503494 ], [ -105.2334452, 39.750385 ], [ -105.2334324, 39.7504221 ], [ -105.2334264, 39.7504479 ], [ -105.2334197, 39.7505386 ], [ -105.2333634, 39.7505711 ], [ -105.2333137, 39.7505479 ], [ -105.233293, 39.7505407 ], [ -105.2332762, 39.750535 ], [ -105.2332581, 39.7505309 ], [ -105.233236, 39.7505267 ], [ -105.2332179, 39.7505226 ], [ -105.2331823, 39.7505195 ], [ -105.2331106, 39.7504958 ], [ -105.2330683, 39.7504824 ], [ -105.2330355, 39.7504747 ], [ -105.2329979, 39.7504695 ], [ -105.2329704, 39.750468 ], [ -105.2327632, 39.7504303 ], [ -105.2327116, 39.7504107 ], [ -105.2326968, 39.7504056 ], [ -105.2326727, 39.7503984 ], [ -105.2325607, 39.7503783 ], [ -105.2325352, 39.7503757 ], [ -105.2324937, 39.7503752 ], [ -105.2324467, 39.7503767 ], [ -105.2324092, 39.7503808 ], [ -105.2323515, 39.7503922 ], [ -105.2323247, 39.7503984 ], [ -105.2322898, 39.7504102 ], [ -105.2322643, 39.750423 ], [ -105.2322422, 39.7504386 ], [ -105.2322241, 39.7504571 ], [ -105.232216, 39.7504644 ], [ -105.2327169, 39.7505674 ], [ -105.2332507, 39.7507964 ], [ -105.2340095, 39.751079 ], [ -105.2357354, 39.752049 ], [ -105.2357303, 39.7517496 ], [ -105.2357145, 39.7508303 ], [ -105.2394067, 39.7507968 ], [ -105.238369, 39.7515606 ], [ -105.238422, 39.7523869 ], [ -105.238053, 39.7523689 ], [ -105.238076, 39.7521561 ], [ -105.237497, 39.7520684 ], [ -105.237021, 39.7519774 ], [ -105.236715, 39.7519644 ], [ -105.235935, 39.7521756 ], [ -105.235939, 39.7522877 ], [ -105.236227, 39.7524599 ], [ -105.236442, 39.7524778 ], [ -105.237195, 39.7524631 ], [ -105.237875, 39.7525119 ], [ -105.237856, 39.7526513 ], [ -105.2373079, 39.7525934 ], [ -105.2367343, 39.7525503 ], [ -105.2364368, 39.7525326 ], [ -105.236282, 39.7525273 ], [ -105.235979, 39.7525492 ], [ -105.2358274, 39.7525724 ], [ -105.2357138, 39.7525912 ], [ -105.2356362, 39.752642 ], [ -105.2355883, 39.7526576 ], [ -105.2355233, 39.7525893 ], [ -105.2355465, 39.7525808 ], [ -105.2355781, 39.7525314 ], [ -105.2355713, 39.7525169 ], [ -105.2353496, 39.7523097 ], [ -105.2351382, 39.7521378 ], [ -105.2349162, 39.7519936 ], [ -105.2348499, 39.7519779 ], [ -105.2347006, 39.7519005 ], [ -105.2343051, 39.7516013 ], [ -105.2337999, 39.7512688 ], [ -105.233213, 39.7509774 ], [ -105.2326861, 39.7507911 ], [ -105.2323314, 39.750692 ], [ -105.2321235, 39.750643 ], [ -105.2316399, 39.7505615 ], [ -105.2314996, 39.7505409 ], [ -105.2314545, 39.750525 ], [ -105.2313892, 39.7505078 ], [ -105.231358, 39.750491 ], [ -105.2313518, 39.7504624 ], [ -105.2306553, 39.7504321 ], [ -105.230676, 39.7504836 ], [ -105.2306779, 39.7505267 ], [ -105.229828, 39.7504813 ], [ -105.229827, 39.7504375 ], [ -105.2298081, 39.7504252 ], [ -105.2297149, 39.7504012 ], [ -105.2294985, 39.7503754 ], [ -105.2292426, 39.750336 ], [ -105.2292368, 39.7503566 ], [ -105.2288541, 39.7502885 ], [ -105.2288236, 39.7502877 ], [ -105.2287784, 39.7503012 ], [ -105.2287615, 39.7503127 ], [ -105.2281978, 39.7500829 ], [ -105.2279783, 39.7499671 ], [ -105.2277525, 39.7498053 ], [ -105.2276083, 39.7497003 ], [ -105.2276096, 39.7496542 ], [ -105.2276543, 39.7495993 ], [ -105.2276823, 39.7495591 ], [ -105.2276517, 39.7495306 ], [ -105.2275254, 39.7494698 ], [ -105.2274144, 39.749406 ], [ -105.2272039, 39.7491951 ], [ -105.2267299, 39.7486568 ], [ -105.226307, 39.7481576 ], [ -105.226056, 39.7478686 ], [ -105.225945, 39.7477253 ], [ -105.2258048, 39.747523 ], [ -105.2256086, 39.7472483 ], [ -105.2253342, 39.7468662 ], [ -105.2251491, 39.7466097 ], [ -105.2250371, 39.7464495 ], [ -105.2248474, 39.746137 ], [ -105.2248049, 39.746041 ], [ -105.2246408, 39.7457157 ], [ -105.224605, 39.7456518 ], [ -105.2245739, 39.7456075 ], [ -105.2244603, 39.7455119 ], [ -105.2244333, 39.7455039 ], [ -105.2244155, 39.7454854 ], [ -105.2243541, 39.7454077 ], [ -105.2243363, 39.7453728 ], [ -105.2243317, 39.7453529 ], [ -105.2243478, 39.745319 ], [ -105.2243914, 39.7452792 ], [ -105.2244333, 39.745228 ], [ -105.2244586, 39.7451737 ], [ -105.2244718, 39.7451605 ], [ -105.2244965, 39.7451406 ], [ -105.2245148, 39.7451366 ], [ -105.2245625, 39.7451419 ], [ -105.224574, 39.7451481 ], [ -105.2245849, 39.7451596 ], [ -105.2247709, 39.7453591 ], [ -105.2256312, 39.7462815 ], [ -105.2257022, 39.7463944 ], [ -105.2257514, 39.7465051 ], [ -105.2258947, 39.7469709 ], [ -105.2259119, 39.7470282 ], [ -105.2259403, 39.7470883 ], [ -105.225989, 39.7471794 ], [ -105.2260521, 39.7472604 ], [ -105.2261217, 39.7473321 ], [ -105.2262757, 39.74745 ], [ -105.2263561, 39.7474971 ], [ -105.2266678, 39.7476742 ] ] ] } },
{ "type": "Feature", "properties": { "name": "", "landuse": "", "leisure": "", "natural": "scrub", "boundary": "", "amenity": "", "type": "District System", "district_system_type": "Central Hot Water" }, "geometry": { "type": "Polygon", "coordinates": [ [ [ -105.2025007, 39.7685173 ], [ -105.2017649, 39.7687906 ], [ -105.2013867, 39.7688996 ], [ -105.2005317, 39.7691176 ], [ -105.2004536, 39.7692993 ], [ -105.2010476, 39.7693736 ], [ -105.2015861, 39.7694115 ], [ -105.201991, 39.7694099 ], [ -105.2026158, 39.7693831 ], [ -105.2032612, 39.7692914 ], [ -105.2039128, 39.7691682 ], [ -105.204476, 39.7690055 ], [ -105.2050227, 39.7687985 ], [ -105.2058223, 39.7684415 ], [ -105.2067575, 39.7679912 ], [ -105.2076536, 39.767533 ], [ -105.2085025, 39.7671207 ], [ -105.2097728, 39.7665061 ], [ -105.2110841, 39.765841 ], [ -105.2123276, 39.7651711 ], [ -105.2139226, 39.7643669 ], [ -105.2152216, 39.7637618 ], [ -105.2167714, 39.7630508 ], [ -105.2185391, 39.7622165 ], [ -105.2194393, 39.7618168 ], [ -105.2197661, 39.7616967 ], [ -105.2202718, 39.7615403 ], [ -105.220839, 39.7614234 ], [ -105.2220106, 39.7613697 ], [ -105.2224823, 39.7613727 ], [ -105.2227019, 39.761358 ], [ -105.2228939, 39.7613454 ], [ -105.223119, 39.7613135 ], [ -105.2231484, 39.7613083 ], [ -105.2231432, 39.7611888 ], [ -105.2231351, 39.7611209 ], [ -105.223105, 39.7610586 ], [ -105.2230595, 39.7609813 ], [ -105.2230265, 39.7609333 ], [ -105.2229589, 39.7608601 ], [ -105.222859, 39.7607674 ], [ -105.2226206, 39.7605582 ], [ -105.2225556, 39.7604815 ], [ -105.2225253, 39.7604935 ], [ -105.2220883, 39.7605937 ], [ -105.2213436, 39.7607514 ], [ -105.2210636, 39.7608043 ], [ -105.2202887, 39.7611624 ], [ -105.2193581, 39.7615354 ], [ -105.2181378, 39.7620272 ], [ -105.2155133, 39.7631854 ], [ -105.2145389, 39.7634814 ], [ -105.2138181, 39.7635446 ], [ -105.212637, 39.7638893 ], [ -105.210606, 39.7649578 ], [ -105.2088826, 39.7658999 ], [ -105.2082604, 39.7662031 ], [ -105.2063327, 39.7670892 ], [ -105.2055015, 39.7674646 ], [ -105.2033367, 39.7682136 ], [ -105.2025007, 39.7685173 ] ] ] } },
{ "type": "Feature", "properties": { "name": "", "landuse": "", "leisure": "", "natural": "scrub", "boundary": "", "amenity": "", "type": "District System", "district_system_type": "Central Hot Water" }, "geometry": { "type": "Polygon", "coordinates": [ [ [ -105.1834165, 39.7249661 ], [ -105.1834688, 39.7249359 ], [ -105.1836317, 39.724972 ], [ -105.1837068, 39.7248901 ], [ -105.1838085, 39.7247503 ], [ -105.1839286, 39.7245642 ], [ -105.1840395, 39.7243557 ], [ -105.1843154, 39.723793 ], [ -105.1844432, 39.7235215 ], [ -105.184779, 39.7228023 ], [ -105.1850522, 39.7222368 ], [ -105.1851766, 39.721993 ], [ -105.1852565, 39.7218774 ], [ -105.1854161, 39.7216914 ], [ -105.1853973, 39.7216823 ], [ -105.1851479, 39.7218439 ], [ -105.1835005, 39.7229233 ], [ -105.1822194, 39.7237451 ], [ -105.1815361, 39.7241891 ], [ -105.1805531, 39.7248276 ], [ -105.1802152, 39.7250437 ], [ -105.1803552, 39.7250521 ], [ -105.1803949, 39.7250536 ], [ -105.1812059, 39.7250912 ], [ -105.1813431, 39.7250912 ], [ -105.1814488, 39.7250935 ], [ -105.1826461, 39.7250935 ], [ -105.1831909, 39.7250943 ], [ -105.183261, 39.7250935 ], [ -105.1834165, 39.7249661 ] ] ] } },
{ "type": "Feature", "properties": { "name": "", "landuse": "", "leisure": "", "natural": "scrub", "boundary": "", "amenity": "", "type": "District System", "district_system_type": "Central Hot Water" }, "geometry": { "type": "Polygon", "coordinates": [ [ [ -105.1995911, 39.7247389 ], [ -105.1996053, 39.7246956 ], [ -105.1999075, 39.7248497 ], [ -105.2001941, 39.7249283 ], [ -105.2004497, 39.7250002 ], [ -105.2005875, 39.7250209 ], [ -105.2008893, 39.7250897 ], [ -105.2010326, 39.7251276 ], [ -105.2012984, 39.7252175 ], [ -105.2014219, 39.7252867 ], [ -105.2015644, 39.7253429 ], [ -105.2025458, 39.7253893 ], [ -105.20282, 39.7258371 ], [ -105.2029042, 39.7260228 ], [ -105.2030586, 39.7263183 ], [ -105.2031562, 39.726477 ], [ -105.2032949, 39.726666 ], [ -105.2034634, 39.7268392 ], [ -105.2035437, 39.7268901 ], [ -105.2036099, 39.7269192 ], [ -105.2037185, 39.7269265 ], [ -105.2038131, 39.7269107 ], [ -105.2038819, 39.7269678 ], [ -105.2042507, 39.7272646 ], [ -105.2044046, 39.727388 ], [ -105.2044393, 39.7274155 ], [ -105.2048344, 39.7277234 ], [ -105.2052007, 39.7280082 ], [ -105.2053503, 39.7277005 ], [ -105.2056769, 39.7278117 ], [ -105.2054535, 39.7282565 ], [ -105.2056199, 39.7284568 ], [ -105.206109, 39.7288981 ], [ -105.2064023, 39.7289751 ], [ -105.2082124, 39.7293964 ], [ -105.2087187, 39.7295141 ], [ -105.2092241, 39.7295955 ], [ -105.2092308, 39.7296692 ], [ -105.2092156, 39.7297059 ], [ -105.2091548, 39.7297477 ], [ -105.2091613, 39.7297736 ], [ -105.2090624, 39.7297957 ], [ -105.2089929, 39.7297916 ], [ -105.2086589, 39.7297063 ], [ -105.2079562, 39.7295487 ], [ -105.2073465, 39.7294266 ], [ -105.2065935, 39.7292753 ], [ -105.2060794, 39.7291389 ], [ -105.2057766, 39.7290368 ], [ -105.2055086, 39.7289316 ], [ -105.2051612, 39.7287653 ], [ -105.2047052, 39.7285059 ], [ -105.2042783, 39.7281849 ], [ -105.2039665, 39.7278978 ], [ -105.203516, 39.727423 ], [ -105.203138, 39.7270232 ], [ -105.2027328, 39.726593 ], [ -105.2025695, 39.7264265 ], [ -105.2023885, 39.726244 ], [ -105.2021998, 39.7260811 ], [ -105.2019957, 39.7259194 ], [ -105.2018074, 39.7257909 ], [ -105.201707, 39.7257316 ], [ -105.2015307, 39.7256257 ], [ -105.2013871, 39.7255529 ], [ -105.2007566, 39.7252656 ], [ -105.1999954, 39.7249342 ], [ -105.1997654, 39.7248274 ], [ -105.1995911, 39.7247389 ] ] ] } },
{ "type": "Feature", "properties": { "name": "", "landuse": "", "leisure": "", "natural": "scrub", "boundary": "", "amenity": "", "type": "District System", "district_system_type": "Central Hot Water" }, "geometry": { "type": "Polygon", "coordinates": [ [ [ -105.1999077, 39.7295393 ], [ -105.199881, 39.7295283 ], [ -105.1998599, 39.7295531 ], [ -105.1998376, 39.7295641 ], [ -105.1998016, 39.7295784 ], [ -105.19977, 39.7295846 ], [ -105.1995962, 39.7295927 ], [ -105.1991632, 39.729609 ], [ -105.1989336, 39.7296123 ], [ -105.198848, 39.7296113 ], [ -105.1987518, 39.7296085 ], [ -105.1987251, 39.729598 ], [ -105.198691, 39.7295741 ], [ -105.198673, 39.7295913 ], [ -105.198655, 39.7295698 ], [ -105.1986395, 39.729535 ], [ -105.1986389, 39.729462 ], [ -105.1986389, 39.7291986 ], [ -105.1986345, 39.7288612 ], [ -105.1986339, 39.7286622 ], [ -105.198632, 39.7283907 ], [ -105.1986296, 39.7281645 ], [ -105.1986283, 39.7279722 ], [ -105.1986302, 39.7277498 ], [ -105.1986358, 39.7275472 ], [ -105.1986414, 39.7273945 ], [ -105.1986625, 39.727048 ], [ -105.1986699, 39.727028 ], [ -105.1987295, 39.7270251 ], [ -105.1987462, 39.7270184 ], [ -105.1988114, 39.7270193 ], [ -105.1988901, 39.727034 ], [ -105.1989517, 39.7270493 ], [ -105.1990155, 39.7270738 ], [ -105.1990531, 39.7270962 ], [ -105.1990892, 39.7271305 ], [ -105.1991091, 39.7271731 ], [ -105.1991148, 39.7272172 ], [ -105.1991133, 39.7272625 ], [ -105.1990772, 39.7274156 ], [ -105.199107, 39.7274244 ], [ -105.1990495, 39.7275628 ], [ -105.1990254, 39.7276402 ], [ -105.1989936, 39.7277825 ], [ -105.1989762, 39.7279218 ], [ -105.1989747, 39.7280599 ], [ -105.1989812, 39.7281563 ], [ -105.1990034, 39.7282822 ], [ -105.1990266, 39.7283889 ], [ -105.1990839, 39.7285497 ], [ -105.1991496, 39.7286905 ], [ -105.1992374, 39.7288285 ], [ -105.1993216, 39.7289224 ], [ -105.1994196, 39.7289978 ], [ -105.1995528, 39.7290725 ], [ -105.1996352, 39.7291237 ], [ -105.1997119, 39.7291778 ], [ -105.1997804, 39.729244 ], [ -105.1998303, 39.7292952 ], [ -105.1998729, 39.7293556 ], [ -105.19992, 39.7294268 ], [ -105.1999284, 39.7294631 ], [ -105.1999302, 39.7294929 ], [ -105.1999247, 39.7295079 ], [ -105.1999077, 39.7295393 ] ] ] } },
{ "type": "Feature", "properties": { "name": "", "landuse": "", "leisure": "", "natural": "scrub", "boundary": "", "amenity": "", "type": "District System", "district_system_type": "Central Hot Water" }, "geometry": { "type": "Polygon", "coordinates": [ [ [ -105.2027608, 39.7299688 ], [ -105.2018881, 39.729974 ], [ -105.2018862, 39.7298537 ], [ -105.2014223, 39.729859 ], [ -105.2014236, 39.7299415 ], [ -105.2012533, 39.7299456 ], [ -105.2012501, 39.7299228 ], [ -105.2011751, 39.7299269 ], [ -105.201043, 39.7299537 ], [ -105.2010462, 39.729974 ], [ -105.2009955, 39.729987 ], [ -105.2009342, 39.7300528 ], [ -105.2009258, 39.730078 ], [ -105.2007609, 39.7301438 ], [ -105.2006849, 39.730152 ], [ -105.2005591, 39.730156 ], [ -105.2004609, 39.7301585 ], [ -105.2004091, 39.7301642 ], [ -105.2003478, 39.7301772 ], [ -105.2002812, 39.7302121 ], [ -105.2002252, 39.7302682 ], [ -105.1999833, 39.7305006 ], [ -105.1997898, 39.7305027 ], [ -105.199773, 39.7304901 ], [ -105.1997477, 39.7304762 ], [ -105.1997201, 39.7304672 ], [ -105.1996824, 39.730465 ], [ -105.199561, 39.7304645 ], [ -105.1995618, 39.7304458 ], [ -105.1992059, 39.7304428 ], [ -105.199205, 39.7304901 ], [ -105.1991972, 39.7306948 ], [ -105.1992047, 39.7307092 ], [ -105.1992185, 39.7307228 ], [ -105.1992351, 39.7307319 ], [ -105.1992503, 39.7307367 ], [ -105.1992632, 39.7307378 ], [ -105.1993402, 39.7307367 ], [ -105.1994771, 39.7307359 ], [ -105.1994919, 39.7307396 ], [ -105.1995228, 39.7307531 ], [ -105.1995118, 39.730763 ], [ -105.1995185, 39.7307703 ], [ -105.1995261, 39.7307824 ], [ -105.199527, 39.730869 ], [ -105.1995237, 39.7308815 ], [ -105.1995014, 39.730906 ], [ -105.1994923, 39.7309136 ], [ -105.19948, 39.730918 ], [ -105.1991376, 39.7309213 ], [ -105.1991105, 39.7309243 ], [ -105.1990801, 39.7309308 ], [ -105.1989746, 39.7309645 ], [ -105.1989479, 39.7309707 ], [ -105.1989313, 39.7309711 ], [ -105.1989113, 39.7309663 ], [ -105.1988942, 39.7309553 ], [ -105.1988847, 39.7309455 ], [ -105.1988799, 39.7309308 ], [ -105.1988766, 39.7309104 ], [ -105.1988609, 39.7308581 ], [ -105.1987948, 39.7307085 ], [ -105.1987639, 39.730627 ], [ -105.198743, 39.7305663 ], [ -105.198724, 39.7304924 ], [ -105.1987097, 39.7304171 ], [ -105.1986897, 39.7302939 ], [ -105.198684, 39.7301911 ], [ -105.1986807, 39.7300916 ], [ -105.1986807, 39.7299867 ], [ -105.1986855, 39.7299318 ], [ -105.1986926, 39.7299147 ], [ -105.1987083, 39.7298945 ], [ -105.1987235, 39.7298843 ], [ -105.1986981, 39.7298619 ], [ -105.198723, 39.7298467 ], [ -105.1987577, 39.7298308 ], [ -105.1987922, 39.7298207 ], [ -105.1988241, 39.7298173 ], [ -105.1988241, 39.7298288 ], [ -105.1988464, 39.7298288 ], [ -105.1988464, 39.7298175 ], [ -105.1991585, 39.7298158 ], [ -105.199436, 39.7298053 ], [ -105.1997196, 39.7297932 ], [ -105.1999444, 39.7297836 ], [ -105.2003181, 39.7297677 ], [ -105.2007118, 39.729753 ], [ -105.2008989, 39.729749 ], [ -105.201405, 39.7297717 ], [ -105.2019422, 39.7297929 ], [ -105.2024441, 39.7298148 ], [ -105.20277, 39.7298277 ], [ -105.2027608, 39.7299688 ] ] ] } },
{ "type": "Feature", "properties": { "name": "", "landuse": "", "leisure": "", "natural": "scrub", "boundary": "", "amenity": "", "type": "District System", "district_system_type": "Central Hot Water" }, "geometry": { "type": "Polygon", "coordinates": [ [ [ -105.2009652, 39.7291933 ], [ -105.200809, 39.7293029 ], [ -105.2007863, 39.7293197 ], [ -105.2006381, 39.7294853 ], [ -105.2006147, 39.7294722 ], [ -105.2005709, 39.7295227 ], [ -105.2005458, 39.7295364 ], [ -105.2005224, 39.7295413 ], [ -105.2003491, 39.7295507 ], [ -105.2002811, 39.7295519 ], [ -105.2002455, 39.7295482 ], [ -105.2002033, 39.7295295 ], [ -105.2001823, 39.7295158 ], [ -105.2001653, 39.7294971 ], [ -105.2001459, 39.7294517 ], [ -105.2001151, 39.7293857 ], [ -105.2000625, 39.7292941 ], [ -105.1999896, 39.7292014 ], [ -105.1999329, 39.7291397 ], [ -105.1998212, 39.7290444 ], [ -105.1997896, 39.7290226 ], [ -105.1997823, 39.7290121 ], [ -105.1997783, 39.7289996 ], [ -105.1997823, 39.728984 ], [ -105.1997645, 39.7289697 ], [ -105.1997937, 39.7289448 ], [ -105.199839, 39.7289267 ], [ -105.1999013, 39.7289112 ], [ -105.2001774, 39.7288713 ], [ -105.200294, 39.7288545 ], [ -105.2004754, 39.7288265 ], [ -105.2005377, 39.7288122 ], [ -105.2005734, 39.7287941 ], [ -105.2006171, 39.7287667 ], [ -105.2006279, 39.7287488 ], [ -105.2006789, 39.7287646 ], [ -105.2006908, 39.7287318 ], [ -105.2007132, 39.728698 ], [ -105.2007219, 39.7286773 ], [ -105.2007557, 39.7286337 ], [ -105.2007889, 39.7286132 ], [ -105.2008133, 39.7285969 ], [ -105.2008681, 39.7286303 ], [ -105.2009321, 39.7286802 ], [ -105.200975, 39.7287075 ], [ -105.2009847, 39.7287331 ], [ -105.2009677, 39.7287754 ], [ -105.200941, 39.728847 ], [ -105.2009515, 39.7289049 ], [ -105.2009766, 39.7289473 ], [ -105.201009, 39.7289797 ], [ -105.2010308, 39.7289984 ], [ -105.2010503, 39.7290289 ], [ -105.2010568, 39.7290656 ], [ -105.2010535, 39.7291104 ], [ -105.2010082, 39.7291603 ], [ -105.2009652, 39.7291933 ] ] ] } },
{ "type": "Feature", "properties": { "name": "", "landuse": "", "leisure": "", "natural": "scrub", "boundary": "", "amenity": "", "type": "District System", "district_system_type": "Central Hot Water" }, "geometry": { "type": "Polygon", "coordinates": [ [ [ -105.1993637, 39.7266721 ], [ -105.1993312, 39.7267275 ], [ -105.1993127, 39.7267716 ], [ -105.1993102, 39.7268296 ], [ -105.1993109, 39.7268649 ], [ -105.1993053, 39.726893 ], [ -105.1992308, 39.7268816 ], [ -105.1991948, 39.7268859 ], [ -105.199165, 39.7269059 ], [ -105.1990465, 39.7268611 ], [ -105.198928, 39.726832 ], [ -105.1988244, 39.7268186 ], [ -105.1987531, 39.7268148 ], [ -105.1987258, 39.7267995 ], [ -105.1987102, 39.7267756 ], [ -105.1987115, 39.7267122 ], [ -105.1987147, 39.726566 ], [ -105.1986821, 39.7265676 ], [ -105.1986969, 39.7263139 ], [ -105.198721, 39.726131 ], [ -105.198758, 39.7258756 ], [ -105.1987561, 39.725712 ], [ -105.1987543, 39.7255171 ], [ -105.1988151, 39.7255201 ], [ -105.1988664, 39.7255195 ], [ -105.1988829, 39.7254679 ], [ -105.1989723, 39.7254872 ], [ -105.1990497, 39.725515 ], [ -105.1991118, 39.7255325 ], [ -105.1992107, 39.7255642 ], [ -105.1993343, 39.7256172 ], [ -105.1994364, 39.7256651 ], [ -105.1995195, 39.725709 ], [ -105.1995571, 39.7257171 ], [ -105.1995994, 39.7257289 ], [ -105.1996504, 39.7257513 ], [ -105.1990377, 39.7265176 ], [ -105.1993637, 39.7266721 ] ] ] } },
{ "type": "Feature", "properties": { "name": "", "landuse": "", "leisure": "", "natural": "scrub", "boundary": "", "amenity": "", "type": "District System", "district_system_type": "Central Hot Water" }, "geometry": { "type": "Polygon", "coordinates": [ [ [ -105.2019205, 39.7295479 ], [ -105.2015207, 39.7295309 ], [ -105.2011561, 39.7295167 ], [ -105.2009561, 39.7295018 ], [ -105.2009132, 39.7294943 ], [ -105.2008176, 39.7294825 ], [ -105.200816, 39.7294519 ], [ -105.2008265, 39.7294264 ], [ -105.2008444, 39.7293965 ], [ -105.2008695, 39.7293704 ], [ -105.2009763, 39.7292894 ], [ -105.2010484, 39.729239 ], [ -105.2011746, 39.7291282 ], [ -105.2012467, 39.72905 ], [ -105.2012967, 39.7290009 ], [ -105.2013559, 39.7289319 ], [ -105.2013781, 39.7288878 ], [ -105.2013836, 39.7288494 ], [ -105.2013744, 39.7288025 ], [ -105.2013799, 39.7287818 ], [ -105.2013862, 39.7287687 ], [ -105.2016705, 39.7288957 ], [ -105.2016654, 39.7289298 ], [ -105.2016569, 39.7289632 ], [ -105.2016406, 39.7289972 ], [ -105.2018656, 39.7290573 ], [ -105.2018723, 39.7290417 ], [ -105.2019455, 39.7290605 ], [ -105.2019564, 39.7290333 ], [ -105.2019631, 39.7290049 ], [ -105.2019628, 39.7289864 ], [ -105.201969, 39.728958 ], [ -105.2019736, 39.7289295 ], [ -105.2019752, 39.7288952 ], [ -105.2019752, 39.7288656 ], [ -105.2019736, 39.72883 ], [ -105.2019705, 39.7288004 ], [ -105.2019669, 39.7287725 ], [ -105.201961, 39.7287456 ], [ -105.2019537, 39.728719 ], [ -105.2019421, 39.7286918 ], [ -105.2019289, 39.7286612 ], [ -105.2019166, 39.728633 ], [ -105.201902, 39.728604 ], [ -105.2018835, 39.7285768 ], [ -105.2018635, 39.7285477 ], [ -105.2018396, 39.7285193 ], [ -105.2018258, 39.7285046 ], [ -105.2019173, 39.7284717 ], [ -105.2021892, 39.7286993 ], [ -105.2022706, 39.728779 ], [ -105.2022965, 39.7288174 ], [ -105.2023354, 39.7289056 ], [ -105.2023492, 39.728976 ], [ -105.2023446, 39.7290571 ], [ -105.2023187, 39.7291439 ], [ -105.2022762, 39.7292122 ], [ -105.2022253, 39.7292634 ], [ -105.2021652, 39.7293146 ], [ -105.202057, 39.7293872 ], [ -105.20197, 39.7294569 ], [ -105.2019205, 39.7295479 ] ] ] } },
{ "type": "Feature", "properties": { "name": "", "landuse": "", "leisure": "", "natural": "grassland; scrub; wetland", "boundary": "", "amenity": "", "type": "District System", "district_system_type": "Central Hot Water" }, "geometry": { "type": "Polygon", "coordinates": [ [ [ -105.2067643, 39.7340035 ], [ -105.2072177, 39.733796 ], [ -105.2067392, 39.7331444 ], [ -105.2058824, 39.7335229 ], [ -105.2058503, 39.7334757 ], [ -105.2057882, 39.7334036 ], [ -105.2056958, 39.7333421 ], [ -105.2056076, 39.7332997 ], [ -105.2052022, 39.7332286 ], [ -105.2045404, 39.7331459 ], [ -105.2039916, 39.7330749 ], [ -105.2037145, 39.7330579 ], [ -105.2033822, 39.7330558 ], [ -105.2027893, 39.7330505 ], [ -105.2020649, 39.7330424 ], [ -105.2014545, 39.7330325 ], [ -105.2013333, 39.7330282 ], [ -105.2012269, 39.7330204 ], [ -105.2010956, 39.7329969 ], [ -105.201017, 39.7329564 ], [ -105.2009495, 39.7328959 ], [ -105.2009014, 39.7328148 ], [ -105.2008967, 39.7327586 ], [ -105.2015821, 39.7327529 ], [ -105.2015803, 39.7327423 ], [ -105.2019142, 39.732738 ], [ -105.201916, 39.7327465 ], [ -105.2019604, 39.7327451 ], [ -105.2019604, 39.7327366 ], [ -105.2019909, 39.7327287 ], [ -105.2020242, 39.7327195 ], [ -105.2022129, 39.7327195 ], [ -105.2027679, 39.732723 ], [ -105.2032932, 39.732723 ], [ -105.2034773, 39.7327152 ], [ -105.2037206, 39.7326697 ], [ -105.2037835, 39.7326512 ], [ -105.2039129, 39.732595 ], [ -105.2040138, 39.7325402 ], [ -105.2041444, 39.7324486 ], [ -105.2042632, 39.7323324 ], [ -105.2044413, 39.7320778 ], [ -105.2044763, 39.732064 ], [ -105.2044857, 39.7320373 ], [ -105.2045005, 39.7320244 ], [ -105.2045334, 39.7320139 ], [ -105.20457, 39.7320235 ], [ -105.2046841, 39.7321146 ], [ -105.2047814, 39.7321894 ], [ -105.2047645, 39.732206 ], [ -105.2047184, 39.7322227 ], [ -105.2046563, 39.7322547 ], [ -105.2046081, 39.7323036 ], [ -105.2045848, 39.7323636 ], [ -105.2045936, 39.7324231 ], [ -105.2047852, 39.7324261 ], [ -105.2047829, 39.7325093 ], [ -105.2052372, 39.7325121 ], [ -105.2054189, 39.732513 ], [ -105.2054189, 39.732564 ], [ -105.2060675, 39.7325645 ], [ -105.206095, 39.7325652 ], [ -105.2060937, 39.7325152 ], [ -105.2061587, 39.7325152 ], [ -105.2062438, 39.7325458 ], [ -105.2062394, 39.7326224 ], [ -105.206343, 39.7326231 ], [ -105.2064177, 39.7326227 ], [ -105.2065049, 39.7326472 ], [ -105.2066412, 39.7326503 ], [ -105.207713, 39.7326517 ], [ -105.208012, 39.7326539 ], [ -105.2081071, 39.7325662 ], [ -105.2081369, 39.7325378 ], [ -105.2081929, 39.7325335 ], [ -105.2081964, 39.7325738 ], [ -105.2082283, 39.7326114 ], [ -105.2082807, 39.7326272 ], [ -105.2084962, 39.7328284 ], [ -105.2085621, 39.7328812 ], [ -105.2085579, 39.7329079 ], [ -105.2085395, 39.7329276 ], [ -105.2083467, 39.7330715 ], [ -105.2082074, 39.7329572 ], [ -105.20813, 39.7329931 ], [ -105.2080784, 39.7330216 ], [ -105.2080135, 39.7330805 ], [ -105.207996, 39.7331291 ], [ -105.2080018, 39.7332245 ], [ -105.2080339, 39.7333631 ], [ -105.208124, 39.7334178 ], [ -105.2094107, 39.7344341 ], [ -105.2094388, 39.7344206 ], [ -105.209449, 39.7344173 ], [ -105.2094668, 39.7344161 ], [ -105.2094788, 39.734426 ], [ -105.2095033, 39.7344414 ], [ -105.209528, 39.7344464 ], [ -105.2095539, 39.7344464 ], [ -105.2095787, 39.7344397 ], [ -105.2096078, 39.7344237 ], [ -105.2098676, 39.7342267 ], [ -105.2098986, 39.7342066 ], [ -105.2099215, 39.7341996 ], [ -105.2099208, 39.7342239 ], [ -105.2099288, 39.7342449 ], [ -105.210001, 39.734454 ], [ -105.2100673, 39.7346355 ], [ -105.2101314, 39.7348196 ], [ -105.210178, 39.7349575 ], [ -105.2102141, 39.7350539 ], [ -105.2102465, 39.7351194 ], [ -105.2102735, 39.7351794 ], [ -105.2102863, 39.7352139 ], [ -105.2102928, 39.7352503 ], [ -105.2102925, 39.73528 ], [ -105.2102888, 39.7353184 ], [ -105.2102786, 39.7353596 ], [ -105.2102604, 39.7353963 ], [ -105.2102495, 39.7354215 ], [ -105.2102498, 39.7354363 ], [ -105.2102586, 39.7354515 ], [ -105.2102746, 39.735468 ], [ -105.2102447, 39.7354856 ], [ -105.2102061, 39.7354926 ], [ -105.210177, 39.7354943 ], [ -105.2101416, 39.7354887 ], [ -105.2100997, 39.7354742 ], [ -105.2100684, 39.7354515 ], [ -105.2100465, 39.7354232 ], [ -105.2100352, 39.7354002 ], [ -105.2100148, 39.7353534 ], [ -105.2099795, 39.7353016 ], [ -105.2099562, 39.7352744 ], [ -105.2099445, 39.7352576 ], [ -105.2099423, 39.7352408 ], [ -105.2099438, 39.7352253 ], [ -105.2099689, 39.7351833 ], [ -105.2099908, 39.7351329 ], [ -105.2099944, 39.7351044 ], [ -105.2099969, 39.7350829 ], [ -105.2100023, 39.7350758 ], [ -105.2100595, 39.7350772 ], [ -105.2100513, 39.7349916 ], [ -105.2100165, 39.7349112 ], [ -105.2099644, 39.7348369 ], [ -105.2099142, 39.7347975 ], [ -105.2098778, 39.7348235 ], [ -105.2098648, 39.7348254 ], [ -105.2098298, 39.7348019 ], [ -105.2098283, 39.7347902 ], [ -105.2098571, 39.734758 ], [ -105.2097964, 39.7347279 ], [ -105.2096944, 39.7346946 ], [ -105.2095872, 39.7346847 ], [ -105.2094762, 39.7346867 ], [ -105.2094852, 39.73473 ], [ -105.2094757, 39.7347389 ], [ -105.2094527, 39.7347423 ], [ -105.2094192, 39.7347437 ], [ -105.2093913, 39.7347342 ], [ -105.2093448, 39.734696 ], [ -105.2093032, 39.734674 ], [ -105.2092579, 39.734654 ], [ -105.2092201, 39.7346378 ], [ -105.2092002, 39.7346106 ], [ -105.2091984, 39.7345796 ], [ -105.2092027, 39.7345638 ], [ -105.2092363, 39.7345263 ], [ -105.2087192, 39.7341272 ], [ -105.2086914, 39.7341468 ], [ -105.2086747, 39.7341506 ], [ -105.2086573, 39.7341372 ], [ -105.2086424, 39.7341225 ], [ -105.208643, 39.7341162 ], [ -105.2086757, 39.7340902 ], [ -105.2082924, 39.7337928 ], [ -105.2082543, 39.7338219 ], [ -105.2082384, 39.733834 ], [ -105.2082256, 39.7338227 ], [ -105.2081807, 39.7337828 ], [ -105.2080784, 39.7338723 ], [ -105.208032, 39.7339129 ], [ -105.2079895, 39.7339704 ], [ -105.2079491, 39.734025 ], [ -105.2079281, 39.7340802 ], [ -105.2079113, 39.7341243 ], [ -105.2078884, 39.7342236 ], [ -105.2079418, 39.7342286 ], [ -105.2079504, 39.7342382 ], [ -105.2079502, 39.7342537 ], [ -105.2079479, 39.7342703 ], [ -105.207938, 39.734277 ], [ -105.2078839, 39.7342763 ], [ -105.2078875, 39.7346708 ], [ -105.2079397, 39.734674 ], [ -105.2079374, 39.7346927 ], [ -105.2079194, 39.7347414 ], [ -105.2079141, 39.7348272 ], [ -105.2079136, 39.7350804 ], [ -105.207925, 39.7351247 ], [ -105.2079446, 39.7351506 ], [ -105.2079614, 39.7351723 ], [ -105.2079641, 39.7351999 ], [ -105.2079533, 39.7352183 ], [ -105.2079348, 39.7352304 ], [ -105.2079457, 39.7352388 ], [ -105.2079093, 39.7352667 ], [ -105.2079628, 39.7353096 ], [ -105.207975, 39.7353194 ], [ -105.2079908, 39.7353093 ], [ -105.2080195, 39.7353352 ], [ -105.2080005, 39.735354 ], [ -105.2079815, 39.7353574 ], [ -105.2079468, 39.7353628 ], [ -105.2079199, 39.7354026 ], [ -105.2079101, 39.7355779 ], [ -105.2079086, 39.7356556 ], [ -105.2079151, 39.7357232 ], [ -105.2079206, 39.7357516 ], [ -105.2079426, 39.735792 ], [ -105.2079826, 39.7358289 ], [ -105.2080296, 39.7358562 ], [ -105.2080756, 39.7358681 ], [ -105.2080947, 39.7358682 ], [ -105.2084991, 39.7358658 ], [ -105.2088228, 39.7358649 ], [ -105.208873, 39.7358642 ], [ -105.2089589, 39.7358485 ], [ -105.2090279, 39.7358223 ], [ -105.2090943, 39.7357824 ], [ -105.2091334, 39.7357458 ], [ -105.2091572, 39.7357111 ], [ -105.2091717, 39.735677 ], [ -105.209187, 39.7356371 ], [ -105.2091913, 39.7356018 ], [ -105.2092109, 39.735516 ], [ -105.2092415, 39.7355023 ], [ -105.2093726, 39.735463 ], [ -105.2094526, 39.7354067 ], [ -105.2095079, 39.7354015 ], [ -105.2096603, 39.7353838 ], [ -105.2097283, 39.735393 ], [ -105.20977, 39.7353878 ], [ -105.2097888, 39.7353406 ], [ -105.2098044, 39.7353483 ], [ -105.2098248, 39.7353716 ], [ -105.2098391, 39.7353924 ], [ -105.2098698, 39.7354751 ], [ -105.2098918, 39.7355258 ], [ -105.2099179, 39.735558 ], [ -105.209947, 39.7355849 ], [ -105.2099891, 39.7356132 ], [ -105.2100379, 39.7356372 ], [ -105.2100768, 39.7356497 ], [ -105.2101144, 39.7356585 ], [ -105.210161, 39.7356627 ], [ -105.2101938, 39.7356622 ], [ -105.2102442, 39.7356585 ], [ -105.2103204, 39.735647 ], [ -105.2103973, 39.735636 ], [ -105.2104238, 39.7356311 ], [ -105.2104346, 39.7356345 ], [ -105.2104483, 39.735645 ], [ -105.2104547, 39.7356556 ], [ -105.210456, 39.7356654 ], [ -105.2104535, 39.7356782 ], [ -105.2104479, 39.7356911 ], [ -105.2103939, 39.7357574 ], [ -105.2103753, 39.7357865 ], [ -105.2103592, 39.7358342 ], [ -105.2103294, 39.7358953 ], [ -105.210312, 39.7359101 ], [ -105.2102835, 39.7359177 ], [ -105.2102401, 39.7359196 ], [ -105.2095464, 39.7359273 ], [ -105.2081348, 39.7359402 ], [ -105.2081162, 39.7359459 ], [ -105.2081002, 39.7359461 ], [ -105.2080457, 39.7360001 ], [ -105.207943, 39.736185 ], [ -105.2078977, 39.7362377 ], [ -105.2078607, 39.7362604 ], [ -105.207818, 39.7362669 ], [ -105.2062814, 39.7362572 ], [ -105.2062851, 39.736227 ], [ -105.2061665, 39.736227 ], [ -105.205132, 39.7362255 ], [ -105.2041617, 39.736224 ], [ -105.2036561, 39.7362232 ], [ -105.202204, 39.7362261 ], [ -105.2021291, 39.7362753 ], [ -105.2018896, 39.7362972 ], [ -105.2016814, 39.7363078 ], [ -105.2014304, 39.7363057 ], [ -105.2015102, 39.7360139 ], [ -105.2015444, 39.7358398 ], [ -105.2016204, 39.735464 ], [ -105.2016271, 39.7352686 ], [ -105.2016115, 39.7351397 ], [ -105.2015981, 39.7350417 ], [ -105.2015573, 39.7348159 ], [ -105.2018896, 39.7348125 ], [ -105.2025229, 39.7348059 ], [ -105.2025282, 39.7349788 ], [ -105.2028698, 39.7349778 ], [ -105.2028673, 39.7349354 ], [ -105.2038802, 39.7349311 ], [ -105.2038623, 39.7336021 ], [ -105.2037544, 39.7335193 ], [ -105.2032726, 39.7335214 ], [ -105.2032323, 39.7334538 ], [ -105.2031643, 39.7333306 ], [ -105.2019259, 39.7333376 ], [ -105.2019528, 39.7347237 ], [ -105.2015466, 39.7347318 ], [ -105.2015144, 39.7345424 ], [ -105.2014637, 39.7343228 ], [ -105.2013847, 39.7341296 ], [ -105.2011811, 39.7338359 ], [ -105.200987, 39.7336369 ], [ -105.2007738, 39.7334788 ], [ -105.2006482, 39.7333676 ], [ -105.2004693, 39.7331256 ], [ -105.2004351, 39.7330436 ], [ -105.2003932, 39.7329158 ], [ -105.200397, 39.7328787 ], [ -105.2004198, 39.7328368 ], [ -105.2004731, 39.7328075 ], [ -105.2005353, 39.7327968 ], [ -105.2007218, 39.7327851 ], [ -105.2007637, 39.7327753 ], [ -105.2007816, 39.7328245 ], [ -105.2008244, 39.7329042 ], [ -105.2008795, 39.7329806 ], [ -105.2009708, 39.733049 ], [ -105.2010978, 39.7330976 ], [ -105.2012746, 39.7331221 ], [ -105.2014515, 39.7331239 ], [ -105.201733, 39.7331225 ], [ -105.2020159, 39.7331276 ], [ -105.2024058, 39.7331316 ], [ -105.2028772, 39.7331367 ], [ -105.2036569, 39.7331459 ], [ -105.2038778, 39.7331552 ], [ -105.2042628, 39.7331979 ], [ -105.2048361, 39.7332694 ], [ -105.2053151, 39.7333351 ], [ -105.2054616, 39.7333569 ], [ -105.2055687, 39.7333884 ], [ -105.2056647, 39.7334453 ], [ -105.2057356, 39.733501 ], [ -105.2057874, 39.7335649 ], [ -105.2049651, 39.7339283 ], [ -105.2062985, 39.7357333 ], [ -105.2076149, 39.7351545 ], [ -105.2067643, 39.7340035 ] ], [ [ -105.2077157, 39.732764 ], [ -105.2078121, 39.7355246 ], [ -105.207713, 39.7326517 ], [ -105.2077157, 39.732764 ] ], [ [ -105.2066283, 39.7361791 ], [ -105.206499, 39.7361963 ], [ -105.2062851, 39.736227 ], [ -105.2066283, 39.7361791 ] ] ] } },
{ "type": "Feature", "properties": { "name": "", "landuse": "", "leisure": "", "natural": "scrub", "boundary": "", "amenity": "", "type": "District System", "district_system_type": "Central Hot Water" }, "geometry": { "type": "Polygon", "coordinates": [ [ [ -105.2095426, 39.7315405 ], [ -105.2095072, 39.7315537 ], [ -105.2093918, 39.7314679 ], [ -105.2091296, 39.7312668 ], [ -105.2090732, 39.7312806 ], [ -105.2089865, 39.7312176 ], [ -105.2088747, 39.7311623 ], [ -105.2087455, 39.7311252 ], [ -105.208643, 39.7311205 ], [ -105.208544, 39.7311345 ], [ -105.208544, 39.731127 ], [ -105.2086273, 39.7310843 ], [ -105.208853, 39.7310389 ], [ -105.2090195, 39.7309906 ], [ -105.2090835, 39.7309581 ], [ -105.2091342, 39.7309089 ], [ -105.2092271, 39.7307938 ], [ -105.2092549, 39.7307641 ], [ -105.2093334, 39.7307214 ], [ -105.2094311, 39.7306954 ], [ -105.2094963, 39.7306815 ], [ -105.2095596, 39.7306992 ], [ -105.2096383, 39.730755 ], [ -105.2097319, 39.7308115 ], [ -105.2098852, 39.7308877 ], [ -105.2101169, 39.7310083 ], [ -105.2103077, 39.7311136 ], [ -105.2105572, 39.7312739 ], [ -105.2108032, 39.7314276 ], [ -105.2110824, 39.7316086 ], [ -105.21121, 39.7317029 ], [ -105.2113787, 39.7318441 ], [ -105.211451, 39.7319106 ], [ -105.2115275, 39.7319907 ], [ -105.2116275, 39.7320953 ], [ -105.2117543, 39.7322436 ], [ -105.211945, 39.7324627 ], [ -105.212186, 39.7327429 ], [ -105.2123058, 39.7328808 ], [ -105.2125503, 39.7331642 ], [ -105.2128062, 39.7334608 ], [ -105.2130479, 39.7337409 ], [ -105.213196, 39.733923 ], [ -105.2132421, 39.7339862 ], [ -105.2133264, 39.7341176 ], [ -105.213493, 39.7343562 ], [ -105.213737, 39.7346785 ], [ -105.2138298, 39.7348436 ], [ -105.2138612, 39.7349585 ], [ -105.2138566, 39.7350222 ], [ -105.2138395, 39.735147 ], [ -105.2138237, 39.7352184 ], [ -105.2138037, 39.7352674 ], [ -105.2137155, 39.7353855 ], [ -105.2136326, 39.7354872 ], [ -105.2135652, 39.7355545 ], [ -105.2134874, 39.7356082 ], [ -105.2134408, 39.7356306 ], [ -105.2133284, 39.7356681 ], [ -105.2131976, 39.7357027 ], [ -105.2129297, 39.7357594 ], [ -105.2127383, 39.7357948 ], [ -105.2126072, 39.7358172 ], [ -105.2125024, 39.7358392 ], [ -105.2124652, 39.7358386 ], [ -105.2124441, 39.7358262 ], [ -105.212419, 39.735762 ], [ -105.2123745, 39.7357122 ], [ -105.2123421, 39.7357259 ], [ -105.2123632, 39.7357409 ], [ -105.2123834, 39.7357645 ], [ -105.2124044, 39.7358268 ], [ -105.212436, 39.7359289 ], [ -105.2124182, 39.73596 ], [ -105.2123502, 39.7359912 ], [ -105.2122822, 39.7360011 ], [ -105.2120676, 39.7359949 ], [ -105.2119219, 39.7359893 ], [ -105.2118684, 39.7360055 ], [ -105.211662, 39.7361014 ], [ -105.2115915, 39.7361232 ], [ -105.2115429, 39.7361269 ], [ -105.2114927, 39.7361201 ], [ -105.2115211, 39.7360341 ], [ -105.2115454, 39.7359613 ], [ -105.2115737, 39.7359432 ], [ -105.211632, 39.7359333 ], [ -105.2116401, 39.7358778 ], [ -105.2116142, 39.7358268 ], [ -105.2115664, 39.7357807 ], [ -105.21153, 39.7357595 ], [ -105.2115154, 39.7357141 ], [ -105.2115211, 39.7356151 ], [ -105.2115382, 39.7356134 ], [ -105.211608, 39.7356134 ], [ -105.211629, 39.7356107 ], [ -105.2116293, 39.7356503 ], [ -105.2122988, 39.7356503 ], [ -105.2124853, 39.7356495 ], [ -105.212501, 39.7355756 ], [ -105.2124909, 39.7355387 ], [ -105.2124328, 39.7354657 ], [ -105.2123156, 39.7353789 ], [ -105.2122921, 39.7353205 ], [ -105.2122385, 39.7352544 ], [ -105.2121793, 39.7352054 ], [ -105.2120855, 39.7351642 ], [ -105.2119347, 39.7351264 ], [ -105.2115762, 39.7350388 ], [ -105.2114623, 39.7350096 ], [ -105.2112981, 39.7349675 ], [ -105.2110837, 39.7348997 ], [ -105.2109497, 39.7348353 ], [ -105.2108603, 39.7347966 ], [ -105.2107922, 39.7347992 ], [ -105.2107219, 39.7348359 ], [ -105.210685, 39.7348705 ], [ -105.2106493, 39.7349323 ], [ -105.2106381, 39.7349873 ], [ -105.2106537, 39.7350242 ], [ -105.2106861, 39.735056 ], [ -105.2107654, 39.7350929 ], [ -105.2107855, 39.7351058 ], [ -105.210848, 39.7351797 ], [ -105.210807, 39.7352048 ], [ -105.2107477, 39.735226 ], [ -105.2106733, 39.7352324 ], [ -105.2106071, 39.7352218 ], [ -105.2105561, 39.7352144 ], [ -105.2104899, 39.7351815 ], [ -105.2104347, 39.735138 ], [ -105.2103879, 39.735067 ], [ -105.2102941, 39.7348221 ], [ -105.21021, 39.7345729 ], [ -105.2101424, 39.734364 ], [ -105.2101341, 39.7343004 ], [ -105.2101656, 39.7342909 ], [ -105.2101462, 39.7342224 ], [ -105.2101235, 39.7342249 ], [ -105.2101009, 39.7341241 ], [ -105.2101025, 39.734111 ], [ -105.2101025, 39.7340892 ], [ -105.210117, 39.7340674 ], [ -105.2101373, 39.7340512 ], [ -105.2101592, 39.7340475 ], [ -105.2102676, 39.7339703 ], [ -105.2102817, 39.733998 ], [ -105.2102909, 39.7340106 ], [ -105.2105126, 39.7343135 ], [ -105.2106452, 39.7344578 ], [ -105.2107686, 39.7345756 ], [ -105.2107996, 39.7346044 ], [ -105.2108463, 39.734608 ], [ -105.2119295, 39.7346852 ], [ -105.2119916, 39.7346899 ], [ -105.2120104, 39.7346759 ], [ -105.2126422, 39.7341856 ], [ -105.2125958, 39.7341503 ], [ -105.2126779, 39.7340866 ], [ -105.2127868, 39.7339949 ], [ -105.2126614, 39.7339016 ], [ -105.2116358, 39.7330971 ], [ -105.2115285, 39.7330575 ], [ -105.2114428, 39.733038 ], [ -105.2113246, 39.7330473 ], [ -105.2111918, 39.7330946 ], [ -105.2111145, 39.7331327 ], [ -105.2110651, 39.7331067 ], [ -105.2109095, 39.7329813 ], [ -105.2109491, 39.7328927 ], [ -105.2108465, 39.7326796 ], [ -105.2106936, 39.7322147 ], [ -105.21069, 39.7319795 ], [ -105.210636, 39.73183 ], [ -105.2105946, 39.7317235 ], [ -105.2105568, 39.7316972 ], [ -105.2104812, 39.7316916 ], [ -105.2104381, 39.7317262 ], [ -105.2103922, 39.7317413 ], [ -105.2103442, 39.7316812 ], [ -105.2102754, 39.7316246 ], [ -105.2101958, 39.7315761 ], [ -105.2101121, 39.7315359 ], [ -105.209939, 39.7314952 ], [ -105.2098365, 39.7314899 ], [ -105.2097349, 39.7314936 ], [ -105.2096345, 39.731511 ], [ -105.2095426, 39.7315405 ] ] ] } },
{ "type": "Feature", "properties": { "name": "", "landuse": "", "leisure": "", "natural": "scrub", "boundary": "", "amenity": "", "type": "District System", "district_system_type": "Central Hot Water" }, "geometry": { "type": "MultiPolygon", "coordinates": [ [ [ [ -105.214662, 39.735401 ], [ -105.2147507, 39.7355472 ], [ -105.2148131, 39.7356464 ], [ -105.2148976, 39.7357382 ], [ -105.2149779, 39.7357975 ], [ -105.2149834, 39.7358213 ], [ -105.2149705, 39.7358481 ], [ -105.2149478, 39.735853 ], [ -105.2148523, 39.7358232 ], [ -105.2147438, 39.7357951 ], [ -105.2146094, 39.7357154 ], [ -105.2144903, 39.7356532 ], [ -105.2143859, 39.7355903 ], [ -105.2143114, 39.7355224 ], [ -105.2142304, 39.7354265 ], [ -105.2141432, 39.7352923 ], [ -105.2141211, 39.7352541 ], [ -105.2141046, 39.7352181 ], [ -105.2141059, 39.7351683 ], [ -105.2140908, 39.7351237 ], [ -105.2140356, 39.7350442 ], [ -105.2139639, 39.7349456 ], [ -105.2139336, 39.7349159 ], [ -105.2139005, 39.7348798 ], [ -105.2138178, 39.7347484 ], [ -105.2137364, 39.7346169 ], [ -105.2136137, 39.7344557 ], [ -105.2133945, 39.7341599 ], [ -105.2132359, 39.7339213 ], [ -105.2131959, 39.7338672 ], [ -105.2130856, 39.7337305 ], [ -105.2127326, 39.7333169 ], [ -105.2122348, 39.7327501 ], [ -105.2119457, 39.7324142 ], [ -105.2117819, 39.7322246 ], [ -105.2115991, 39.7320174 ], [ -105.2114212, 39.7318419 ], [ -105.2113779, 39.7317972 ], [ -105.2113134, 39.7317449 ], [ -105.2111795, 39.7316348 ], [ -105.2111377, 39.7316064 ], [ -105.2108832, 39.7314413 ], [ -105.2106486, 39.7312963 ], [ -105.2104572, 39.7311698 ], [ -105.2101886, 39.7310134 ], [ -105.2099554, 39.7308929 ], [ -105.2097506, 39.7307855 ], [ -105.2096712, 39.730737 ], [ -105.2095968, 39.7306863 ], [ -105.2095734, 39.7306634 ], [ -105.2095656, 39.7306416 ], [ -105.2095755, 39.7305986 ], [ -105.2095762, 39.7305451 ], [ -105.2095663, 39.7305064 ], [ -105.209545, 39.7304748 ], [ -105.2095556, 39.7304388 ], [ -105.2095698, 39.7304274 ], [ -105.2096045, 39.7304001 ], [ -105.209635, 39.7303898 ], [ -105.2099453, 39.7305703 ], [ -105.2103838, 39.730823 ], [ -105.2107568, 39.7310676 ], [ -105.2110505, 39.7312675 ], [ -105.2112872, 39.7314634 ], [ -105.2115059, 39.7316632 ], [ -105.2118409, 39.7320338 ], [ -105.2124252, 39.7327009 ], [ -105.2129503, 39.7333054 ], [ -105.2133909, 39.7338125 ], [ -105.2137153, 39.7341968 ], [ -105.2140101, 39.7345324 ], [ -105.2143302, 39.7349191 ], [ -105.2146673, 39.735284 ], [ -105.214662, 39.735401 ] ] ], [ [ [ -105.2155334, 39.7362837 ], [ -105.2163116, 39.737172 ], [ -105.2169689, 39.7379366 ], [ -105.21762, 39.7387 ], [ -105.2181654, 39.7393196 ], [ -105.2186495, 39.7398827 ], [ -105.2188946, 39.7401678 ], [ -105.2191581, 39.7404623 ], [ -105.21963, 39.7410207 ], [ -105.2200999, 39.7415573 ], [ -105.2203185, 39.7418058 ], [ -105.2205693, 39.7420925 ], [ -105.2206712, 39.7422101 ], [ -105.2209247, 39.7425029 ], [ -105.2210999, 39.7427496 ], [ -105.2214674, 39.7432605 ], [ -105.2218509, 39.7437995 ], [ -105.2220225, 39.7440911 ], [ -105.2221479, 39.7443226 ], [ -105.2221503, 39.7443652 ], [ -105.2220517, 39.7444043 ], [ -105.2219838, 39.7443662 ], [ -105.2219158, 39.7443002 ], [ -105.2218841, 39.7442467 ], [ -105.2218603, 39.7441762 ], [ -105.2218078, 39.7440123 ], [ -105.2216857, 39.7437031 ], [ -105.2212728, 39.7431144 ], [ -105.2211405, 39.7429345 ], [ -105.2209995, 39.7427722 ], [ -105.2208585, 39.7426142 ], [ -105.2207081, 39.7424646 ], [ -105.2206404, 39.7424059 ], [ -105.2205734, 39.7423447 ], [ -105.2205191, 39.7422787 ], [ -105.2203852, 39.7420795 ], [ -105.2202096, 39.7418506 ], [ -105.2199828, 39.7415987 ], [ -105.2196796, 39.7412686 ], [ -105.2194977, 39.7410833 ], [ -105.2194039, 39.7409707 ], [ -105.2192134, 39.7407345 ], [ -105.2189724, 39.7404335 ], [ -105.218818, 39.7402434 ], [ -105.218666, 39.7400732 ], [ -105.2185802, 39.7399836 ], [ -105.218425, 39.7398352 ], [ -105.2182833, 39.7396838 ], [ -105.2181155, 39.7394925 ], [ -105.2179139, 39.7392442 ], [ -105.2178163, 39.7391346 ], [ -105.2177131, 39.7390328 ], [ -105.2176714, 39.738982 ], [ -105.2176005, 39.7388808 ], [ -105.2174123, 39.738598 ], [ -105.2172555, 39.73836 ], [ -105.2171539, 39.7382268 ], [ -105.2170453, 39.7381069 ], [ -105.2169319, 39.7380027 ], [ -105.2167436, 39.737795 ], [ -105.2166342, 39.7376648 ], [ -105.2164003, 39.7374141 ], [ -105.2162254, 39.7372154 ], [ -105.2161231, 39.7370889 ], [ -105.2160443, 39.7370065 ], [ -105.2159986, 39.7369726 ], [ -105.2159207, 39.7369241 ], [ -105.2158435, 39.7368624 ], [ -105.2157261, 39.7367522 ], [ -105.2155797, 39.7365796 ], [ -105.2155025, 39.7364833 ], [ -105.2153804, 39.7362907 ], [ -105.2151363, 39.7359443 ], [ -105.2151, 39.735914 ], [ -105.2150622, 39.7358946 ], [ -105.2150402, 39.7358831 ], [ -105.2150276, 39.7358595 ], [ -105.2150205, 39.7358316 ], [ -105.2150229, 39.7358038 ], [ -105.215015, 39.7357904 ], [ -105.2149709, 39.7357541 ], [ -105.2149071, 39.7356972 ], [ -105.2148461, 39.7356222 ], [ -105.2147951, 39.7355443 ], [ -105.2147019, 39.7354005 ], [ -105.2146983, 39.7353689 ], [ -105.2146673, 39.735284 ], [ -105.2155334, 39.7362837 ] ] ] ] } },
{ "type": "Feature", "properties": { "name": "", "landuse": "", "leisure": "", "natural": "scrub", "boundary": "", "amenity": "", "type": "District System", "district_system_type": "Central Hot Water" }, "geometry": { "type": "Polygon", "coordinates": [ [ [ -105.2140341, 39.7352003 ], [ -105.2138723, 39.7351833 ], [ -105.2138829, 39.735096 ], [ -105.2139, 39.7349438 ], [ -105.2139144, 39.7349445 ], [ -105.2139679, 39.7350066 ], [ -105.2140188, 39.7350725 ], [ -105.2140407, 39.7351083 ], [ -105.2140566, 39.7351375 ], [ -105.2140634, 39.7351539 ], [ -105.2140674, 39.7351742 ], [ -105.2140584, 39.7351908 ], [ -105.2140341, 39.7352003 ] ] ] } },
{ "type": "Feature", "properties": { "name": "", "landuse": "", "leisure": "", "natural": "scrub", "boundary": "", "amenity": "", "type": "District System", "district_system_type": "Central Hot Water" }, "geometry": { "type": "Polygon", "coordinates": [ [ [ -105.2138715, 39.7352317 ], [ -105.2137518, 39.7353964 ], [ -105.2136465, 39.7355181 ], [ -105.2135836, 39.7355811 ], [ -105.2135188, 39.7356247 ], [ -105.2134594, 39.7356565 ], [ -105.213374, 39.7356842 ], [ -105.2131697, 39.7357388 ], [ -105.2128872, 39.7357962 ], [ -105.2125391, 39.7358599 ], [ -105.212504, 39.7358779 ], [ -105.2124779, 39.7359118 ], [ -105.2124815, 39.7359498 ], [ -105.2124689, 39.7359733 ], [ -105.21237, 39.7360176 ], [ -105.2122908, 39.7360287 ], [ -105.2122889, 39.7360359 ], [ -105.2125225, 39.7360468 ], [ -105.2125217, 39.7362748 ], [ -105.2149074, 39.7362748 ], [ -105.2148947, 39.7371736 ], [ -105.2150262, 39.7371716 ], [ -105.2150325, 39.7369586 ], [ -105.2150316, 39.7367496 ], [ -105.2150379, 39.7365165 ], [ -105.2150334, 39.7364598 ], [ -105.2150172, 39.7364086 ], [ -105.2149893, 39.7363477 ], [ -105.2149435, 39.7362024 ], [ -105.2148949, 39.7361069 ], [ -105.2148535, 39.7360398 ], [ -105.2148013, 39.7359623 ], [ -105.2147545, 39.7359105 ], [ -105.2147339, 39.7358669 ], [ -105.2147258, 39.7358323 ], [ -105.2147024, 39.7358032 ], [ -105.2145863, 39.7357382 ], [ -105.2144037, 39.7356386 ], [ -105.2143137, 39.7355701 ], [ -105.2142651, 39.7355189 ], [ -105.2141887, 39.7354296 ], [ -105.2141356, 39.7353508 ], [ -105.2140933, 39.7352788 ], [ -105.2140717, 39.7352442 ], [ -105.2140519, 39.7352332 ], [ -105.2139062, 39.7352172 ], [ -105.2138873, 39.73522 ], [ -105.2138715, 39.7352317 ] ] ] } },
{ "type": "Feature", "properties": { "name": "", "landuse": "", "leisure": "", "natural": "wood; scrub", "boundary": "", "amenity": "", "type": "District System", "district_system_type": "Central Hot Water" }, "geometry": { "type": "Polygon", "coordinates": [ [ [ -105.2150563, 39.7373513 ], [ -105.2150837, 39.7371002 ], [ -105.2150837, 39.7367893 ], [ -105.2150793, 39.7364872 ], [ -105.2150523, 39.7363879 ], [ -105.2150265, 39.7363427 ], [ -105.2149772, 39.7361865 ], [ -105.2149467, 39.7361206 ], [ -105.2148931, 39.7360385 ], [ -105.2148483, 39.7359755 ], [ -105.2147821, 39.7358962 ], [ -105.2147727, 39.735858 ], [ -105.2147821, 39.7358429 ], [ -105.2147971, 39.7358411 ], [ -105.2149065, 39.7358732 ], [ -105.2150388, 39.7359216 ], [ -105.2150948, 39.7359622 ], [ -105.2151444, 39.7360179 ], [ -105.2154121, 39.7364043 ], [ -105.2155444, 39.7365878 ], [ -105.215724, 39.7367961 ], [ -105.2157996, 39.7368682 ], [ -105.2159351, 39.7369681 ], [ -105.2159886, 39.7370045 ], [ -105.2162012, 39.73724 ], [ -105.2163697, 39.7374272 ], [ -105.2165487, 39.7376239 ], [ -105.2167625, 39.7378665 ], [ -105.2168796, 39.7379969 ], [ -105.2169619, 39.7380791 ], [ -105.2170115, 39.7381218 ], [ -105.2170633, 39.7381721 ], [ -105.2172081, 39.738346 ], [ -105.2173391, 39.7385471 ], [ -105.2174743, 39.7387514 ], [ -105.2175983, 39.7389374 ], [ -105.2176599, 39.7390219 ], [ -105.217853, 39.739221 ], [ -105.2180787, 39.739498 ], [ -105.2182793, 39.7397307 ], [ -105.2184178, 39.7398739 ], [ -105.2186447, 39.7400983 ], [ -105.2188365, 39.7403165 ], [ -105.2190314, 39.7405536 ], [ -105.2191738, 39.740734 ], [ -105.2193797, 39.740999 ], [ -105.2197006, 39.7413423 ], [ -105.2199765, 39.7416378 ], [ -105.2201599, 39.7418441 ], [ -105.2202714, 39.7419778 ], [ -105.220377, 39.7421309 ], [ -105.2204749, 39.7422734 ], [ -105.2205346, 39.7423525 ], [ -105.2205762, 39.7423937 ], [ -105.2206408, 39.7424517 ], [ -105.2207861, 39.7425833 ], [ -105.2208279, 39.7426259 ], [ -105.2209393, 39.7427526 ], [ -105.2210201, 39.7428473 ], [ -105.2211702, 39.7430312 ], [ -105.221252, 39.7431459 ], [ -105.221558, 39.7435749 ], [ -105.2216515, 39.7437161 ], [ -105.2216983, 39.7438093 ], [ -105.2217473, 39.7439401 ], [ -105.221806, 39.7441268 ], [ -105.2218509, 39.744263 ], [ -105.2219022, 39.7443462 ], [ -105.2219523, 39.7443898 ], [ -105.2219863, 39.7444121 ], [ -105.2220103, 39.7444207 ], [ -105.2202871, 39.7451054 ], [ -105.2208213, 39.7445901 ], [ -105.2210964, 39.7442209 ], [ -105.2212105, 39.744088 ], [ -105.221321, 39.743935 ], [ -105.2213365, 39.7438907 ], [ -105.2213438, 39.7438376 ], [ -105.2213348, 39.7437886 ], [ -105.2212968, 39.7437006 ], [ -105.2212518, 39.743619 ], [ -105.2212254, 39.7435864 ], [ -105.2212017, 39.743571 ], [ -105.2211614, 39.7435574 ], [ -105.2211096, 39.743559 ], [ -105.2208532, 39.7435818 ], [ -105.2204166, 39.7436089 ], [ -105.2202598, 39.7434403 ], [ -105.2201496, 39.7434572 ], [ -105.2200104, 39.7434832 ], [ -105.2199235, 39.7434981 ], [ -105.2198811, 39.7435055 ], [ -105.2198294, 39.7435068 ], [ -105.2197836, 39.7435058 ], [ -105.2197511, 39.7435171 ], [ -105.2196918, 39.7435526 ], [ -105.2194911, 39.7432606 ], [ -105.2192013, 39.7428989 ], [ -105.2189759, 39.7426063 ], [ -105.2187912, 39.7423355 ], [ -105.2187546, 39.7422788 ], [ -105.2187203, 39.7421895 ], [ -105.2187186, 39.7421724 ], [ -105.2187533, 39.742106 ], [ -105.2187846, 39.7419307 ], [ -105.2186786, 39.7418042 ], [ -105.2186542, 39.7417174 ], [ -105.2186314, 39.7416686 ], [ -105.2186234, 39.7415806 ], [ -105.2186256, 39.7415514 ], [ -105.2186322, 39.7414604 ], [ -105.2186014, 39.7412823 ], [ -105.2178864, 39.7399985 ], [ -105.2177147, 39.7393187 ], [ -105.2173241, 39.7387207 ], [ -105.2170527, 39.7384163 ], [ -105.2168946, 39.7382288 ], [ -105.216629, 39.7380302 ], [ -105.216559, 39.7378455 ], [ -105.2164914, 39.737761 ], [ -105.2164057, 39.7377146 ], [ -105.2161302, 39.7373883 ], [ -105.2160966, 39.7373376 ], [ -105.215317937856327, 39.737505949605904 ], [ -105.2153212, 39.7375919 ], [ -105.2153052, 39.7377482 ], [ -105.2152481, 39.7378518 ], [ -105.2151111, 39.7378834 ], [ -105.2150168, 39.7379 ], [ -105.215015, 39.7378569 ], [ -105.2150098, 39.7377359 ], [ -105.2150203, 39.7375703 ], [ -105.2150563, 39.7373513 ] ] ] } },
{ "type": "Feature", "properties": { "name": "", "landuse": "", "leisure": "", "natural": "scrub", "boundary": "", "amenity": "", "type": "District System", "district_system_type": "Central Hot Water" }, "geometry": { "type": "Polygon", "coordinates": [ [ [ -105.2225881, 39.7439028 ], [ -105.2229794, 39.7443781 ], [ -105.2232277, 39.7446804 ], [ -105.2235021, 39.7450055 ], [ -105.2235437, 39.7449862 ], [ -105.223744, 39.7452283 ], [ -105.2234118, 39.7453978 ], [ -105.2233141, 39.7452503 ], [ -105.2232592, 39.7451563 ], [ -105.2231216, 39.7450075 ], [ -105.2227878, 39.7446395 ], [ -105.2223164, 39.7441145 ], [ -105.2220114, 39.743779 ], [ -105.2219655, 39.7437998 ], [ -105.2221293, 39.7440689 ], [ -105.2223335, 39.7444583 ], [ -105.2223516, 39.7444637 ], [ -105.2224008, 39.7444751 ], [ -105.2224261, 39.7444826 ], [ -105.2224702, 39.7444997 ], [ -105.2224913, 39.7445099 ], [ -105.2225161, 39.7445267 ], [ -105.2225472, 39.7445501 ], [ -105.2225618, 39.7445626 ], [ -105.2225814, 39.7445826 ], [ -105.2225898, 39.7445927 ], [ -105.2226136, 39.7446263 ], [ -105.2226252, 39.7446452 ], [ -105.2226517, 39.7446974 ], [ -105.2227626, 39.7448422 ], [ -105.2229623, 39.7450712 ], [ -105.2231333, 39.7452704 ], [ -105.223207, 39.7453493 ], [ -105.223252, 39.745388 ], [ -105.2233204, 39.7454302 ], [ -105.2233897, 39.7454586 ], [ -105.223441, 39.7454752 ], [ -105.2234886, 39.7454254 ], [ -105.2235255, 39.7454005 ], [ -105.2235696, 39.7453776 ], [ -105.2236074, 39.7453603 ], [ -105.2236506, 39.7453479 ], [ -105.2236704, 39.7453444 ], [ -105.2237198, 39.7453382 ], [ -105.2237819, 39.745334 ], [ -105.2238026, 39.7453271 ], [ -105.2238161, 39.7452946 ], [ -105.223844, 39.7452227 ], [ -105.2238494, 39.7451411 ], [ -105.2238431, 39.7450567 ], [ -105.2238251, 39.7449861 ], [ -105.2237837, 39.7449086 ], [ -105.223692, 39.7448069 ], [ -105.2235399, 39.7446679 ], [ -105.2231738, 39.7443546 ], [ -105.2227248, 39.743981 ], [ -105.2226088, 39.7438835 ], [ -105.2225881, 39.7439028 ] ] ] } },
{ "type": "Feature", "properties": { "name": "", "landuse": "", "leisure": "", "natural": "scrub", "boundary": "", "amenity": "", "type": "District System", "district_system_type": "Central Hot Water" }, "geometry": { "type": "Polygon", "coordinates": [ [ [ -105.2141977, 39.7399841 ], [ -105.2137138, 39.7399607 ], [ -105.2134076, 39.739965 ], [ -105.2127537, 39.7400183 ], [ -105.2133375, 39.7403153 ], [ -105.213484, 39.7401118 ], [ -105.2141977, 39.7399841 ] ] ] } },
{ "type": "Feature", "properties": { "name": "", "landuse": "", "leisure": "", "natural": "scrub; wood", "boundary": "", "amenity": "", "type": "District System", "district_system_type": "Central Hot Water" }, "geometry": { "type": "Polygon", "coordinates": [ [ [ -105.2128993, 39.7409244 ], [ -105.2133501, 39.7410896 ], [ -105.2139402, 39.7418527 ], [ -105.2129263, 39.7424632 ], [ -105.2134252, 39.7431397 ], [ -105.2137951, 39.7432797 ], [ -105.214076978589588, 39.743609976206919 ], [ -105.2141205, 39.7435597 ], [ -105.214142, 39.7435432 ], [ -105.2142493, 39.7435886 ], [ -105.214252, 39.7436102 ], [ -105.2142828, 39.743637 ], [ -105.2143094, 39.7436473 ], [ -105.2143204, 39.7436783 ], [ -105.2143445, 39.7437041 ], [ -105.2143794, 39.7437309 ], [ -105.2143901, 39.7437649 ], [ -105.2144491, 39.7437989 ], [ -105.2144759, 39.7438258 ], [ -105.214488, 39.7438557 ], [ -105.2145162, 39.7438856 ], [ -105.2145765, 39.7439165 ], [ -105.2145685, 39.7439598 ], [ -105.2146007, 39.7439815 ], [ -105.2146194, 39.7439866 ], [ -105.2146852, 39.7439629 ], [ -105.2147307, 39.7439742 ], [ -105.2147763, 39.7440114 ], [ -105.2147683, 39.7440629 ], [ -105.2147455, 39.7440939 ], [ -105.21472, 39.7441454 ], [ -105.2147039, 39.7441588 ], [ -105.2146449, 39.7441929 ], [ -105.2145953, 39.7442186 ], [ -105.2145054, 39.7442671 ], [ -105.214433, 39.7443053 ], [ -105.214415934245054, 39.744296172448735 ], [ -105.213446, 39.7448308 ], [ -105.213893, 39.743691 ], [ -105.2136577, 39.743314 ], [ -105.2127493, 39.7429972 ], [ -105.2127737, 39.7426714 ], [ -105.2124529, 39.7421524 ], [ -105.2125271, 39.7409079 ], [ -105.2128993, 39.7409244 ] ] ] } },
{ "type": "Feature", "properties": { "name": "", "landuse": "", "leisure": "", "natural": "scrub; wood", "boundary": "", "amenity": "", "type": "District System", "district_system_type": "Central Hot Water" }, "geometry": { "type": "Polygon", "coordinates": [ [ [ -105.2361607, 39.752675 ], [ -105.2363627, 39.752657 ], [ -105.236371, 39.7526565 ], [ -105.2364864, 39.7526499 ], [ -105.236553, 39.7526526 ], [ -105.2366697, 39.7526633 ], [ -105.2366822, 39.7526646 ], [ -105.2367585, 39.7526723 ], [ -105.2368087, 39.7526831 ], [ -105.2368507, 39.7527028 ], [ -105.2368907, 39.7527113 ], [ -105.2369196, 39.7527172 ], [ -105.2369476, 39.7527136 ], [ -105.2369873, 39.7527073 ], [ -105.2370643, 39.7527217 ], [ -105.2372675, 39.7527477 ], [ -105.2377158, 39.7528034 ], [ -105.2382458, 39.7528554 ], [ -105.2383626, 39.7528689 ], [ -105.2384595, 39.7528787 ], [ -105.2386381, 39.7528922 ], [ -105.2387245, 39.7529075 ], [ -105.2388179, 39.7529272 ], [ -105.238874, 39.7529326 ], [ -105.238916, 39.752947 ], [ -105.2389662, 39.7529649 ], [ -105.2390456, 39.752999 ], [ -105.2390981, 39.7530152 ], [ -105.2391542, 39.7530215 ], [ -105.2392301, 39.7530358 ], [ -105.2393398, 39.7530637 ], [ -105.2394367, 39.753096 ], [ -105.2394647, 39.753113 ], [ -105.2395184, 39.7531319 ], [ -105.2397309, 39.7532019 ], [ -105.2398593, 39.7532333 ], [ -105.2399107, 39.7532468 ], [ -105.2400625, 39.7532728 ], [ -105.2401197, 39.7532925 ], [ -105.2402306, 39.7532979 ], [ -105.240359, 39.7533141 ], [ -105.2404326, 39.7533257 ], [ -105.2404851, 39.7533275 ], [ -105.2405785, 39.7533401 ], [ -105.240624, 39.7533473 ], [ -105.2407104, 39.7533652 ], [ -105.2408003, 39.753385 ], [ -105.2408937, 39.753394 ], [ -105.2409474, 39.7533922 ], [ -105.2410233, 39.7533823 ], [ -105.2410619, 39.7533751 ], [ -105.2412008, 39.7533607 ], [ -105.2413327, 39.7533248 ], [ -105.2413596, 39.7533168 ], [ -105.2413794, 39.753297 ], [ -105.2414051, 39.7532746 ], [ -105.2414296, 39.7532584 ], [ -105.2414518, 39.753253 ], [ -105.2414646, 39.7532575 ], [ -105.2414775, 39.7532566 ], [ -105.2415032, 39.7532261 ], [ -105.2415569, 39.7532046 ], [ -105.2415977, 39.7531723 ], [ -105.2416351, 39.7531462 ], [ -105.2416561, 39.7531453 ], [ -105.2415693, 39.7538288 ], [ -105.2411655, 39.7538565 ], [ -105.2408216, 39.7538687 ], [ -105.2403998, 39.7538672 ], [ -105.23994, 39.7538503 ], [ -105.2395022, 39.7538365 ], [ -105.2392523, 39.7538442 ], [ -105.2388044, 39.7538841 ], [ -105.2384826, 39.7539394 ], [ -105.2375609, 39.7541531 ], [ -105.2370149, 39.7542898 ], [ -105.2368107, 39.7543457 ], [ -105.2367144, 39.7543547 ], [ -105.2366275, 39.7543304 ], [ -105.2366179, 39.7543247 ], [ -105.2365688, 39.7542934 ], [ -105.2365277, 39.754223 ], [ -105.2364291, 39.7539044 ], [ -105.2363399, 39.7537094 ], [ -105.2362777, 39.7535776 ], [ -105.236138, 39.7533358 ], [ -105.2359936, 39.7531282 ], [ -105.2358303, 39.7529325 ], [ -105.2358163, 39.7529152 ], [ -105.2356809, 39.7527414 ], [ -105.2358169, 39.7527206 ], [ -105.2360101, 39.7526912 ], [ -105.2360191, 39.7526902 ], [ -105.2361607, 39.752675 ] ], [ [ -105.2388759, 39.7536401 ], [ -105.2388921, 39.7536086 ], [ -105.2388873, 39.7535728 ], [ -105.238873, 39.7535538 ], [ -105.238836, 39.7535399 ], [ -105.2388036, 39.753534 ], [ -105.2387314, 39.7535691 ], [ -105.2387277, 39.7535992 ], [ -105.2387275, 39.753613 ], [ -105.2387304, 39.7536326 ], [ -105.2386992, 39.7536489 ], [ -105.2386368, 39.7536555 ], [ -105.238556, 39.7536511 ], [ -105.2385418, 39.7536358 ], [ -105.2384908, 39.7536533 ], [ -105.2384454, 39.7536587 ], [ -105.238376, 39.7536511 ], [ -105.2382611, 39.7536664 ], [ -105.2382342, 39.7536391 ], [ -105.2382427, 39.7535879 ], [ -105.2381965, 39.7535837 ], [ -105.2380693, 39.7535721 ], [ -105.2380287, 39.7535683 ], [ -105.2380046, 39.7536402 ], [ -105.2378798, 39.7536315 ], [ -105.2378756, 39.7536467 ], [ -105.2377466, 39.7536358 ], [ -105.2377437, 39.7536544 ], [ -105.2376658, 39.7536511 ], [ -105.2374531, 39.7536195 ], [ -105.2373936, 39.7536228 ], [ -105.2369258, 39.753711 ], [ -105.2369329, 39.7537859 ], [ -105.2368696, 39.7538183 ], [ -105.2368336, 39.7538565 ], [ -105.2368125, 39.7538899 ], [ -105.2368013, 39.7539366 ], [ -105.2367976, 39.7539795 ], [ -105.2368088, 39.7540148 ], [ -105.2368348, 39.7540415 ], [ -105.2368646, 39.7540625 ], [ -105.2368944, 39.7540797 ], [ -105.2369428, 39.7540931 ], [ -105.2369999, 39.7540959 ], [ -105.2370838, 39.7540812 ], [ -105.2371049, 39.7541289 ], [ -105.2376914, 39.7539755 ], [ -105.2376703, 39.7539278 ], [ -105.2376935, 39.7539223 ], [ -105.2377308, 39.7539051 ], [ -105.2377457, 39.7538879 ], [ -105.2377622, 39.7538668 ], [ -105.2377717, 39.7538441 ], [ -105.2377742, 39.753825 ], [ -105.2378015, 39.7538173 ], [ -105.237832, 39.7538164 ], [ -105.2378283, 39.753866 ], [ -105.2382617, 39.7539039 ], [ -105.2392691, 39.7537644 ], [ -105.2392585, 39.7537151 ], [ -105.2394252, 39.7536927 ], [ -105.2394722, 39.7537003 ], [ -105.2395056, 39.7537267 ], [ -105.2395058, 39.7537655 ], [ -105.2394859, 39.7537908 ], [ -105.2398101, 39.7537885 ], [ -105.2397259, 39.7537417 ], [ -105.2396859, 39.7536994 ], [ -105.2396387, 39.7536487 ], [ -105.2395926, 39.7536231 ], [ -105.2395332, 39.7536035 ], [ -105.2394001, 39.753614 ], [ -105.2392819, 39.7536265 ], [ -105.2390958, 39.7536542 ], [ -105.2389938, 39.7536699 ], [ -105.2388759, 39.7536401 ] ] ] } },
{ "type": "Feature", "properties": { "name": "", "landuse": "", "leisure": "", "natural": "scrub", "boundary": "", "amenity": "", "type": "District System", "district_system_type": "Central Hot Water" }, "geometry": { "type": "Polygon", "coordinates": [ [ [ -105.2262157, 39.760354 ], [ -105.2262643, 39.7603215 ], [ -105.2265792, 39.7600809 ], [ -105.2270083, 39.7597365 ], [ -105.2270506, 39.7596977 ], [ -105.2270398, 39.7596908 ], [ -105.2266385, 39.75991 ], [ -105.2261617, 39.7601784 ], [ -105.2261158, 39.7602088 ], [ -105.2261797, 39.7602787 ], [ -105.226168, 39.7602904 ], [ -105.2261905, 39.7603153 ], [ -105.2261905, 39.7603354 ], [ -105.2261986, 39.7603478 ], [ -105.2262157, 39.760354 ] ] ] } },
{ "type": "Feature", "properties": { "name": "", "landuse": "", "leisure": "", "natural": "scrub", "boundary": "", "amenity": "", "type": "District System", "district_system_type": "Central Hot Water" }, "geometry": { "type": "Polygon", "coordinates": [ [ [ -105.2268544, 39.7595207 ], [ -105.226849, 39.7595131 ], [ -105.2258603, 39.7598858 ], [ -105.2259017, 39.7599349 ], [ -105.2258738, 39.7599453 ], [ -105.2258873, 39.7599626 ], [ -105.2258693, 39.7599771 ], [ -105.2259242, 39.7600283 ], [ -105.2266367, 39.7596438 ], [ -105.2268544, 39.7595207 ] ] ] } },
{ "type": "Feature", "properties": { "name": "", "landuse": "", "leisure": "", "natural": "scrub", "boundary": "", "amenity": "", "type": "District System", "district_system_type": "Central Hot Water" }, "geometry": { "type": "Polygon", "coordinates": [ [ [ -105.2255389, 39.7602382 ], [ -105.2254777, 39.7601732 ], [ -105.2254885, 39.7601635 ], [ -105.2254435, 39.7601234 ], [ -105.2251196, 39.7603551 ], [ -105.2246662, 39.7607175 ], [ -105.2246725, 39.7607258 ], [ -105.2252276, 39.7604215 ], [ -105.2255389, 39.7602382 ] ] ] } },
{ "type": "Feature", "properties": { "name": "", "landuse": "", "leisure": "", "natural": "scrub", "boundary": "", "amenity": "", "type": "District System", "district_system_type": "Central Hot Water" }, "geometry": { "type": "Polygon", "coordinates": [ [ [ -105.2258771, 39.7605563 ], [ -105.2255785, 39.7606864 ], [ -105.2253302, 39.7607873 ], [ -105.2249145, 39.7609139 ], [ -105.2247688, 39.7609616 ], [ -105.2247616, 39.7609471 ], [ -105.2255452, 39.7605238 ], [ -105.225574, 39.7605501 ], [ -105.2257692, 39.7604436 ], [ -105.2258232, 39.7605003 ], [ -105.2258609, 39.7604879 ], [ -105.2258843, 39.760492 ], [ -105.2259149, 39.7605079 ], [ -105.2259203, 39.7605211 ], [ -105.2258816, 39.7605425 ], [ -105.2258771, 39.7605563 ] ] ] } },
{ "type": "Feature", "properties": { "name": "", "landuse": "", "leisure": "", "natural": "scrub", "boundary": "", "amenity": "", "type": "District System", "district_system_type": "Central Hot Water" }, "geometry": { "type": "Polygon", "coordinates": [ [ [ -105.2236354, 39.7611837 ], [ -105.2235934, 39.7611353 ], [ -105.2235986, 39.7611218 ], [ -105.2235969, 39.761103 ], [ -105.2238314, 39.7609778 ], [ -105.2239924, 39.7609039 ], [ -105.2243616, 39.7607263 ], [ -105.2244999, 39.7606429 ], [ -105.2246977, 39.7605124 ], [ -105.2252201, 39.760159 ], [ -105.2252966, 39.7601414 ], [ -105.2250109, 39.7603523 ], [ -105.2243529, 39.7608595 ], [ -105.2242164, 39.7609442 ], [ -105.2240431, 39.7610303 ], [ -105.2239031, 39.7610922 ], [ -105.2238001, 39.7611273 ], [ -105.2236354, 39.7611837 ] ] ] } },
{ "type": "Feature", "properties": { "name": "", "landuse": "", "leisure": "", "natural": "scrub", "boundary": "", "amenity": "", "type": "District System", "district_system_type": "Central Hot Water" }, "geometry": { "type": "Polygon", "coordinates": [ [ [ -105.2225204, 39.7621278 ], [ -105.2229512, 39.761885 ], [ -105.2234079, 39.7616247 ], [ -105.2233394, 39.7615339 ], [ -105.2230984, 39.7615744 ], [ -105.2230822, 39.761576 ], [ -105.2226692, 39.7616168 ], [ -105.2225464, 39.7616204 ], [ -105.2220329, 39.761615 ], [ -105.221877, 39.761615 ], [ -105.221695, 39.761615 ], [ -105.2213044, 39.7616229 ], [ -105.2210319, 39.7616471 ], [ -105.2207051, 39.7616895 ], [ -105.2203759, 39.7617494 ], [ -105.2199749, 39.7618636 ], [ -105.2197019, 39.7619646 ], [ -105.2195118, 39.7620452 ], [ -105.2191881, 39.7621874 ], [ -105.2186619, 39.7624339 ], [ -105.2182827, 39.7626069 ], [ -105.2180062, 39.7627546 ], [ -105.218185, 39.7626993 ], [ -105.2183536, 39.7626346 ], [ -105.2186598, 39.762505 ], [ -105.2192148, 39.7622878 ], [ -105.2196742, 39.7621211 ], [ -105.2201284, 39.7619781 ], [ -105.2206361, 39.7618382 ], [ -105.2206834, 39.7618296 ], [ -105.2206772, 39.7618027 ], [ -105.2208893, 39.7617715 ], [ -105.2213748, 39.7617265 ], [ -105.2218656, 39.7617009 ], [ -105.222209, 39.7616802 ], [ -105.2223051, 39.761681 ], [ -105.2223757, 39.7617017 ], [ -105.2224481, 39.76175 ], [ -105.2224693, 39.7618119 ], [ -105.2224799, 39.762105 ], [ -105.2224974, 39.7621196 ], [ -105.2225204, 39.7621278 ] ] ] } },
{ "type": "Feature", "properties": { "name": "", "landuse": "", "leisure": "", "natural": "scrub", "boundary": "", "amenity": "", "type": "District System", "district_system_type": "Central Hot Water" }, "geometry": { "type": "Polygon", "coordinates": [ [ [ -105.2317756, 39.7785275 ], [ -105.2317844, 39.7785394 ], [ -105.2318408, 39.7785202 ], [ -105.2318739, 39.7784865 ], [ -105.2320444, 39.7781752 ], [ -105.2322839, 39.7777743 ], [ -105.2325438, 39.7773421 ], [ -105.2326863, 39.7770713 ], [ -105.2327603, 39.7769796 ], [ -105.232862, 39.7768225 ], [ -105.2330738, 39.7764436 ], [ -105.2332717, 39.7761038 ], [ -105.233158, 39.7761728 ], [ -105.2331367, 39.7761842 ], [ -105.2331164, 39.7762062 ], [ -105.2329406, 39.7765019 ], [ -105.2327815, 39.7767998 ], [ -105.2327529, 39.7768346 ], [ -105.2327038, 39.7768694 ], [ -105.2326872, 39.7768922 ], [ -105.2326271, 39.776976 ], [ -105.2323949, 39.777404 ], [ -105.2321248, 39.7778852 ], [ -105.2318473, 39.7783935 ], [ -105.2317835, 39.7785143 ], [ -105.2317756, 39.7785275 ] ] ] } },
{ "type": "Feature", "properties": { "name": "", "landuse": "", "leisure": "", "natural": "scrub", "boundary": "", "amenity": "", "type": "District System", "district_system_type": "Central Hot Water" }, "geometry": { "type": "Polygon", "coordinates": [ [ [ -105.2316485, 39.7815375 ], [ -105.2316035, 39.7815962 ], [ -105.2315915, 39.78164 ], [ -105.2315945, 39.7821178 ], [ -105.2315735, 39.7825704 ], [ -105.2314926, 39.7832279 ], [ -105.2313802, 39.7842792 ], [ -105.2312813, 39.7852809 ], [ -105.2311794, 39.7861537 ], [ -105.2311159, 39.7867474 ], [ -105.231497, 39.786761 ], [ -105.2404464, 39.7867466 ], [ -105.2404421, 39.7843212 ], [ -105.2403875, 39.7832131 ], [ -105.2403438, 39.7829282 ], [ -105.2401742, 39.7829385 ], [ -105.2400622, 39.782921 ], [ -105.2396652, 39.7826706 ], [ -105.2389812, 39.7815864 ], [ -105.2384609, 39.7807928 ], [ -105.238226, 39.7798083 ], [ -105.2369958, 39.7798607 ], [ -105.2371121, 39.7793561 ], [ -105.23721, 39.7791725 ], [ -105.2372086, 39.7788205 ], [ -105.2363791, 39.7788063 ], [ -105.2359289, 39.7801167 ], [ -105.2353603, 39.7824294 ], [ -105.2349579, 39.783155 ], [ -105.2345985, 39.7833199 ], [ -105.2317017, 39.783258 ], [ -105.2316485, 39.7815375 ] ] ] } },
{ "type": "Feature", "properties": { "name": "", "landuse": "", "leisure": "", "natural": "wood", "boundary": "", "amenity": "", "type": "District System", "district_system_type": "Central Hot Water" }, "geometry": { "type": "Polygon", "coordinates": [ [ [ -105.2245082, 39.7605685 ], [ -105.2243091, 39.7606868 ], [ -105.2240811, 39.7608002 ], [ -105.2239662, 39.7602821 ], [ -105.2240038, 39.7600265 ], [ -105.2245885, 39.759757 ], [ -105.2246925, 39.7598603 ], [ -105.2241442, 39.7601516 ], [ -105.2245082, 39.7605685 ] ] ] } },
{ "type": "Feature", "properties": { "name": "", "landuse": "", "leisure": "park", "natural": "", "boundary": "", "amenity": "", "type": "District System", "district_system_type": "Central Hot Water" }, "geometry": { "type": "Polygon", "coordinates": [ [ [ -105.2202553, 39.7575227 ], [ -105.220232, 39.7574967 ], [ -105.2201733, 39.7574358 ], [ -105.220154, 39.7574117 ], [ -105.2202059, 39.7573914 ], [ -105.2203472, 39.7573396 ], [ -105.2205265, 39.7572927 ], [ -105.2205973, 39.7572743 ], [ -105.2206195, 39.7572686 ], [ -105.2210456, 39.757111 ], [ -105.2210743, 39.7571004 ], [ -105.2211423, 39.7570758 ], [ -105.2211707, 39.7570663 ], [ -105.2216627, 39.7569023 ], [ -105.2221615, 39.7567503 ], [ -105.222317, 39.7566889 ], [ -105.2223536, 39.7566695 ], [ -105.2223757, 39.7566581 ], [ -105.2224184, 39.7567147 ], [ -105.2224687, 39.7567694 ], [ -105.2224724, 39.7567856 ], [ -105.2224648, 39.7567885 ], [ -105.2224262, 39.7568163 ], [ -105.2223293, 39.7568531 ], [ -105.2222079, 39.7568747 ], [ -105.2220106, 39.7569267 ], [ -105.2218296, 39.7569617 ], [ -105.221651, 39.7570344 ], [ -105.2215238, 39.7570578 ], [ -105.2213673, 39.7570632 ], [ -105.22087, 39.7572454 ], [ -105.2205956, 39.7573549 ], [ -105.2203037, 39.7574949 ], [ -105.2202553, 39.7575227 ] ] ] } },
{ "type": "Feature", "properties": { "name": "DeLong Park", "landuse": "", "leisure": "park", "natural": "", "boundary": "", "amenity": "", "type": "District System", "district_system_type": "Central Hot Water" }, "geometry": { "type": "Polygon", "coordinates": [ [ [ -105.2078689, 39.7491702 ], [ -105.2078799, 39.7481723 ], [ -105.2084832, 39.7481444 ], [ -105.2087068, 39.7487451 ], [ -105.208491, 39.7488262 ], [ -105.2080381, 39.7490574 ], [ -105.2078689, 39.7491702 ] ] ] } },
{ "type": "Feature", "properties": { "name": "", "landuse": "", "leisure": "", "natural": "wetland; grassland", "boundary": "", "amenity": "", "type": "District System", "district_system_type": "Central Hot Water" }, "geometry": { "type": "Polygon", "coordinates": [ [ [ -105.1977084, 39.7310861 ], [ -105.1976888, 39.7310794 ], [ -105.1976801, 39.7310698 ], [ -105.197678, 39.7310569 ], [ -105.1976763, 39.7310364 ], [ -105.1976676, 39.7310239 ], [ -105.1976546, 39.7310138 ], [ -105.1975699, 39.7310009 ], [ -105.1974683, 39.7309867 ], [ -105.1974645, 39.731003 ], [ -105.1973977, 39.7309925 ], [ -105.1974399, 39.7308786 ], [ -105.1984199, 39.7308768 ], [ -105.198531, 39.7308513 ], [ -105.1985927, 39.7309919 ], [ -105.1988188, 39.7313381 ], [ -105.1990202, 39.7315594 ], [ -105.1991784, 39.7317001 ], [ -105.1993244, 39.7318155 ], [ -105.1995011, 39.7319593 ], [ -105.1995875, 39.7320289 ], [ -105.1996964, 39.732138 ], [ -105.1997922, 39.7322629 ], [ -105.1998503, 39.732358 ], [ -105.1999008, 39.7324529 ], [ -105.1999018, 39.7324609 ], [ -105.1998861, 39.7324631 ], [ -105.1998905, 39.7324942 ], [ -105.1998889, 39.7325232 ], [ -105.1998807, 39.7325472 ], [ -105.1998618, 39.7325671 ], [ -105.1998366, 39.7325906 ], [ -105.1998003, 39.7326098 ], [ -105.1997642, 39.7326176 ], [ -105.1997432, 39.732621 ], [ -105.1995808, 39.7326215 ], [ -105.1992829, 39.732624 ], [ -105.1988211, 39.7326269 ], [ -105.1986919, 39.7326284 ], [ -105.1973337, 39.7326386 ], [ -105.1973304, 39.7326236 ], [ -105.1973158, 39.7326119 ], [ -105.197268, 39.732599 ], [ -105.1971067, 39.7325626 ], [ -105.1969743, 39.7325546 ], [ -105.1968883, 39.7325437 ], [ -105.1968336, 39.7325314 ], [ -105.1967819, 39.7325098 ], [ -105.1967586, 39.7324938 ], [ -105.1967385, 39.7324621 ], [ -105.1967309, 39.73244 ], [ -105.196728, 39.7323985 ], [ -105.1967254, 39.7322965 ], [ -105.1967557, 39.732169 ], [ -105.1967684, 39.7321702 ], [ -105.1967779, 39.7321273 ], [ -105.196767, 39.7321242 ], [ -105.1967702, 39.7321029 ], [ -105.1968992, 39.7321052 ], [ -105.1968996, 39.7323719 ], [ -105.1969083, 39.7323817 ], [ -105.1969174, 39.7323854 ], [ -105.1972308, 39.7323865 ], [ -105.1974643, 39.7323873 ], [ -105.1974847, 39.7323812 ], [ -105.1977245, 39.7323781 ], [ -105.197726, 39.7323646 ], [ -105.197726, 39.7323382 ], [ -105.198214, 39.7323414 ], [ -105.1982458, 39.7323345 ], [ -105.1982806, 39.7323229 ], [ -105.1983044, 39.7323038 ], [ -105.1983134, 39.7322816 ], [ -105.1983128, 39.7320731 ], [ -105.1983089, 39.7320603 ], [ -105.1983109, 39.732026 ], [ -105.1983498, 39.7320275 ], [ -105.1983504, 39.7320137 ], [ -105.1983906, 39.7320142 ], [ -105.19839, 39.7319794 ], [ -105.1983998, 39.7319659 ], [ -105.1983707, 39.7319366 ], [ -105.1983685, 39.731909 ], [ -105.1983488, 39.7319082 ], [ -105.1983475, 39.7318593 ], [ -105.1983218, 39.7318593 ], [ -105.1983191, 39.7317691 ], [ -105.198255, 39.7317653 ], [ -105.1982311, 39.7316392 ], [ -105.1982332, 39.7315945 ], [ -105.1982235, 39.7315611 ], [ -105.1981925, 39.7315264 ], [ -105.1981469, 39.731513 ], [ -105.1981034, 39.7315114 ], [ -105.1980828, 39.7315093 ], [ -105.1979991, 39.7313827 ], [ -105.1979948, 39.731343 ], [ -105.1979622, 39.7313205 ], [ -105.1979253, 39.7313079 ], [ -105.1978791, 39.7313155 ], [ -105.1978384, 39.7313155 ], [ -105.197815, 39.7313109 ], [ -105.1978519, 39.73113 ], [ -105.1978454, 39.7311129 ], [ -105.1978186, 39.7310995 ], [ -105.1977084, 39.7310861 ] ] ] } },
{ "type": "Feature", "properties": { "name": "", "landuse": "", "leisure": "", "natural": "scrub", "boundary": "", "amenity": "", "type": "District System", "district_system_type": "Central Hot Water" }, "geometry": { "type": "Polygon", "coordinates": [ [ [ -105.2286305, 39.7511239 ], [ -105.2283619, 39.751265 ], [ -105.2279801, 39.7514759 ], [ -105.2278588, 39.7515446 ], [ -105.2278099, 39.7515783 ], [ -105.2277557, 39.7516199 ], [ -105.2277314, 39.7516331 ], [ -105.2276976, 39.7516342 ], [ -105.2276625, 39.7516715 ], [ -105.2276463, 39.7517164 ], [ -105.2276116, 39.7517863 ], [ -105.2275878, 39.7518425 ], [ -105.2275911, 39.7518729 ], [ -105.2275859, 39.7518912 ], [ -105.2275255, 39.7518912 ], [ -105.2274352, 39.7519043 ], [ -105.2273653, 39.7519416 ], [ -105.2273738, 39.7519508 ], [ -105.2273472, 39.7519899 ], [ -105.2273448, 39.7520019 ], [ -105.2273862, 39.7520089 ], [ -105.2273738, 39.7520396 ], [ -105.2272673, 39.7520414 ], [ -105.2272279, 39.7520151 ], [ -105.2271718, 39.7519471 ], [ -105.2271114, 39.751897 ], [ -105.227081, 39.7518711 ], [ -105.2270372, 39.751817 ], [ -105.2269944, 39.7517833 ], [ -105.2269573, 39.751738 ], [ -105.226916, 39.7517146 ], [ -105.226848, 39.7516075 ], [ -105.2267724, 39.7515326 ], [ -105.2267185, 39.7514595 ], [ -105.2267026, 39.7514107 ], [ -105.2267248, 39.7513799 ], [ -105.2266974, 39.7513571 ], [ -105.2266678, 39.7513458 ], [ -105.2266392, 39.7513051 ], [ -105.2265949, 39.7512605 ], [ -105.2265621, 39.7512036 ], [ -105.2265135, 39.7511459 ], [ -105.2264776, 39.7511134 ], [ -105.2264554, 39.7510817 ], [ -105.2264512, 39.7510411 ], [ -105.2264269, 39.7510233 ], [ -105.226403, 39.7510541 ], [ -105.2263885, 39.7510717 ], [ -105.2262968, 39.7510856 ], [ -105.2262509, 39.7510633 ], [ -105.2262171, 39.7509873 ], [ -105.2262074, 39.750926 ], [ -105.2261543, 39.7508722 ], [ -105.2261205, 39.7508276 ], [ -105.2260397, 39.750746 ], [ -105.22596, 39.7506866 ], [ -105.2258743, 39.7506467 ], [ -105.2258079, 39.7506402 ], [ -105.2257258, 39.7506188 ], [ -105.22568, 39.7506068 ], [ -105.2255198, 39.7506988 ], [ -105.2253955, 39.750568 ], [ -105.2253298, 39.750605 ], [ -105.2252718, 39.750544 ], [ -105.2253246, 39.7505117 ], [ -105.22575, 39.7503366 ], [ -105.2257252, 39.7503035 ], [ -105.2257329, 39.7502971 ], [ -105.2257441, 39.7502947 ], [ -105.2257546, 39.7502985 ], [ -105.2257639, 39.7502991 ], [ -105.2257968, 39.7503251 ], [ -105.2258584, 39.7503623 ], [ -105.2260503, 39.7504316 ], [ -105.2262986, 39.7506038 ], [ -105.2265672, 39.7508725 ], [ -105.2266233, 39.7509487 ], [ -105.2267046, 39.751008 ], [ -105.2267887, 39.7510703 ], [ -105.2268801, 39.7510873 ], [ -105.2270407, 39.7510989 ], [ -105.2271817, 39.7511269 ], [ -105.2273212, 39.7511781 ], [ -105.227289, 39.751211 ], [ -105.2272692, 39.751233 ], [ -105.2272469, 39.7512483 ], [ -105.2272202, 39.7512607 ], [ -105.2271842, 39.7512707 ], [ -105.2271594, 39.7512817 ], [ -105.2271314, 39.7512998 ], [ -105.2271153, 39.751317 ], [ -105.2270942, 39.7513456 ], [ -105.2270818, 39.7513737 ], [ -105.2271574, 39.7513864 ], [ -105.2272224, 39.7513967 ], [ -105.2272407, 39.7514031 ], [ -105.2272507, 39.7514079 ], [ -105.2272469, 39.7514181 ], [ -105.2272602, 39.7514261 ], [ -105.227284, 39.7514242 ], [ -105.2273385, 39.75143 ], [ -105.2273943, 39.751437 ], [ -105.2274525, 39.7514399 ], [ -105.2275041, 39.7514364 ], [ -105.2275487, 39.7514287 ], [ -105.227696, 39.7513864 ], [ -105.2280394, 39.7512831 ], [ -105.2283291, 39.7511941 ], [ -105.2285472, 39.7511285 ], [ -105.22861, 39.7511096 ], [ -105.2286196, 39.7511084 ], [ -105.2286263, 39.7511119 ], [ -105.2286308, 39.7511183 ], [ -105.2286305, 39.7511239 ] ] ] } },
{ "type": "Feature", "properties": { "name": "", "landuse": "", "leisure": "", "natural": "grassland", "boundary": "", "amenity": "", "type": "District System", "district_system_type": "Central Hot Water" }, "geometry": { "type": "Polygon", "coordinates": [ [ [ -105.206056, 39.7430411 ], [ -105.2061419, 39.7429834 ], [ -105.2066275, 39.7428645 ], [ -105.2066578, 39.7429297 ], [ -105.2067016, 39.7429187 ], [ -105.2067071, 39.7429251 ], [ -105.2067218, 39.7429275 ], [ -105.2067473, 39.7430163 ], [ -105.2066931, 39.743034 ], [ -105.2066472, 39.7430614 ], [ -105.2066389, 39.7430742 ], [ -105.2066427, 39.7430933 ], [ -105.2066414, 39.7431124 ], [ -105.2066344, 39.7431301 ], [ -105.2066223, 39.7431507 ], [ -105.2066184, 39.7431762 ], [ -105.2066184, 39.7432007 ], [ -105.2066184, 39.7432164 ], [ -105.2066159, 39.743236 ], [ -105.2066025, 39.7432566 ], [ -105.2065904, 39.7432684 ], [ -105.2065547, 39.7432885 ], [ -105.2063811, 39.7433827 ], [ -105.2062019, 39.7434798 ], [ -105.2061751, 39.7434867 ], [ -105.2061489, 39.7434872 ], [ -105.2061241, 39.7434842 ], [ -105.2060807, 39.7434612 ], [ -105.2047908, 39.7426661 ], [ -105.2038665, 39.7420966 ], [ -105.203159, 39.7416866 ], [ -105.2031591, 39.7416199 ], [ -105.2033052, 39.7415886 ], [ -105.2034947, 39.7415157 ], [ -105.2037301, 39.7413947 ], [ -105.2041921, 39.7411364 ], [ -105.2046789, 39.7408517 ], [ -105.2047532, 39.7407604 ], [ -105.2048647, 39.7404382 ], [ -105.204998, 39.7401031 ], [ -105.205068, 39.740023 ], [ -105.2051387, 39.7399675 ], [ -105.2051868, 39.7399445 ], [ -105.2054696, 39.7398533 ], [ -105.2055482, 39.739828 ], [ -105.2058237, 39.7397372 ], [ -105.2059352, 39.739749 ], [ -105.2061166, 39.7397411 ], [ -105.2064075, 39.7396267 ], [ -105.2063927, 39.739308 ], [ -105.2062743, 39.7393038 ], [ -105.2062632, 39.7391075 ], [ -105.2061948, 39.7390691 ], [ -105.2059432, 39.7390747 ], [ -105.2055122, 39.7391615 ], [ -105.2053457, 39.7392383 ], [ -105.2053291, 39.7392938 ], [ -105.2054548, 39.7398116 ], [ -105.2051404, 39.7399154 ], [ -105.2050948, 39.7399402 ], [ -105.2050301, 39.73999 ], [ -105.2049788, 39.7400368 ], [ -105.2049037, 39.7401815 ], [ -105.2047857, 39.7405311 ], [ -105.2047287, 39.7406963 ], [ -105.204665, 39.740795 ], [ -105.2046032, 39.7408477 ], [ -105.2045233, 39.7408967 ], [ -105.2038424, 39.7412776 ], [ -105.2034297, 39.7414955 ], [ -105.2033099, 39.7415394 ], [ -105.2032367, 39.7415518 ], [ -105.2031591, 39.7415635 ], [ -105.2031624, 39.7381248 ], [ -105.2083782, 39.7381357 ], [ -105.2101689, 39.7381378 ], [ -105.2105563, 39.7381983 ], [ -105.2104059, 39.7384239 ], [ -105.2091415, 39.7395735 ], [ -105.209146, 39.7396358 ], [ -105.209136, 39.7397202 ], [ -105.208313, 39.7407496 ], [ -105.2086338, 39.7415165 ], [ -105.2085075, 39.7422232 ], [ -105.2083526, 39.7425353 ], [ -105.2083433, 39.7427787 ], [ -105.2079867, 39.7427624 ], [ -105.2080726, 39.7426105 ], [ -105.2081276, 39.7424711 ], [ -105.2081649, 39.7422905 ], [ -105.2081811, 39.7422382 ], [ -105.2082394, 39.7421585 ], [ -105.2083851, 39.7419842 ], [ -105.2084612, 39.7418821 ], [ -105.208492, 39.7418062 ], [ -105.2085033, 39.7415621 ], [ -105.2085098, 39.7413741 ], [ -105.2079067, 39.7407477 ], [ -105.2079175, 39.7405744 ], [ -105.2073167, 39.7399474 ], [ -105.2047525, 39.7413499 ], [ -105.2047096, 39.7415644 ], [ -105.206056, 39.7430411 ] ] ] } },
{ "type": "Feature", "properties": { "name": "", "landuse": "", "leisure": "", "natural": "wetland", "boundary": "", "amenity": "", "type": "District System", "district_system_type": "Central Hot Water" }, "geometry": { "type": "Polygon", "coordinates": [ [ [ -105.2019752, 39.736505 ], [ -105.2019973, 39.7365771 ], [ -105.202005, 39.736645 ], [ -105.2019714, 39.7366914 ], [ -105.2019765, 39.7367133 ], [ -105.2019946, 39.736752 ], [ -105.2020197, 39.7367976 ], [ -105.2020408, 39.7368422 ], [ -105.202071, 39.7368827 ], [ -105.2021015, 39.7369191 ], [ -105.202118, 39.736943 ], [ -105.2021243, 39.7369637 ], [ -105.2021035, 39.7369969 ], [ -105.2020525, 39.737034 ], [ -105.2019573, 39.7370362 ], [ -105.2018057, 39.7370044 ], [ -105.2017215, 39.7369132 ], [ -105.2016705, 39.7368347 ], [ -105.2017174, 39.7366258 ], [ -105.2017477, 39.7365336 ], [ -105.2017891, 39.736488 ], [ -105.201836, 39.7364509 ], [ -105.2018773, 39.7364286 ], [ -105.2019242, 39.7364477 ], [ -105.2019752, 39.736505 ] ] ] } },
{ "type": "Feature", "properties": { "name": "", "landuse": "", "leisure": "", "natural": "wetland", "boundary": "", "amenity": "", "type": "District System", "district_system_type": "Central Hot Water" }, "geometry": { "type": "Polygon", "coordinates": [ [ [ -105.2020546, 39.7372737 ], [ -105.2020001, 39.7372949 ], [ -105.2019118, 39.7372917 ], [ -105.2018236, 39.7372779 ], [ -105.2017932, 39.737244 ], [ -105.2017753, 39.7371676 ], [ -105.2017505, 39.737104 ], [ -105.2017298, 39.7370468 ], [ -105.201785, 39.7370362 ], [ -105.2018553, 39.7370436 ], [ -105.2018911, 39.7370786 ], [ -105.2019173, 39.7370934 ], [ -105.2020001, 39.7370902 ], [ -105.2020649, 39.7370955 ], [ -105.2020888, 39.7371261 ], [ -105.2020911, 39.7371496 ], [ -105.2020546, 39.7372737 ] ] ] } },
{ "type": "Feature", "properties": { "name": "", "landuse": "", "leisure": "", "natural": "wetland", "boundary": "", "amenity": "", "type": "District System", "district_system_type": "Central Hot Water" }, "geometry": { "type": "Polygon", "coordinates": [ [ [ -105.2020948, 39.7382192 ], [ -105.2020193, 39.7382248 ], [ -105.2019401, 39.7381722 ], [ -105.2019113, 39.7381196 ], [ -105.2019131, 39.7380518 ], [ -105.2018933, 39.7379895 ], [ -105.2018861, 39.73793 ], [ -105.2018286, 39.7377737 ], [ -105.2018196, 39.7376796 ], [ -105.2018807, 39.7376146 ], [ -105.2018915, 39.7375772 ], [ -105.2018573, 39.7374928 ], [ -105.2018735, 39.7374444 ], [ -105.2019329, 39.7373572 ], [ -105.2019869, 39.7373337 ], [ -105.2020677, 39.7373277 ], [ -105.2020928, 39.7373501 ], [ -105.2021629, 39.7374082 ], [ -105.2021763, 39.7374259 ], [ -105.2021756, 39.7374417 ], [ -105.2021696, 39.7374618 ], [ -105.2021572, 39.7374907 ], [ -105.2021424, 39.737509 ], [ -105.2021143, 39.737542 ], [ -105.2020841, 39.737568 ], [ -105.20206, 39.7375866 ], [ -105.2020475, 39.7375984 ], [ -105.2020244, 39.7376111 ], [ -105.2019973, 39.7376227 ], [ -105.2019781, 39.7376327 ], [ -105.2019721, 39.7376482 ], [ -105.2019678, 39.7376686 ], [ -105.2019751, 39.7376884 ], [ -105.2019862, 39.7377093 ], [ -105.2019949, 39.7377374 ], [ -105.202004, 39.7377624 ], [ -105.2020063, 39.737789 ], [ -105.202008, 39.7378307 ], [ -105.2020127, 39.7378738 ], [ -105.202013, 39.7379148 ], [ -105.202008, 39.7379493 ], [ -105.2019895, 39.7379852 ], [ -105.2019818, 39.7379981 ], [ -105.2019721, 39.738014 ], [ -105.2019738, 39.7380264 ], [ -105.2019828, 39.7380367 ], [ -105.202014, 39.738045 ], [ -105.2020425, 39.7380537 ], [ -105.2020657, 39.7380635 ], [ -105.2020807, 39.7380728 ], [ -105.2020985, 39.7380893 ], [ -105.2021146, 39.7381099 ], [ -105.20213, 39.7381339 ], [ -105.2021438, 39.7381579 ], [ -105.2021518, 39.7381847 ], [ -105.2021465, 39.7381963 ], [ -105.2021357, 39.7382095 ], [ -105.2020948, 39.7382192 ] ] ] } },
{ "type": "Feature", "properties": { "name": "", "landuse": "", "leisure": "", "natural": "scrub", "boundary": "", "amenity": "", "type": "District System", "district_system_type": "Central Hot Water" }, "geometry": { "type": "Polygon", "coordinates": [ [ [ -105.2122648, 39.7338094 ], [ -105.2122896, 39.7337778 ], [ -105.2122967, 39.7337582 ], [ -105.2122967, 39.7337358 ], [ -105.2122867, 39.7337113 ], [ -105.2122726, 39.7336906 ], [ -105.2122456, 39.7336633 ], [ -105.2117388, 39.7332693 ], [ -105.2115765, 39.7331493 ], [ -105.2115312, 39.7331275 ], [ -105.2114638, 39.7331085 ], [ -105.211383, 39.7331106 ], [ -105.2113263, 39.7331297 ], [ -105.211264, 39.7331624 ], [ -105.2110981, 39.7332878 ], [ -105.2110896, 39.733309 ], [ -105.2110903, 39.7333161 ], [ -105.21113, 39.7333586 ], [ -105.2111948, 39.7333943 ], [ -105.2113074, 39.733309 ], [ -105.2113207, 39.7333118 ], [ -105.2113299, 39.7333047 ], [ -105.2113568, 39.7333227 ], [ -105.2117743, 39.7336481 ], [ -105.211809, 39.7336672 ], [ -105.2118211, 39.7336808 ], [ -105.211843, 39.7336742 ], [ -105.2118515, 39.7336884 ], [ -105.2118686, 39.7336819 ], [ -105.2118799, 39.7336901 ], [ -105.2118997, 39.7336841 ], [ -105.2119167, 39.73372 ], [ -105.211808, 39.7337993 ], [ -105.2118626, 39.7338418 ], [ -105.2119869, 39.7337451 ], [ -105.2120061, 39.733744 ], [ -105.212084, 39.7338067 ], [ -105.2121485, 39.7337985 ], [ -105.2121932, 39.7338301 ], [ -105.2122286, 39.7338018 ], [ -105.2122648, 39.7338094 ] ] ] } },
{ "type": "Feature", "properties": { "name": "", "landuse": "", "leisure": "", "natural": "scrub", "boundary": "", "amenity": "", "type": "District System", "district_system_type": "Central Hot Water" }, "geometry": { "type": "Polygon", "coordinates": [ [ [ -105.2105538, 39.7361092 ], [ -105.210359, 39.7361902 ], [ -105.2078073, 39.7363113 ], [ -105.2078025, 39.7362985 ], [ -105.2078673, 39.7362914 ], [ -105.2079237, 39.7362601 ], [ -105.207957, 39.7362295 ], [ -105.2079903, 39.7361726 ], [ -105.208068, 39.7360389 ], [ -105.2080957, 39.7359934 ], [ -105.2081272, 39.7359713 ], [ -105.2097014, 39.7359528 ], [ -105.2102545, 39.7359471 ], [ -105.2102952, 39.7359464 ], [ -105.2103239, 39.7359372 ], [ -105.2103399, 39.7359286 ], [ -105.2102749, 39.7359978 ], [ -105.2102803, 39.7360679 ], [ -105.2105538, 39.7361092 ] ] ] } },
{ "type": "Feature", "properties": { "name": "", "landuse": "", "leisure": "", "natural": "scrub", "boundary": "", "amenity": "", "type": "District System", "district_system_type": "Central Hot Water" }, "geometry": { "type": "Polygon", "coordinates": [ [ [ -105.2327596, 39.7552846 ], [ -105.2325771, 39.7553502 ], [ -105.2325554, 39.7553414 ], [ -105.2325586, 39.7553026 ], [ -105.2325749, 39.7552625 ], [ -105.2326222, 39.7551882 ], [ -105.2326836, 39.755093 ], [ -105.232721, 39.7550287 ], [ -105.2327308, 39.754979 ], [ -105.232733, 39.754938 ], [ -105.2326483, 39.754875 ], [ -105.232525, 39.7548481 ], [ -105.232751, 39.7548536 ], [ -105.2327563, 39.7550512 ], [ -105.2327677, 39.7552303 ], [ -105.2327694, 39.7552683 ], [ -105.2327596, 39.7552846 ] ] ] } },
{ "type": "Feature", "properties": { "name": "", "landuse": "", "leisure": "", "natural": "scrub", "boundary": "", "amenity": "", "type": "District System", "district_system_type": "Central Hot Water" }, "geometry": { "type": "Polygon", "coordinates": [ [ [ -105.2227241, 39.7603756 ], [ -105.2226726, 39.7603019 ], [ -105.222506, 39.7601259 ], [ -105.2219673, 39.7595451 ], [ -105.2219029, 39.7595821 ], [ -105.2219662, 39.7596283 ], [ -105.2220877, 39.7597627 ], [ -105.2223849, 39.76011 ], [ -105.2226043, 39.7603621 ], [ -105.2226339, 39.7604046 ], [ -105.2227241, 39.7603756 ] ] ] } },
{ "type": "Feature", "properties": { "name": "", "landuse": "", "leisure": "", "natural": "scrub", "boundary": "", "amenity": "", "type": "District System", "district_system_type": "Central Hot Water" }, "geometry": { "type": "Polygon", "coordinates": [ [ [ -105.2225241, 39.7604392 ], [ -105.2222806, 39.7601522 ], [ -105.2220792, 39.7599214 ], [ -105.2218633, 39.7596717 ], [ -105.2218176, 39.7596376 ], [ -105.2217219, 39.7596919 ], [ -105.2218216, 39.7597677 ], [ -105.221931, 39.7598992 ], [ -105.2220172, 39.7599848 ], [ -105.222143, 39.7601258 ], [ -105.2224488, 39.7604634 ], [ -105.2225241, 39.7604392 ] ] ] } },
{ "type": "Feature", "properties": { "name": "", "landuse": "", "leisure": "", "natural": "scrub", "boundary": "", "amenity": "", "type": "District System", "district_system_type": "Central Hot Water" }, "geometry": { "type": "Polygon", "coordinates": [ [ [ -105.223521, 39.7612205 ], [ -105.2233821, 39.7610664 ], [ -105.2231533, 39.7608201 ], [ -105.2229461, 39.7605987 ], [ -105.2227821, 39.760421 ], [ -105.222746, 39.7604072 ], [ -105.22266, 39.7604416 ], [ -105.2226682, 39.760453 ], [ -105.2227306, 39.7605221 ], [ -105.2227889, 39.760575 ], [ -105.2229792, 39.7607424 ], [ -105.2230569, 39.7608189 ], [ -105.2231694, 39.7609571 ], [ -105.2232091, 39.7610243 ], [ -105.2233079, 39.7610754 ], [ -105.2233387, 39.7611488 ], [ -105.2233865, 39.761256 ], [ -105.22342, 39.7612472 ], [ -105.223521, 39.7612205 ] ] ] } },
{ "type": "Feature", "properties": { "name": "", "landuse": "", "leisure": "", "natural": "wood", "boundary": "", "amenity": "", "type": "District System", "district_system_type": "Central Hot Water" }, "geometry": { "type": "Polygon", "coordinates": [ [ [ -105.2218866, 39.7595701 ], [ -105.2219475, 39.7595251 ], [ -105.2218358, 39.7594019 ], [ -105.2218127, 39.7593836 ], [ -105.2217017, 39.7593036 ], [ -105.2215731, 39.7592136 ], [ -105.2214765, 39.7591024 ], [ -105.2213974, 39.7591434 ], [ -105.2212381, 39.759132 ], [ -105.2211918, 39.7591248 ], [ -105.2210509, 39.7591059 ], [ -105.220675, 39.7590899 ], [ -105.22061, 39.7591297 ], [ -105.2210593, 39.7591692 ], [ -105.2212707, 39.7591994 ], [ -105.2214311, 39.7592585 ], [ -105.2215703, 39.759327 ], [ -105.2217622, 39.7594789 ], [ -105.2218866, 39.7595701 ] ] ] } },
{ "type": "Feature", "properties": { "name": "", "landuse": "", "leisure": "", "natural": "wood", "boundary": "", "amenity": "", "type": "District System", "district_system_type": "Central Hot Water" }, "geometry": { "type": "Polygon", "coordinates": [ [ [ -105.2217704, 39.7595966 ], [ -105.2216542, 39.7596822 ], [ -105.2214933, 39.7595737 ], [ -105.2211332, 39.7593231 ], [ -105.2210028, 39.7593013 ], [ -105.2203897, 39.7592615 ], [ -105.2204408, 39.7592348 ], [ -105.2205581, 39.759239 ], [ -105.2206881, 39.7592436 ], [ -105.2208674, 39.7592479 ], [ -105.2211028, 39.7592555 ], [ -105.2212261, 39.7592741 ], [ -105.2213274, 39.7593019 ], [ -105.221382, 39.7593237 ], [ -105.2214805, 39.7593732 ], [ -105.2216258, 39.7594866 ], [ -105.2217704, 39.7595966 ] ] ] } },
{ "type": "Feature", "properties": { "name": "", "landuse": "", "leisure": "", "natural": "wood", "boundary": "", "amenity": "", "type": "District System", "district_system_type": "Central Hot Water" }, "geometry": { "type": "Polygon", "coordinates": [ [ [ -105.2202809, 39.7591491 ], [ -105.2202421, 39.7591703 ], [ -105.2201758, 39.759205 ], [ -105.2201534, 39.7592079 ], [ -105.2201405, 39.7592007 ], [ -105.2201285, 39.7591871 ], [ -105.2200992, 39.7591586 ], [ -105.2200648, 39.7591391 ], [ -105.220039, 39.7591282 ], [ -105.2200067, 39.7591107 ], [ -105.2199503, 39.7590667 ], [ -105.2198694, 39.758987 ], [ -105.2198135, 39.7589278 ], [ -105.2196986, 39.7587898 ], [ -105.2197374, 39.7587649 ], [ -105.2198473, 39.7588797 ], [ -105.2199874, 39.7590046 ], [ -105.2200416, 39.7590481 ], [ -105.2200967, 39.7590855 ], [ -105.2202036, 39.7591334 ], [ -105.2202809, 39.7591491 ] ] ] } },
{ "type": "Feature", "properties": { "name": "", "landuse": "", "leisure": "", "natural": "scrub", "boundary": "", "amenity": "", "type": "District System", "district_system_type": "Central Hot Water" }, "geometry": { "type": "Polygon", "coordinates": [ [ [ -105.2157259, 39.7403532 ], [ -105.2151044, 39.739862 ], [ -105.2149822, 39.7399179 ], [ -105.2149847, 39.7399495 ], [ -105.2149987, 39.7399768 ], [ -105.2150088, 39.7399963 ], [ -105.2150177, 39.7400597 ], [ -105.2150431, 39.7404978 ], [ -105.2150393, 39.7405153 ], [ -105.2150279, 39.740531 ], [ -105.2150405, 39.7407252 ], [ -105.2151684, 39.7407225 ], [ -105.2152757, 39.74045 ], [ -105.2155021, 39.7402725 ], [ -105.2157259, 39.7403532 ] ] ] } },
{ "type": "Feature", "properties": { "name": "", "landuse": "", "leisure": "", "natural": "wood", "boundary": "", "amenity": "", "type": "District System", "district_system_type": "Central Hot Water" }, "geometry": { "type": "Polygon", "coordinates": [ [ [ -105.2298135, 39.7635638 ], [ -105.2299232, 39.7634697 ], [ -105.2298981, 39.7634171 ], [ -105.2297073, 39.7633189 ], [ -105.2296498, 39.763301 ], [ -105.2296785, 39.7632346 ], [ -105.2296282, 39.763171 ], [ -105.2295418, 39.7631101 ], [ -105.229531, 39.7630064 ], [ -105.2295202, 39.7629497 ], [ -105.2295562, 39.7628805 ], [ -105.2295508, 39.7628279 ], [ -105.22954, 39.7627782 ], [ -105.2294482, 39.7627477 ], [ -105.2293439, 39.7626786 ], [ -105.2292989, 39.7626468 ], [ -105.2292287, 39.7626329 ], [ -105.2291837, 39.7625928 ], [ -105.2291136, 39.7625624 ], [ -105.2290686, 39.762514 ], [ -105.2289876, 39.7624988 ], [ -105.2289013, 39.7624656 ], [ -105.2288311, 39.7624089 ], [ -105.2288329, 39.7623535 ], [ -105.2287519, 39.762301 ], [ -105.2286943, 39.7622692 ], [ -105.2286152, 39.7622263 ], [ -105.2285918, 39.7621917 ], [ -105.228446, 39.762052 ], [ -105.2284262, 39.7619759 ], [ -105.2284244, 39.7618999 ], [ -105.2284586, 39.7618528 ], [ -105.228491, 39.7617892 ], [ -105.2285126, 39.7617325 ], [ -105.2283867, 39.7617339 ], [ -105.2283471, 39.761756 ], [ -105.2283255, 39.7618072 ], [ -105.2282643, 39.7618169 ], [ -105.2282013, 39.7618114 ], [ -105.2281617, 39.7618667 ], [ -105.2281941, 39.7619262 ], [ -105.2282697, 39.7620271 ], [ -105.2284011, 39.7621405 ], [ -105.2284388, 39.7621779 ], [ -105.2284244, 39.7622415 ], [ -105.2285414, 39.7622982 ], [ -105.228518, 39.7623522 ], [ -105.2284766, 39.7623895 ], [ -105.2284946, 39.7624517 ], [ -105.2285684, 39.7625389 ], [ -105.228635, 39.762597 ], [ -105.2286763, 39.7626219 ], [ -105.2288527, 39.7626232 ], [ -105.2290146, 39.7626993 ], [ -105.2290776, 39.7627768 ], [ -105.2290668, 39.7628349 ], [ -105.2291765, 39.7629787 ], [ -105.2291711, 39.7630257 ], [ -105.2291568, 39.7630838 ], [ -105.2292557, 39.7631267 ], [ -105.2293457, 39.7631875 ], [ -105.2294105, 39.7632456 ], [ -105.2294194, 39.7633148 ], [ -105.229459, 39.7633618 ], [ -105.2295436, 39.7633604 ], [ -105.2296174, 39.7634379 ], [ -105.2296228, 39.7635029 ], [ -105.2297217, 39.7635485 ], [ -105.2298135, 39.7635638 ] ] ] } },
{ "type": "Feature", "properties": { "name": "", "landuse": "", "leisure": "", "natural": "grassland; wetland", "boundary": "", "amenity": "", "type": "District System", "district_system_type": "Central Hot Water" }, "geometry": { "type": "Polygon", "coordinates": [ [ [ -105.2246542, 39.7414627 ], [ -105.2246194, 39.7414316 ], [ -105.2244568, 39.7415446 ], [ -105.2244082, 39.7415815 ], [ -105.2243654, 39.7416241 ], [ -105.2243395, 39.741663 ], [ -105.2243157, 39.7417047 ], [ -105.2243028, 39.7417305 ], [ -105.2242434, 39.7417182 ], [ -105.2239876, 39.7415311 ], [ -105.2240533, 39.741481 ], [ -105.2241106, 39.7414266 ], [ -105.2241799, 39.7413539 ], [ -105.22423, 39.7412883 ], [ -105.2242698, 39.7412287 ], [ -105.2242796, 39.7412025 ], [ -105.2242796, 39.7411842 ], [ -105.2242723, 39.7411699 ], [ -105.2242553, 39.7411505 ], [ -105.2242605, 39.741129 ], [ -105.2243008, 39.7411278 ], [ -105.2243529, 39.7411294 ], [ -105.2244093, 39.7411322 ], [ -105.2244759, 39.7411445 ], [ -105.2245405, 39.7411632 ], [ -105.2246025, 39.7411922 ], [ -105.2246656, 39.7412319 ], [ -105.2247441, 39.7412963 ], [ -105.2247772, 39.7413289 ], [ -105.2247885, 39.7413451 ], [ -105.2247927, 39.7413634 ], [ -105.2247885, 39.7413865 ], [ -105.2247725, 39.7414087 ], [ -105.2246893, 39.7414687 ], [ -105.2246542, 39.7414627 ] ] ] } },
{ "type": "Feature", "properties": { "name": "", "landuse": "", "leisure": "", "natural": "grassland; wetland", "boundary": "", "amenity": "", "type": "District System", "district_system_type": "Central Hot Water" }, "geometry": { "type": "Polygon", "coordinates": [ [ [ -105.2240396, 39.7418322 ], [ -105.2240666, 39.7418846 ], [ -105.2238671, 39.741946 ], [ -105.2238007, 39.7419672 ], [ -105.223708, 39.741799 ], [ -105.223766, 39.7417771 ], [ -105.2237194, 39.7417073 ], [ -105.2236614, 39.7417245 ], [ -105.2236539, 39.7417 ], [ -105.2236526, 39.741686 ], [ -105.2236694, 39.7416803 ], [ -105.2237099, 39.7416876 ], [ -105.2237335, 39.7416901 ], [ -105.2237591, 39.741687 ], [ -105.2237942, 39.7416725 ], [ -105.2238238, 39.7416544 ], [ -105.2238333, 39.741645 ], [ -105.2238434, 39.7416264 ], [ -105.2239075, 39.741587 ], [ -105.2239742, 39.7415413 ], [ -105.2242331, 39.7417316 ], [ -105.2242958, 39.7417493 ], [ -105.2240396, 39.7418322 ] ] ] } },
{ "type": "Feature", "properties": { "name": "", "landuse": "", "leisure": "", "natural": "wood", "boundary": "", "amenity": "", "type": "District System", "district_system_type": "Central Hot Water" }, "geometry": { "type": "Polygon", "coordinates": [ [ [ -105.2280986, 39.7420918 ], [ -105.2281471, 39.7421271 ], [ -105.2282313, 39.7421605 ], [ -105.2282977, 39.7421663 ], [ -105.228364, 39.742237 ], [ -105.2283895, 39.7422899 ], [ -105.2284176, 39.7423645 ], [ -105.2284252, 39.7424508 ], [ -105.2283997, 39.742494 ], [ -105.2283436, 39.7425372 ], [ -105.2282401, 39.7426368 ], [ -105.2281395, 39.7426823 ], [ -105.2280323, 39.7427098 ], [ -105.2279506, 39.7426941 ], [ -105.2278715, 39.7426333 ], [ -105.227846, 39.7426137 ], [ -105.2277822, 39.7426117 ], [ -105.2277516, 39.7426902 ], [ -105.2277006, 39.7427059 ], [ -105.2276444, 39.7426823 ], [ -105.2275322, 39.7426941 ], [ -105.2275322, 39.7427667 ], [ -105.2275143, 39.7428158 ], [ -105.2274556, 39.7428629 ], [ -105.2273867, 39.7428648 ], [ -105.2273918, 39.7427706 ], [ -105.2273, 39.7427746 ], [ -105.2272311, 39.7428256 ], [ -105.2272311, 39.7428825 ], [ -105.2272949, 39.7429139 ], [ -105.227254, 39.743008 ], [ -105.2271851, 39.7431081 ], [ -105.2271443, 39.7431768 ], [ -105.2271341, 39.7432592 ], [ -105.2271137, 39.7433553 ], [ -105.2271009, 39.7434103 ], [ -105.2270474, 39.7434495 ], [ -105.2269583, 39.7435366 ], [ -105.2268075, 39.7436241 ], [ -105.226731, 39.7436673 ], [ -105.2266034, 39.7437536 ], [ -105.2265651, 39.7437673 ], [ -105.2265064, 39.7437261 ], [ -105.2264962, 39.743683 ], [ -105.2265345, 39.7436123 ], [ -105.226566, 39.7435576 ], [ -105.2266217, 39.7435193 ], [ -105.2267169, 39.7435316 ], [ -105.2268353, 39.7434683 ], [ -105.2268849, 39.7434048 ], [ -105.2269031, 39.7433111 ], [ -105.2269032, 39.7431982 ], [ -105.2269153, 39.7430611 ], [ -105.2268648, 39.7429295 ], [ -105.226839, 39.7428325 ], [ -105.2267827, 39.7427007 ], [ -105.2267213, 39.7426179 ], [ -105.2266514, 39.7425069 ], [ -105.226566, 39.7424467 ], [ -105.2263775, 39.7424583 ], [ -105.2261585, 39.7424413 ], [ -105.2260847, 39.7424128 ], [ -105.2260446, 39.7423765 ], [ -105.22602, 39.742337 ], [ -105.225993, 39.742294 ], [ -105.2259771, 39.7422271 ], [ -105.2259883, 39.7421911 ], [ -105.2260305, 39.7421532 ], [ -105.2260956, 39.7420584 ], [ -105.2261135, 39.7420192 ], [ -105.2261262, 39.7419446 ], [ -105.226167, 39.7419015 ], [ -105.2262512, 39.741874 ], [ -105.2263125, 39.7418622 ], [ -105.2263559, 39.7418171 ], [ -105.2264426, 39.7418308 ], [ -105.2265039, 39.7418975 ], [ -105.2265447, 39.7419741 ], [ -105.2265804, 39.7420153 ], [ -105.2266314, 39.7420702 ], [ -105.2266595, 39.7421526 ], [ -105.2267182, 39.7421958 ], [ -105.2267692, 39.7422527 ], [ -105.2268483, 39.7423253 ], [ -105.2269096, 39.742341 ], [ -105.2269555, 39.7423508 ], [ -105.2270091, 39.7424096 ], [ -105.2270843, 39.7424437 ], [ -105.2271265, 39.7425156 ], [ -105.2271724, 39.7425587 ], [ -105.2271979, 39.7426117 ], [ -105.2272489, 39.7426549 ], [ -105.2273459, 39.7426392 ], [ -105.227402, 39.7425882 ], [ -105.2274403, 39.7425156 ], [ -105.2275755, 39.7424881 ], [ -105.2276623, 39.7424312 ], [ -105.2277006, 39.7423625 ], [ -105.2276674, 39.7422978 ], [ -105.2276572, 39.742235 ], [ -105.227744, 39.7422017 ], [ -105.2278945, 39.7421761 ], [ -105.2279353, 39.7420937 ], [ -105.2279583, 39.7420545 ], [ -105.2280348, 39.742031 ], [ -105.2281114, 39.7420467 ], [ -105.2280986, 39.7420918 ] ] ] } },
{ "type": "Feature", "properties": { "name": "", "landuse": "", "leisure": "", "natural": "scrub", "boundary": "", "amenity": "", "type": "District System", "district_system_type": "Central Hot Water" }, "geometry": { "type": "Polygon", "coordinates": [ [ [ -105.2223789, 39.74451 ], [ -105.2224062, 39.744512 ], [ -105.2224717, 39.7445404 ], [ -105.2225202, 39.74457 ], [ -105.2225449, 39.7445925 ], [ -105.2225618, 39.7446133 ], [ -105.2226026, 39.7446796 ], [ -105.2226581, 39.7447666 ], [ -105.2227582, 39.7448851 ], [ -105.22293, 39.7450829 ], [ -105.2231279, 39.7453139 ], [ -105.2231788, 39.7453702 ], [ -105.2232217, 39.7454046 ], [ -105.2232688, 39.7454355 ], [ -105.2233276, 39.7454655 ], [ -105.2233818, 39.745487 ], [ -105.2234212, 39.7455009 ], [ -105.2233845, 39.7455621 ], [ -105.2233624, 39.7455955 ], [ -105.2233411, 39.7456122 ], [ -105.2233226, 39.7456279 ], [ -105.2233153, 39.7456313 ], [ -105.2233095, 39.7456313 ], [ -105.2233036, 39.7456272 ], [ -105.2232127, 39.7455267 ], [ -105.2231172, 39.7454335 ], [ -105.2229173, 39.7452133 ], [ -105.2227594, 39.7450391 ], [ -105.2226595, 39.7449274 ], [ -105.2225618, 39.744805 ], [ -105.222498, 39.7447194 ], [ -105.2224727, 39.7446857 ], [ -105.2224777, 39.7446741 ], [ -105.2224392, 39.7446109 ], [ -105.2223789, 39.74451 ] ] ] } },
{ "type": "Feature", "properties": { "name": "", "landuse": "", "leisure": "", "natural": "wetland", "boundary": "", "amenity": "", "type": "District System", "district_system_type": "Central Hot Water" }, "geometry": { "type": "Polygon", "coordinates": [ [ [ -105.1458824, 39.7209249 ], [ -105.1459938, 39.7207088 ], [ -105.1460575, 39.7205072 ], [ -105.1460762, 39.7202864 ], [ -105.1463793, 39.7201714 ], [ -105.1464772, 39.7201585 ], [ -105.1469392, 39.7201812 ], [ -105.1471183, 39.7201446 ], [ -105.1472604, 39.7202477 ], [ -105.1470224, 39.720289 ], [ -105.1465765, 39.720288 ], [ -105.1464303, 39.7203205 ], [ -105.1462935, 39.7204004 ], [ -105.146203, 39.720665 ], [ -105.1461527, 39.7207852 ], [ -105.1460172, 39.7209131 ], [ -105.1459461, 39.7209616 ], [ -105.1458824, 39.7209249 ] ] ] } },
{ "type": "Feature", "properties": { "name": "", "landuse": "", "leisure": "", "natural": "scrub", "boundary": "", "amenity": "", "type": "District System", "district_system_type": "Central Hot Water" }, "geometry": { "type": "Polygon", "coordinates": [ [ [ -105.2273717, 39.752047 ], [ -105.2273636, 39.7520616 ], [ -105.2272357, 39.7521318 ], [ -105.2271953, 39.7520883 ], [ -105.2271463, 39.75207 ], [ -105.2270892, 39.7520843 ], [ -105.2270783, 39.7520901 ], [ -105.2270388, 39.7521421 ], [ -105.2271035, 39.7522071 ], [ -105.2269276, 39.7523033 ], [ -105.2268539, 39.7523237 ], [ -105.2267417, 39.7523627 ], [ -105.2266927, 39.7523528 ], [ -105.2264753, 39.7522575 ], [ -105.2261636, 39.7521103 ], [ -105.2259842, 39.7520193 ], [ -105.2259463, 39.7519873 ], [ -105.2258695, 39.7519034 ], [ -105.2257992, 39.7518465 ], [ -105.2257705, 39.7518365 ], [ -105.2257039, 39.7518323 ], [ -105.2255898, 39.7518512 ], [ -105.2255707, 39.7518002 ], [ -105.2254214, 39.7516378 ], [ -105.2255439, 39.7515982 ], [ -105.2256512, 39.7516694 ], [ -105.225875, 39.7517363 ], [ -105.2260175, 39.7518977 ], [ -105.2262811, 39.7519574 ], [ -105.2263662, 39.7520449 ], [ -105.226406, 39.7520207 ], [ -105.2264901, 39.7520051 ], [ -105.2264827, 39.7519773 ], [ -105.226553, 39.7519652 ], [ -105.226714, 39.7519901 ], [ -105.2268101, 39.7520051 ], [ -105.2269045, 39.7520022 ], [ -105.2269757, 39.7519574 ], [ -105.2270146, 39.751914 ], [ -105.2270783, 39.7518727 ], [ -105.2271084, 39.751899 ], [ -105.2271708, 39.7519511 ], [ -105.2272251, 39.7520181 ], [ -105.2272667, 39.7520459 ], [ -105.2273717, 39.752047 ] ] ] } },
{ "type": "Feature", "properties": { "name": "", "landuse": "", "leisure": "", "natural": "wood", "boundary": "", "amenity": "", "type": "District System", "district_system_type": "Central Hot Water" }, "geometry": { "type": "Polygon", "coordinates": [ [ [ -105.190739, 39.771166 ], [ -105.1910287, 39.7711402 ], [ -105.1915719, 39.771068 ], [ -105.1921579, 39.7706052 ], [ -105.1917905, 39.7707042 ], [ -105.1911092, 39.7708908 ], [ -105.1907954, 39.7710629 ], [ -105.190739, 39.771166 ] ] ] } },
{ "type": "Feature", "properties": { "name": "", "landuse": "", "leisure": "", "natural": "wood", "boundary": "", "amenity": "", "type": "District System", "district_system_type": "Central Hot Water" }, "geometry": { "type": "Polygon", "coordinates": [ [ [ -105.193145, 39.7703805 ], [ -105.1936036, 39.7704764 ], [ -105.1938182, 39.7704599 ], [ -105.1940475, 39.7703547 ], [ -105.1944888, 39.7702228 ], [ -105.194981, 39.770298 ], [ -105.1952787, 39.7703774 ], [ -105.1965836, 39.7701269 ], [ -105.1973467, 39.769996 ], [ -105.1977061, 39.7699022 ], [ -105.1976658, 39.7697713 ], [ -105.1969859, 39.7698517 ], [ -105.1958446, 39.7700043 ], [ -105.1947972, 39.7701424 ], [ -105.1937565, 39.7702774 ], [ -105.1935339, 39.7703166 ], [ -105.1933421, 39.7703589 ], [ -105.193145, 39.7703805 ] ] ] } },
{ "type": "Feature", "properties": { "name": "", "landuse": "", "leisure": "", "natural": "wood", "boundary": "", "amenity": "", "type": "District System", "district_system_type": "Central Hot Water" }, "geometry": { "type": "Polygon", "coordinates": [ [ [ -105.1938531, 39.7709103 ], [ -105.1939738, 39.7708145 ], [ -105.1941039, 39.7707815 ], [ -105.1944351, 39.7710186 ], [ -105.1946872, 39.7710948 ], [ -105.1951982, 39.7711484 ], [ -105.1952586, 39.7713093 ], [ -105.1952089, 39.7714917 ], [ -105.1953015, 39.7717061 ], [ -105.1953484, 39.7718483 ], [ -105.195559, 39.7719318 ], [ -105.1957239, 39.7719287 ], [ -105.1959881, 39.7717432 ], [ -105.1962617, 39.7717587 ], [ -105.195331, 39.7722926 ], [ -105.1950534, 39.7722163 ], [ -105.1947932, 39.7720452 ], [ -105.1945867, 39.7719545 ], [ -105.1947959, 39.7716484 ], [ -105.1949568, 39.771434 ], [ -105.1949917, 39.7712969 ], [ -105.1944311, 39.7712546 ], [ -105.1944096, 39.7711618 ], [ -105.194183, 39.7711464 ], [ -105.1939845, 39.7709784 ], [ -105.1938531, 39.7709103 ] ] ] } },
{ "type": "Feature", "properties": { "name": "", "landuse": "", "leisure": "", "natural": "scrub", "boundary": "", "amenity": "", "type": "District System", "district_system_type": "Central Hot Water" }, "geometry": { "type": "Polygon", "coordinates": [ [ [ -105.2325698, 39.7616005 ], [ -105.2326477, 39.7615573 ], [ -105.2327815, 39.7614876 ], [ -105.2328088, 39.7614789 ], [ -105.2328339, 39.7614784 ], [ -105.2328704, 39.761484 ], [ -105.2328922, 39.7614924 ], [ -105.2329142, 39.7615067 ], [ -105.2328987, 39.7615214 ], [ -105.2329149, 39.7615324 ], [ -105.2329205, 39.7615419 ], [ -105.2329242, 39.7615495 ], [ -105.2329254, 39.7615623 ], [ -105.2329216, 39.7615924 ], [ -105.232879, 39.7620497 ], [ -105.2324399, 39.7622938 ], [ -105.2315995, 39.7627604 ], [ -105.2315578, 39.7627169 ], [ -105.2315907, 39.7626988 ], [ -105.2316465, 39.762654 ], [ -105.2317123, 39.7625734 ], [ -105.2317414, 39.7625185 ], [ -105.2317439, 39.7625018 ], [ -105.2317493, 39.7625021 ], [ -105.2317946, 39.7625022 ], [ -105.2317947, 39.7624661 ], [ -105.2317495, 39.762466 ], [ -105.2317439, 39.7624661 ], [ -105.2317365, 39.7624389 ], [ -105.2316893, 39.7623745 ], [ -105.2316682, 39.7623497 ], [ -105.2316546, 39.7623352 ], [ -105.2316751, 39.762324 ], [ -105.231799, 39.7622604 ], [ -105.2317483, 39.7622021 ], [ -105.2317377, 39.7621861 ], [ -105.2319363, 39.762084 ], [ -105.2320052, 39.7620735 ], [ -105.2321612, 39.7622421 ], [ -105.2321792, 39.7622595 ], [ -105.2322229, 39.7623035 ], [ -105.2327151, 39.7620346 ], [ -105.2327651, 39.7620043 ], [ -105.2327818, 39.7619892 ], [ -105.2328088, 39.761929 ], [ -105.2328081, 39.761903 ], [ -105.2327997, 39.7618685 ], [ -105.2327833, 39.7618338 ], [ -105.2327836, 39.7618203 ], [ -105.2328164, 39.7618024 ], [ -105.2326383, 39.7616036 ], [ -105.2325967, 39.7616248 ], [ -105.2325865, 39.7616271 ], [ -105.232572, 39.7616248 ], [ -105.232565, 39.7616153 ], [ -105.2325647, 39.7616072 ], [ -105.2325698, 39.7616005 ] ] ] } },
{ "type": "Feature", "properties": { "name": "", "landuse": "", "leisure": "", "natural": "scrub", "boundary": "", "amenity": "", "type": "District System", "district_system_type": "Central Hot Water" }, "geometry": { "type": "Polygon", "coordinates": [ [ [ -105.232966, 39.7611161 ], [ -105.2329995, 39.7609325 ], [ -105.2330225, 39.7608307 ], [ -105.2330696, 39.7606585 ], [ -105.2331273, 39.7604956 ], [ -105.232029, 39.7602965 ], [ -105.2312511, 39.7602429 ], [ -105.2312439, 39.7610099 ], [ -105.2306806, 39.7613192 ], [ -105.2312297, 39.7618677 ], [ -105.231235, 39.7623419 ], [ -105.2311877, 39.7623668 ], [ -105.2312036, 39.7623838 ], [ -105.23131, 39.7623241 ], [ -105.2313054, 39.7623149 ], [ -105.23136, 39.76228 ], [ -105.231354, 39.7622693 ], [ -105.2314105, 39.7622359 ], [ -105.2313909, 39.7622083 ], [ -105.2313953, 39.7621912 ], [ -105.2314094, 39.7621787 ], [ -105.2314268, 39.7621591 ], [ -105.2314322, 39.7621441 ], [ -105.2314306, 39.7621132 ], [ -105.2314219, 39.7620743 ], [ -105.2314045, 39.7620727 ], [ -105.2313741, 39.761914 ], [ -105.2313648, 39.7618251 ], [ -105.2312599, 39.7616996 ], [ -105.2310828, 39.7615226 ], [ -105.2311952, 39.7614745 ], [ -105.2312447, 39.7614606 ], [ -105.231296, 39.7614574 ], [ -105.231382, 39.7614631 ], [ -105.231452, 39.7614998 ], [ -105.2315199, 39.761565 ], [ -105.2317155, 39.7614616 ], [ -105.2314959, 39.761225 ], [ -105.2314672, 39.761181 ], [ -105.2314757, 39.7611386 ], [ -105.231516, 39.7611035 ], [ -105.2316632, 39.7610307 ], [ -105.2316145, 39.7610057 ], [ -105.2314615, 39.7609544 ], [ -105.2315301, 39.7608336 ], [ -105.2316639, 39.7605879 ], [ -105.2318054, 39.7604888 ], [ -105.2319344, 39.7604691 ], [ -105.2329592, 39.7606341 ], [ -105.2328713, 39.7611059 ], [ -105.232966, 39.7611161 ] ] ] } },
{ "type": "Feature", "properties": { "name": "", "landuse": "", "leisure": "", "natural": "wood", "boundary": "", "amenity": "", "type": "District System", "district_system_type": "Central Hot Water" }, "geometry": { "type": "Polygon", "coordinates": [ [ [ -105.1875405, 39.7717813 ], [ -105.1875767, 39.7711082 ], [ -105.1868324, 39.771201 ], [ -105.186469, 39.7713804 ], [ -105.1860197, 39.7715216 ], [ -105.1854256, 39.7716752 ], [ -105.1851788, 39.7715803 ], [ -105.1846182, 39.7718958 ], [ -105.1843111, 39.7721741 ], [ -105.1850266, 39.77224 ], [ -105.1852378, 39.7722153 ], [ -105.1852687, 39.7719813 ], [ -105.185958, 39.7718968 ], [ -105.1865602, 39.7720731 ], [ -105.1872844, 39.7719339 ], [ -105.1875405, 39.7717813 ] ] ] } },
{ "type": "Feature", "properties": { "name": "", "landuse": "", "leisure": "", "natural": "wood", "boundary": "", "amenity": "", "type": "District System", "district_system_type": "Central Hot Water" }, "geometry": { "type": "Polygon", "coordinates": [ [ [ -105.234739, 39.7536962 ], [ -105.234785, 39.7537271 ], [ -105.2348236, 39.7537382 ], [ -105.2348695, 39.7537531 ], [ -105.2349021, 39.7537559 ], [ -105.2349624, 39.7537447 ], [ -105.2349866, 39.7537169 ], [ -105.2350216, 39.7536909 ], [ -105.2350336, 39.7536566 ], [ -105.2349866, 39.7536222 ], [ -105.2348864, 39.7535944 ], [ -105.2347778, 39.753574 ], [ -105.2347053, 39.7535638 ], [ -105.2345822, 39.7535489 ], [ -105.234517, 39.7535359 ], [ -105.2344229, 39.7535332 ], [ -105.2343505, 39.7535313 ], [ -105.2342382, 39.7535434 ], [ -105.2341743, 39.7535675 ], [ -105.2341236, 39.7535879 ], [ -105.2340668, 39.7536093 ], [ -105.2340246, 39.7536287 ], [ -105.2339836, 39.7536473 ], [ -105.2339425, 39.7536733 ], [ -105.2338979, 39.7536946 ], [ -105.2338375, 39.7537206 ], [ -105.2338037, 39.7537447 ], [ -105.2337192, 39.7537698 ], [ -105.2336142, 39.7538023 ], [ -105.2335249, 39.7538282 ], [ -105.2334537, 39.7538514 ], [ -105.2333692, 39.7538737 ], [ -105.233193, 39.7539331 ], [ -105.2331724, 39.7539795 ], [ -105.2331918, 39.7540175 ], [ -105.2332449, 39.7540296 ], [ -105.2332721, 39.7540381 ], [ -105.2334451, 39.7539885 ], [ -105.2337888, 39.7538901 ], [ -105.234022, 39.7537724 ], [ -105.2341604, 39.7537209 ], [ -105.2343688, 39.7536637 ], [ -105.2345292, 39.7536648 ], [ -105.234739, 39.7536962 ] ] ] } },
{ "type": "Feature", "properties": { "name": "", "landuse": "", "leisure": "", "natural": "scrub", "boundary": "", "amenity": "", "type": "District System", "district_system_type": "Central Hot Water" }, "geometry": { "type": "Polygon", "coordinates": [ [ [ -105.2324645, 39.7544613 ], [ -105.2324824, 39.7543907 ], [ -105.2325384, 39.7543216 ], [ -105.2326103, 39.7542517 ], [ -105.2326737, 39.7541795 ], [ -105.2327994, 39.7540324 ], [ -105.2329105, 39.7539512 ], [ -105.2328091, 39.7539344 ], [ -105.2327909, 39.7538743 ], [ -105.2327485, 39.7538762 ], [ -105.232657, 39.7539294 ], [ -105.2326729, 39.7539674 ], [ -105.2326913, 39.7540077 ], [ -105.2327094, 39.7540581 ], [ -105.2326849, 39.7541158 ], [ -105.2326388, 39.7541777 ], [ -105.2325648, 39.7542424 ], [ -105.2325263, 39.754293 ], [ -105.232466, 39.7543398 ], [ -105.232378, 39.7543794 ], [ -105.2322958, 39.754391 ], [ -105.2321901, 39.7543624 ], [ -105.2320667, 39.7543005 ], [ -105.2319594, 39.7542469 ], [ -105.231836, 39.7541438 ], [ -105.2317609, 39.7540366 ], [ -105.2317502, 39.7539789 ], [ -105.2316697, 39.7539087 ], [ -105.2316107, 39.7537355 ], [ -105.2315946, 39.7536324 ], [ -105.2316268, 39.7535417 ], [ -105.2317341, 39.7534716 ], [ -105.231895, 39.7534551 ], [ -105.231894, 39.7534451 ], [ -105.2316931, 39.7534552 ], [ -105.2315181, 39.7534896 ], [ -105.2312142, 39.7534338 ], [ -105.2311683, 39.7534477 ], [ -105.2312186, 39.7534939 ], [ -105.2312767, 39.7534582 ], [ -105.23136, 39.753546 ], [ -105.2312883, 39.7535862 ], [ -105.2313677, 39.7536741 ], [ -105.2314007, 39.7537366 ], [ -105.2314665, 39.7538021 ], [ -105.2315821, 39.7539049 ], [ -105.2317029, 39.7540373 ], [ -105.2317067, 39.7540407 ], [ -105.231746, 39.7540909 ], [ -105.2316517, 39.7541345 ], [ -105.2317511, 39.7542324 ], [ -105.2319753, 39.754372 ], [ -105.2321338, 39.7544768 ], [ -105.232176, 39.7544946 ], [ -105.2322045, 39.7545027 ], [ -105.2323176, 39.7544938 ], [ -105.2324116, 39.7544751 ], [ -105.2324645, 39.7544613 ] ] ] } },
{ "type": "Feature", "properties": { "name": "", "landuse": "", "leisure": "", "natural": "wood", "boundary": "", "amenity": "", "type": "District System", "district_system_type": "Central Hot Water" }, "geometry": { "type": "Polygon", "coordinates": [ [ [ -105.1376675, 39.7315272 ], [ -105.1376702, 39.7312281 ], [ -105.1371767, 39.7314468 ], [ -105.1365463, 39.7316335 ], [ -105.1361185, 39.7317242 ], [ -105.135851, 39.7319181 ], [ -105.1359958, 39.7319336 ], [ -105.1363479, 39.7318614 ], [ -105.1374167, 39.7315891 ], [ -105.1376353, 39.7315747 ], [ -105.1376675, 39.7315272 ] ] ] } },
{ "type": "Feature", "properties": { "name": "", "landuse": "", "leisure": "", "natural": "scrub", "boundary": "", "amenity": "", "type": "District System", "district_system_type": "Central Hot Water" }, "geometry": { "type": "Polygon", "coordinates": [ [ [ -105.2076783, 39.7222351 ], [ -105.207737, 39.7222358 ], [ -105.2077444, 39.7229031 ], [ -105.2077407, 39.7234089 ], [ -105.2077546, 39.7237326 ], [ -105.2077481, 39.7241645 ], [ -105.2077524, 39.7242756 ], [ -105.2077703, 39.7247343 ], [ -105.2077796, 39.7250907 ], [ -105.2077666, 39.7252095 ], [ -105.20775, 39.7252849 ], [ -105.2077093, 39.7253859 ], [ -105.2076796, 39.7254471 ], [ -105.2071355, 39.7254447 ], [ -105.2069675, 39.7254691 ], [ -105.2068803, 39.7254785 ], [ -105.2068701, 39.7254304 ], [ -105.206289, 39.7255029 ], [ -105.2062227, 39.7255131 ], [ -105.2055239, 39.7255839 ], [ -105.2054795, 39.7255824 ], [ -105.2049934, 39.7255508 ], [ -105.2049403, 39.7255457 ], [ -105.204894, 39.725543 ], [ -105.2048958, 39.7255278 ], [ -105.2049081, 39.7254224 ], [ -105.2049133, 39.72538 ], [ -105.206079, 39.7253921 ], [ -105.2061544, 39.7253664 ], [ -105.2061743, 39.7252056 ], [ -105.2064692, 39.7251644 ], [ -105.2065764, 39.7249573 ], [ -105.2065467, 39.7249476 ], [ -105.2067298, 39.7246875 ], [ -105.2070884, 39.7242021 ], [ -105.2072091, 39.7241527 ], [ -105.2074168, 39.724109 ], [ -105.2075894, 39.7239991 ], [ -105.2076343, 39.7238757 ], [ -105.2076433, 39.7236541 ], [ -105.2076671, 39.7234424 ], [ -105.2076703, 39.7230099 ], [ -105.2076703, 39.7225 ], [ -105.2076783, 39.7222351 ] ] ] } },
{ "type": "Feature", "properties": { "name": "", "landuse": "", "leisure": "", "natural": "scrub", "boundary": "", "amenity": "", "type": "District System", "district_system_type": "Central Hot Water" }, "geometry": { "type": "Polygon", "coordinates": [ [ [ -105.2076447, 39.7255274 ], [ -105.2074626, 39.7255292 ], [ -105.2073761, 39.7255391 ], [ -105.2073162, 39.7255508 ], [ -105.2072482, 39.7256067 ], [ -105.2071949, 39.7259329 ], [ -105.2071864, 39.7259618 ], [ -105.207173, 39.7259885 ], [ -105.2071478, 39.726017 ], [ -105.207125, 39.7260328 ], [ -105.2070938, 39.7260417 ], [ -105.2070887, 39.7260888 ], [ -105.2070946, 39.726094 ], [ -105.2071496, 39.7260985 ], [ -105.2071159, 39.7263386 ], [ -105.207115, 39.7263619 ], [ -105.2071317, 39.7263626 ], [ -105.2071245, 39.7264193 ], [ -105.2071093, 39.7264178 ], [ -105.2071079, 39.7264274 ], [ -105.207085, 39.7266562 ], [ -105.2070386, 39.7266535 ], [ -105.2070325, 39.7267106 ], [ -105.206966, 39.7267076 ], [ -105.2069657, 39.7267152 ], [ -105.2067811, 39.7267044 ], [ -105.2067489, 39.7269195 ], [ -105.2067418, 39.7269367 ], [ -105.2067328, 39.7270095 ], [ -105.2067423, 39.7270815 ], [ -105.2067423, 39.7270973 ], [ -105.2067328, 39.7271093 ], [ -105.2066362, 39.7271386 ], [ -105.206583, 39.7271481 ], [ -105.2064827, 39.7271598 ], [ -105.2064166, 39.7271642 ], [ -105.2063471, 39.7271649 ], [ -105.206485, 39.7271836 ], [ -105.2067038, 39.7272033 ], [ -105.2067351, 39.7272 ], [ -105.2067613, 39.727189 ], [ -105.2067941, 39.7271664 ], [ -105.2068321, 39.7271525 ], [ -105.2068687, 39.7271477 ], [ -105.2069006, 39.7271532 ], [ -105.2069348, 39.727162 ], [ -105.2069624, 39.7271795 ], [ -105.2069795, 39.7271975 ], [ -105.206989, 39.7272242 ], [ -105.2069962, 39.727249 ], [ -105.2070061, 39.7272666 ], [ -105.2070256, 39.7272863 ], [ -105.2070699, 39.7273211 ], [ -105.2073485, 39.7275266 ], [ -105.2075292, 39.7276498 ], [ -105.2075758, 39.7276714 ], [ -105.2076258, 39.7276862 ], [ -105.2077091, 39.7277015 ], [ -105.2078552, 39.7277071 ], [ -105.2079625, 39.7277275 ], [ -105.2082209, 39.7278362 ], [ -105.208233, 39.7278252 ], [ -105.2081661, 39.7276825 ], [ -105.2081471, 39.7276739 ], [ -105.2080795, 39.7277188 ], [ -105.2078944, 39.7275469 ], [ -105.2076719, 39.7275832 ], [ -105.2076472, 39.7275867 ], [ -105.2076142, 39.727578 ], [ -105.2075745, 39.727559 ], [ -105.2074846, 39.7274968 ], [ -105.2071842, 39.7272824 ], [ -105.2071558, 39.7272504 ], [ -105.2071518, 39.7272049 ], [ -105.2072473, 39.7269853 ], [ -105.2072696, 39.7268577 ], [ -105.2072819, 39.7267031 ], [ -105.2073589, 39.7264416 ], [ -105.2074964, 39.7259753 ], [ -105.20761, 39.7256122 ], [ -105.2076447, 39.7255274 ] ] ] } },
{ "type": "Feature", "properties": { "name": "", "landuse": "", "leisure": "", "natural": "scrub", "boundary": "", "amenity": "", "type": "District System", "district_system_type": "Central Hot Water" }, "geometry": { "type": "Polygon", "coordinates": [ [ [ -105.1940177, 39.7247585 ], [ -105.1940288, 39.7248744 ], [ -105.1940288, 39.7249241 ], [ -105.1940327, 39.7249484 ], [ -105.1940335, 39.7249757 ], [ -105.1940328, 39.7249874 ], [ -105.1940844, 39.724986 ], [ -105.1948616, 39.7249695 ], [ -105.1958096, 39.7249492 ], [ -105.1967576, 39.7249271 ], [ -105.1970751, 39.7249157 ], [ -105.1972339, 39.7249 ], [ -105.1974662, 39.7248879 ], [ -105.1978591, 39.7248789 ], [ -105.1981597, 39.7248744 ], [ -105.1982006, 39.7248681 ], [ -105.1982432, 39.7248578 ], [ -105.198273, 39.7248416 ], [ -105.198301, 39.7248111 ], [ -105.1983103, 39.7247873 ], [ -105.1983404, 39.7247483 ], [ -105.1983059, 39.7244208 ], [ -105.1982978, 39.7243762 ], [ -105.1983384, 39.7243121 ], [ -105.1983356, 39.7242928 ], [ -105.198312, 39.7241056 ], [ -105.1982914, 39.723915 ], [ -105.1982636, 39.7239117 ], [ -105.1981067, 39.7241611 ], [ -105.1978115, 39.7246215 ], [ -105.1977744, 39.7246072 ], [ -105.1975219, 39.724708 ], [ -105.196727, 39.7247309 ], [ -105.1963756, 39.724737 ], [ -105.1962531, 39.7247391 ], [ -105.1953172, 39.7247541 ], [ -105.194816, 39.7247583 ], [ -105.1940177, 39.7247585 ] ] ] } },
{ "type": "Feature", "properties": { "name": "", "landuse": "", "leisure": "", "natural": "scrub", "boundary": "", "amenity": "", "type": "District System", "district_system_type": "Central Hot Water" }, "geometry": { "type": "Polygon", "coordinates": [ [ [ -105.1936878, 39.7234266 ], [ -105.192801, 39.7238206 ], [ -105.192681, 39.7240159 ], [ -105.1926966, 39.7241446 ], [ -105.1926975, 39.7241517 ], [ -105.1926209, 39.7241453 ], [ -105.1925904, 39.7241344 ], [ -105.1925861, 39.7240995 ], [ -105.1926067, 39.7240074 ], [ -105.1926648, 39.7238891 ], [ -105.1927229, 39.7238242 ], [ -105.192803, 39.723773 ], [ -105.1931234, 39.7236225 ], [ -105.1936387, 39.7233832 ], [ -105.1942497, 39.7231112 ], [ -105.1949181, 39.7228135 ], [ -105.1954099, 39.7225954 ], [ -105.1954312, 39.7225894 ], [ -105.1954506, 39.7225915 ], [ -105.1954648, 39.7225966 ], [ -105.1954796, 39.7226087 ], [ -105.1943904, 39.723103 ], [ -105.1941559, 39.7232547 ], [ -105.194035, 39.7233607 ], [ -105.1939241, 39.7234691 ], [ -105.1938155, 39.723651 ], [ -105.1937408, 39.7238275 ], [ -105.193723, 39.724045 ], [ -105.1937408, 39.7242037 ], [ -105.19375, 39.7242879 ], [ -105.1937867, 39.7243872 ], [ -105.1938255, 39.7244662 ], [ -105.1939295, 39.7247654 ], [ -105.1939526, 39.7249763 ], [ -105.1939503, 39.7249896 ], [ -105.1938967, 39.7249911 ], [ -105.1934939, 39.7249945 ], [ -105.1932721, 39.7249758 ], [ -105.1931548, 39.7249482 ], [ -105.1930079, 39.7248921 ], [ -105.1928663, 39.7248068 ], [ -105.1927733, 39.7247337 ], [ -105.1926909, 39.724628 ], [ -105.1926423, 39.7245403 ], [ -105.1925958, 39.7244606 ], [ -105.1925874, 39.7244232 ], [ -105.1925747, 39.7243599 ], [ -105.1925726, 39.7243095 ], [ -105.1925969, 39.7242729 ], [ -105.1926677, 39.7242428 ], [ -105.1927123, 39.7242394 ], [ -105.1927561, 39.7245803 ], [ -105.1927822, 39.7246665 ], [ -105.1928092, 39.7246973 ], [ -105.1928481, 39.7247289 ], [ -105.1928796, 39.7247401 ], [ -105.1936556, 39.7247418 ], [ -105.1937032, 39.7246822 ], [ -105.193731, 39.724807 ], [ -105.1936466, 39.7248163 ], [ -105.193611, 39.7248421 ], [ -105.1936241, 39.7248642 ], [ -105.193668, 39.724889 ], [ -105.1937404, 39.7248916 ], [ -105.1937586, 39.7248806 ], [ -105.1938629, 39.7249043 ], [ -105.1938724, 39.7248846 ], [ -105.1938039, 39.72487 ], [ -105.1938743, 39.7248473 ], [ -105.193841, 39.7248056 ], [ -105.1938058, 39.7247021 ], [ -105.1937716, 39.724558 ], [ -105.1937426, 39.7244048 ], [ -105.1937093, 39.7243843 ], [ -105.1937033, 39.7242863 ], [ -105.1936878, 39.7234266 ] ] ] } },
{ "type": "Feature", "properties": { "name": "", "landuse": "", "leisure": "", "natural": "scrub", "boundary": "", "amenity": "", "type": "District System", "district_system_type": "Central Hot Water" }, "geometry": { "type": "Polygon", "coordinates": [ [ [ -105.1799201, 39.7250432 ], [ -105.1796556, 39.7250434 ], [ -105.1804563, 39.7245264 ], [ -105.1813259, 39.7239581 ], [ -105.1819826, 39.7235306 ], [ -105.1826319, 39.723108 ], [ -105.1832553, 39.7227025 ], [ -105.1843144, 39.7220188 ], [ -105.1854132, 39.7212996 ], [ -105.1864935, 39.7205953 ], [ -105.1872233, 39.7200766 ], [ -105.1872603, 39.7200752 ], [ -105.1872843, 39.7200823 ], [ -105.1872973, 39.7200944 ], [ -105.1873056, 39.7201093 ], [ -105.1873093, 39.7201364 ], [ -105.1873065, 39.7201734 ], [ -105.1872973, 39.7201926 ], [ -105.1872751, 39.7202111 ], [ -105.1872224, 39.7202587 ], [ -105.1871918, 39.7202858 ], [ -105.1871955, 39.7202915 ], [ -105.1866378, 39.7206792 ], [ -105.1858988, 39.7211672 ], [ -105.1853614, 39.7215123 ], [ -105.1842524, 39.7222337 ], [ -105.1831887, 39.7229266 ], [ -105.1819262, 39.723744 ], [ -105.1804037, 39.7247349 ], [ -105.1799201, 39.7250432 ] ] ] } },
{ "type": "Feature", "properties": { "name": "", "landuse": "", "leisure": "", "natural": "scrub", "boundary": "", "amenity": "", "type": "District System", "district_system_type": "Central Hot Water" }, "geometry": { "type": "Polygon", "coordinates": [ [ [ -105.1798266, 39.7247138 ], [ -105.1798423, 39.7247156 ], [ -105.1801513, 39.7245112 ], [ -105.1801931, 39.7244817 ], [ -105.1802633, 39.7244054 ], [ -105.1799855, 39.7245221 ], [ -105.1796134, 39.7246633 ], [ -105.1793532, 39.7247505 ], [ -105.1788613, 39.7248999 ], [ -105.1784538, 39.7249996 ], [ -105.1781306, 39.725064 ], [ -105.1779186, 39.7251032 ], [ -105.1777514, 39.7251288 ], [ -105.1775047, 39.7251599 ], [ -105.1773474, 39.725179 ], [ -105.177353, 39.7251997 ], [ -105.1777989, 39.7251959 ], [ -105.1790959, 39.7251916 ], [ -105.1791413, 39.7251911 ], [ -105.1792005, 39.7251534 ], [ -105.1791769, 39.7251543 ], [ -105.1792283, 39.7250717 ], [ -105.1793188, 39.7250699 ], [ -105.1793294, 39.7250699 ], [ -105.1793515, 39.7250564 ], [ -105.1797266, 39.7248003 ], [ -105.1798266, 39.7247138 ] ] ] } },
{ "type": "Feature", "properties": { "name": "", "landuse": "", "leisure": "", "natural": "scrub", "boundary": "", "amenity": "", "type": "District System", "district_system_type": "Central Hot Water" }, "geometry": { "type": "Polygon", "coordinates": [ [ [ -105.1939062, 39.7125339 ], [ -105.1936671, 39.7128488 ], [ -105.1933586, 39.7132088 ], [ -105.1929165, 39.7137831 ], [ -105.1924251, 39.7144215 ], [ -105.1920219, 39.7149465 ], [ -105.1915765, 39.7155214 ], [ -105.1912057, 39.7160047 ], [ -105.1909539, 39.7163292 ], [ -105.190558, 39.7168449 ], [ -105.1901094, 39.717393 ], [ -105.1898163, 39.7177299 ], [ -105.1894932, 39.7180731 ], [ -105.189073, 39.7185034 ], [ -105.1888333, 39.7187332 ], [ -105.1885702, 39.7189724 ], [ -105.187988, 39.7194731 ], [ -105.1876123, 39.7197789 ], [ -105.1874391, 39.719929 ], [ -105.1873848, 39.7199819 ], [ -105.1873694, 39.7200286 ], [ -105.1873719, 39.7200604 ], [ -105.18738, 39.7200803 ], [ -105.1873913, 39.7200915 ], [ -105.1874132, 39.7200978 ], [ -105.187452, 39.7200984 ], [ -105.1874763, 39.7200847 ], [ -105.1882156, 39.7194912 ], [ -105.1887467, 39.7190291 ], [ -105.189256, 39.7185495 ], [ -105.1897807, 39.7180108 ], [ -105.1902414, 39.7174938 ], [ -105.1908397, 39.7167515 ], [ -105.1914292, 39.7159885 ], [ -105.1920397, 39.7151963 ], [ -105.1926631, 39.7143853 ], [ -105.1931756, 39.713722 ], [ -105.1936793, 39.7130668 ], [ -105.1940034, 39.712643 ], [ -105.1939062, 39.7125339 ] ] ] } },
{ "type": "Feature", "properties": { "name": "", "landuse": "", "leisure": "", "natural": "scrub", "boundary": "", "amenity": "", "type": "District System", "district_system_type": "Central Hot Water" }, "geometry": { "type": "Polygon", "coordinates": [ [ [ -105.2097675, 39.7218338 ], [ -105.2091557, 39.7218281 ], [ -105.2084626, 39.7218305 ], [ -105.2081059, 39.7218276 ], [ -105.2081059, 39.7218205 ], [ -105.2080717, 39.7218186 ], [ -105.2080699, 39.7217985 ], [ -105.208104, 39.7217813 ], [ -105.2081245, 39.7217732 ], [ -105.2081474, 39.7217689 ], [ -105.2081735, 39.7217665 ], [ -105.2082411, 39.721768 ], [ -105.2084552, 39.7217718 ], [ -105.2091203, 39.7217756 ], [ -105.2092711, 39.7217737 ], [ -105.2093276, 39.721768 ], [ -105.2093865, 39.721756 ], [ -105.2094616, 39.7217365 ], [ -105.2095025, 39.7217293 ], [ -105.209536, 39.7217265 ], [ -105.2095739, 39.7217293 ], [ -105.209621, 39.7217427 ], [ -105.2096943, 39.7217723 ], [ -105.2097408, 39.7217999 ], [ -105.20976, 39.7218157 ], [ -105.2097675, 39.7218338 ] ] ] } },
{ "type": "Feature", "properties": { "name": "", "landuse": "", "leisure": "", "natural": "scrub", "boundary": "", "amenity": "", "type": "District System", "district_system_type": "Central Hot Water" }, "geometry": { "type": "Polygon", "coordinates": [ [ [ -105.18437, 39.7766558 ], [ -105.1843449, 39.7765993 ], [ -105.1843182, 39.7765149 ], [ -105.184098, 39.7765969 ], [ -105.1840241, 39.776604 ], [ -105.1836606, 39.7766007 ], [ -105.1827441, 39.7766026 ], [ -105.1823104, 39.7766007 ], [ -105.1822167, 39.7766932 ], [ -105.1820138, 39.7766956 ], [ -105.1820281, 39.7769545 ], [ -105.1820374, 39.7771367 ], [ -105.182041, 39.7774345 ], [ -105.1822907, 39.7773326 ], [ -105.1826496, 39.7771852 ], [ -105.1827682, 39.7771244 ], [ -105.1827944, 39.7771203 ], [ -105.182929, 39.7770693 ], [ -105.1830565, 39.7769923 ], [ -105.18321, 39.7769553 ], [ -105.1834176, 39.776896 ], [ -105.1834501, 39.7768671 ], [ -105.1835943, 39.7768023 ], [ -105.1837914, 39.7767403 ], [ -105.1838743, 39.7767325 ], [ -105.1839981, 39.7767114 ], [ -105.184155, 39.7766969 ], [ -105.1842131, 39.7766999 ], [ -105.18437, 39.7766558 ] ] ] } },
{ "type": "Feature", "properties": { "name": "", "landuse": "", "leisure": "", "natural": "scrub", "boundary": "", "amenity": "", "type": "District System", "district_system_type": "Central Hot Water" }, "geometry": { "type": "Polygon", "coordinates": [ [ [ -105.1820869, 39.7777346 ], [ -105.1821459, 39.7778313 ], [ -105.182252, 39.7779807 ], [ -105.1824464, 39.7782696 ], [ -105.1824566, 39.7783051 ], [ -105.1824464, 39.7783421 ], [ -105.182415, 39.7783712 ], [ -105.1820052, 39.7785368 ], [ -105.1819396, 39.7785603 ], [ -105.1818989, 39.7785667 ], [ -105.1818656, 39.7785518 ], [ -105.1818508, 39.7785347 ], [ -105.1818452, 39.778507 ], [ -105.1818619, 39.7784572 ], [ -105.1818628, 39.7777322 ], [ -105.1820002, 39.7777333 ], [ -105.1820869, 39.7777346 ] ] ] } },
{ "type": "Feature", "properties": { "name": "", "landuse": "", "leisure": "", "natural": "scrub", "boundary": "", "amenity": "", "type": "District System", "district_system_type": "Central Hot Water" }, "geometry": { "type": "Polygon", "coordinates": [ [ [ -105.18427, 39.7748771 ], [ -105.1837771, 39.7748772 ], [ -105.1825017, 39.7748776 ], [ -105.1824843, 39.7747936 ], [ -105.1820953, 39.774888 ], [ -105.1821927, 39.7747464 ], [ -105.1824601, 39.7744884 ], [ -105.1827226, 39.7743668 ], [ -105.1840721, 39.7739395 ], [ -105.1841478, 39.774084 ], [ -105.1841906, 39.7741961 ], [ -105.1842197, 39.7742929 ], [ -105.1842464, 39.7744097 ], [ -105.1842645, 39.7745381 ], [ -105.18427, 39.7748771 ] ] ] } },
{ "type": "Feature", "properties": { "name": "", "landuse": "", "leisure": "", "natural": "scrub", "boundary": "", "amenity": "", "type": "District System", "district_system_type": "Central Hot Water" }, "geometry": { "type": "Polygon", "coordinates": [ [ [ -105.1816773, 39.7846652 ], [ -105.1816175, 39.7846976 ], [ -105.1816068, 39.784687 ], [ -105.1815872, 39.7846971 ], [ -105.1815309, 39.7846173 ], [ -105.1815088, 39.78463 ], [ -105.1814762, 39.7845922 ], [ -105.1814489, 39.7846039 ], [ -105.1813662, 39.7845171 ], [ -105.1813483, 39.7844921 ], [ -105.1813412, 39.784462 ], [ -105.18132, 39.7844224 ], [ -105.1812722, 39.7843531 ], [ -105.1812757, 39.7843471 ], [ -105.1813268, 39.7843263 ], [ -105.1811847, 39.78408 ], [ -105.1811088, 39.7841072 ], [ -105.1811007, 39.7841049 ], [ -105.1806583, 39.7834701 ], [ -105.1806358, 39.7834092 ], [ -105.1806256, 39.7833472 ], [ -105.1805966, 39.7832717 ], [ -105.1805558, 39.7832141 ], [ -105.1806176, 39.7831955 ], [ -105.1803287, 39.782728 ], [ -105.1802604, 39.7827435 ], [ -105.1802553, 39.7827224 ], [ -105.1803197, 39.7827062 ], [ -105.1802214, 39.7823712 ], [ -105.1802978, 39.782327 ], [ -105.1802533, 39.7818169 ], [ -105.1800836, 39.7818633 ], [ -105.17968, 39.7815799 ], [ -105.1795513, 39.7814851 ], [ -105.179382, 39.7813705 ], [ -105.179524, 39.7812475 ], [ -105.1795488, 39.7812626 ], [ -105.179591, 39.781271 ], [ -105.1801551, 39.7813236 ], [ -105.180166, 39.7813119 ], [ -105.1802185, 39.7813163 ], [ -105.1802687, 39.7810095 ], [ -105.1802148, 39.781005 ], [ -105.1802024, 39.7809971 ], [ -105.1802126, 39.7809294 ], [ -105.1802301, 39.7809232 ], [ -105.1802664, 39.780929 ], [ -105.1802799, 39.7808446 ], [ -105.1804684, 39.7808594 ], [ -105.1804757, 39.780814 ], [ -105.1805253, 39.7808157 ], [ -105.1805355, 39.7808627 ], [ -105.1805806, 39.7808532 ], [ -105.1806171, 39.7808415 ], [ -105.1806506, 39.7808219 ], [ -105.1806783, 39.7807989 ], [ -105.1807089, 39.7807653 ], [ -105.1807264, 39.7807379 ], [ -105.1807337, 39.7807065 ], [ -105.1807373, 39.7806712 ], [ -105.18073, 39.780637 ], [ -105.1807125, 39.7806034 ], [ -105.1806929, 39.7805766 ], [ -105.1806623, 39.7805502 ], [ -105.1806316, 39.7805318 ], [ -105.1805916, 39.780515 ], [ -105.1805675, 39.7805603 ], [ -105.1805566, 39.7805626 ], [ -105.18055, 39.7805609 ], [ -105.1805478, 39.7805519 ], [ -105.1805544, 39.7805066 ], [ -105.1804327, 39.7804914 ], [ -105.1804502, 39.7804509 ], [ -105.1807, 39.7803777 ], [ -105.1803768, 39.7798947 ], [ -105.1804884, 39.7798596 ], [ -105.180591, 39.7800086 ], [ -105.1807181, 39.7799785 ], [ -105.1810231, 39.7803932 ], [ -105.1816378, 39.7801458 ], [ -105.182016, 39.7799939 ], [ -105.1823709, 39.7797962 ], [ -105.1851364, 39.7786721 ], [ -105.1853592, 39.7786451 ], [ -105.1852709, 39.7788903 ], [ -105.1852091, 39.7789886 ], [ -105.1851791, 39.7790362 ], [ -105.1850646, 39.7791777 ], [ -105.1849787, 39.7792621 ], [ -105.1848758, 39.77934 ], [ -105.1847292, 39.7794683 ], [ -105.1846243, 39.7795876 ], [ -105.1845447, 39.7797134 ], [ -105.1844725, 39.7798762 ], [ -105.1844363, 39.7799868 ], [ -105.1844205, 39.780077 ], [ -105.184411, 39.7801947 ], [ -105.1844167, 39.780316 ], [ -105.1840502, 39.7804515 ], [ -105.1839942, 39.7803831 ], [ -105.1840017, 39.780355 ], [ -105.183801, 39.7800871 ], [ -105.1836798, 39.7799444 ], [ -105.183536, 39.7800442 ], [ -105.1833769, 39.7801202 ], [ -105.1830419, 39.7802634 ], [ -105.1820178, 39.7807203 ], [ -105.1820548, 39.7807641 ], [ -105.1820053, 39.7807856 ], [ -105.1819901, 39.7807699 ], [ -105.1814738, 39.7810027 ], [ -105.1814176, 39.7810293 ], [ -105.1813982, 39.7810498 ], [ -105.1813958, 39.7810666 ], [ -105.1813982, 39.7810863 ], [ -105.1814043, 39.7811039 ], [ -105.1814253, 39.7811448 ], [ -105.1817956, 39.7816311 ], [ -105.1818422, 39.7816984 ], [ -105.181876, 39.7817283 ], [ -105.1819687, 39.7817415 ], [ -105.1819845, 39.7818942 ], [ -105.1816067, 39.7820232 ], [ -105.1815812, 39.7819807 ], [ -105.18064, 39.7823024 ], [ -105.1807376, 39.7824721 ], [ -105.18068, 39.78249 ], [ -105.1808245, 39.7827412 ], [ -105.1815122, 39.7839365 ], [ -105.1815676, 39.783918 ], [ -105.1817323, 39.7842036 ], [ -105.1817522, 39.7842277 ], [ -105.1816673, 39.784259 ], [ -105.1816632, 39.7844317 ], [ -105.1817054, 39.7844657 ], [ -105.1817423, 39.7845686 ], [ -105.1817164, 39.7846159 ], [ -105.1816623, 39.784639 ], [ -105.1816773, 39.7846652 ] ], [ [ -105.181668, 39.7846176 ], [ -105.1815381, 39.7842811 ], [ -105.1814665, 39.7841218 ], [ -105.1814158, 39.7840585 ], [ -105.181345, 39.7839862 ], [ -105.1810628, 39.7837348 ], [ -105.1810212, 39.7836919 ], [ -105.180918, 39.7835295 ], [ -105.180883, 39.7834329 ], [ -105.1808289, 39.7831181 ], [ -105.1807806, 39.783035 ], [ -105.18058, 39.7827471 ], [ -105.1805342, 39.7826569 ], [ -105.1804352, 39.7823588 ], [ -105.1804127, 39.7820261 ], [ -105.1804302, 39.7818259 ], [ -105.1804668, 39.7816052 ], [ -105.1804876, 39.7815438 ], [ -105.1805817, 39.7813563 ], [ -105.1807889, 39.781167 ], [ -105.1809937, 39.7810435 ], [ -105.1811402, 39.7809706 ], [ -105.1812143, 39.7809591 ], [ -105.1812834, 39.7809015 ], [ -105.1813833, 39.7808561 ], [ -105.1819161, 39.7805848 ], [ -105.1825437, 39.7802865 ], [ -105.1832737, 39.7799125 ], [ -105.183567, 39.7797514 ], [ -105.1839418, 39.7795744 ], [ -105.1842303, 39.7794378 ], [ -105.1848056, 39.7791913 ], [ -105.1851185, 39.7789933 ], [ -105.1850882, 39.7789649 ], [ -105.1849563, 39.7790243 ], [ -105.1840959, 39.7794435 ], [ -105.1830967, 39.7799372 ], [ -105.181814, 39.7805691 ], [ -105.1809674, 39.7809891 ], [ -105.1806917, 39.7811769 ], [ -105.180503, 39.781361 ], [ -105.1803837, 39.7816082 ], [ -105.1803417, 39.7820109 ], [ -105.1803739, 39.78237 ], [ -105.1805167, 39.7827344 ], [ -105.1807425, 39.7830875 ], [ -105.1808461, 39.7835218 ], [ -105.1809263, 39.7836555 ], [ -105.1810035, 39.7837577 ], [ -105.1810818, 39.7838426 ], [ -105.1812577, 39.7839891 ], [ -105.1813408, 39.7840627 ], [ -105.1813917, 39.7841318 ], [ -105.1814562, 39.7842453 ], [ -105.1816195, 39.784651 ], [ -105.1816623, 39.784639 ], [ -105.181668, 39.7846176 ] ] ] } },
{ "type": "Feature", "properties": { "name": "", "landuse": "", "leisure": "", "natural": "scrub", "boundary": "", "amenity": "", "type": "District System", "district_system_type": "Central Hot Water" }, "geometry": { "type": "Polygon", "coordinates": [ [ [ -105.2187879, 39.7581195 ], [ -105.2186544, 39.7582729 ], [ -105.2186227, 39.7583164 ], [ -105.2186034, 39.7583662 ], [ -105.2186213, 39.7583906 ], [ -105.2187234, 39.7583323 ], [ -105.2190308, 39.7581945 ], [ -105.2191028, 39.7581614 ], [ -105.2191561, 39.7581348 ], [ -105.2191432, 39.7581178 ], [ -105.2191059, 39.7581097 ], [ -105.2188887, 39.7581097 ], [ -105.2187879, 39.7581195 ] ] ] } },
{ "type": "Feature", "properties": { "name": "", "landuse": "", "leisure": "", "natural": "scrub", "boundary": "", "amenity": "", "type": "District System", "district_system_type": "Central Hot Water" }, "geometry": { "type": "Polygon", "coordinates": [ [ [ -105.2169219, 39.759611 ], [ -105.2168128, 39.759508 ], [ -105.2159703, 39.7600081 ], [ -105.215537, 39.7603694 ], [ -105.2155471, 39.7603787 ], [ -105.2158718, 39.7601922 ], [ -105.2158871, 39.7601843 ], [ -105.2159765, 39.7601381 ], [ -105.2159953, 39.7601276 ], [ -105.2169219, 39.759611 ] ] ] } },
{ "type": "Feature", "properties": { "name": "", "landuse": "", "leisure": "", "natural": "wood", "boundary": "", "amenity": "", "type": "District System", "district_system_type": "Central Hot Water" }, "geometry": { "type": "Polygon", "coordinates": [ [ [ -105.1382134, 39.7741762 ], [ -105.1378068, 39.7742105 ], [ -105.1380569, 39.7738856 ], [ -105.1382134, 39.7741762 ] ] ] } },
{ "type": "Feature", "properties": { "name": "", "landuse": "", "leisure": "", "natural": "wetland", "boundary": "", "amenity": "", "type": "District System", "district_system_type": "Central Hot Water" }, "geometry": { "type": "Polygon", "coordinates": [ [ [ -105.1397511, 39.7719389 ], [ -105.1393547, 39.7722764 ], [ -105.1390719, 39.7724392 ], [ -105.1387862, 39.7722545 ], [ -105.1385405, 39.7718119 ], [ -105.1392427, 39.7719299 ], [ -105.1397511, 39.7719389 ] ] ] } },
{ "type": "Feature", "properties": { "name": "", "landuse": "", "leisure": "", "natural": "scrub", "boundary": "", "amenity": "", "type": "District System", "district_system_type": "Central Hot Water" }, "geometry": { "type": "Polygon", "coordinates": [ [ [ -105.1966134, 39.7126099 ], [ -105.1965664, 39.7126622 ], [ -105.1966434, 39.7128235 ], [ -105.1967787, 39.7130651 ], [ -105.1969274, 39.7132985 ], [ -105.1970981, 39.713579 ], [ -105.1973078, 39.7139132 ], [ -105.1974751, 39.7141895 ], [ -105.1976051, 39.714408 ], [ -105.1977255, 39.7146448 ], [ -105.1978193, 39.714834 ], [ -105.1979568, 39.7152152 ], [ -105.1980143, 39.715418 ], [ -105.1980515, 39.7156011 ], [ -105.1980904, 39.7158481 ], [ -105.1981152, 39.7161054 ], [ -105.1981285, 39.7164491 ], [ -105.1981541, 39.7169738 ], [ -105.1982169, 39.7177416 ], [ -105.1982196, 39.717781 ], [ -105.1982488, 39.7180927 ], [ -105.1982674, 39.718271 ], [ -105.1984558, 39.7195274 ], [ -105.1985125, 39.7198935 ], [ -105.1985461, 39.7200916 ], [ -105.198582, 39.7203245 ], [ -105.1986484, 39.7207471 ], [ -105.1986555, 39.7207944 ], [ -105.1986635, 39.7208469 ], [ -105.1992423, 39.7205879 ], [ -105.1993518, 39.720541 ], [ -105.1993688, 39.7205288 ], [ -105.1994004, 39.7204871 ], [ -105.1994478, 39.7204446 ], [ -105.1995099, 39.7204194 ], [ -105.1995777, 39.7204037 ], [ -105.1996454, 39.7204037 ], [ -105.1997064, 39.7204168 ], [ -105.1997347, 39.7204246 ], [ -105.1997572, 39.7204194 ], [ -105.1997505, 39.7203916 ], [ -105.1997177, 39.7203395 ], [ -105.1996432, 39.7202787 ], [ -105.1994343, 39.7201484 ], [ -105.199205, 39.7200007 ], [ -105.1990571, 39.7199095 ], [ -105.198969, 39.7198252 ], [ -105.1989103, 39.7197445 ], [ -105.1988674, 39.7196585 ], [ -105.1988233, 39.7193822 ], [ -105.1986946, 39.7186439 ], [ -105.1986065, 39.718068 ], [ -105.1985094, 39.7172862 ], [ -105.1984168, 39.7160883 ], [ -105.1983705, 39.7156453 ], [ -105.1983422, 39.7155037 ], [ -105.1982993, 39.7153143 ], [ -105.1982519, 39.7151527 ], [ -105.1981909, 39.7149547 ], [ -105.1981457, 39.7148139 ], [ -105.1980407, 39.7145724 ], [ -105.197877, 39.7141876 ], [ -105.1977321, 39.7138466 ], [ -105.1976289, 39.7136739 ], [ -105.1975219, 39.7135072 ], [ -105.1974393, 39.7133931 ], [ -105.1973193, 39.7132413 ], [ -105.1971632, 39.7130726 ], [ -105.1969478, 39.7128681 ], [ -105.1968301, 39.7127717 ], [ -105.1967531, 39.7127084 ], [ -105.1966973, 39.7126737 ], [ -105.196659, 39.712642 ], [ -105.1966134, 39.7126099 ] ] ] } },
{ "type": "Feature", "properties": { "name": "", "landuse": "", "leisure": "", "natural": "scrub", "boundary": "", "amenity": "", "type": "District System", "district_system_type": "Central Hot Water" }, "geometry": { "type": "Polygon", "coordinates": [ [ [ -105.1884243, 39.7257642 ], [ -105.1881807, 39.7258633 ], [ -105.1878819, 39.7259899 ], [ -105.1873046, 39.726223 ], [ -105.1862316, 39.7266577 ], [ -105.1863898, 39.7266103 ], [ -105.1867061, 39.726506 ], [ -105.1872272, 39.7263581 ], [ -105.1877583, 39.7262115 ], [ -105.1884825, 39.7260687 ], [ -105.1889387, 39.7259816 ], [ -105.1891701, 39.7259272 ], [ -105.1893133, 39.7258913 ], [ -105.1893533, 39.7258798 ], [ -105.1893874, 39.7258542 ], [ -105.1894232, 39.7258209 ], [ -105.1894274, 39.7257877 ], [ -105.189294, 39.725785 ], [ -105.1885533, 39.725767 ], [ -105.1884243, 39.7257642 ] ] ] } },
{ "type": "Feature", "properties": { "name": "", "landuse": "", "leisure": "", "natural": "scrub", "boundary": "", "amenity": "", "type": "District System", "district_system_type": "Central Hot Water" }, "geometry": { "type": "Polygon", "coordinates": [ [ [ -105.1894324, 39.7257363 ], [ -105.1893954, 39.7257355 ], [ -105.1892993, 39.7257331 ], [ -105.1885783, 39.7257157 ], [ -105.1885457, 39.7257151 ], [ -105.1887123, 39.7256455 ], [ -105.1888688, 39.7255924 ], [ -105.1891743, 39.7255078 ], [ -105.189434, 39.7254496 ], [ -105.1897345, 39.7254092 ], [ -105.1899243, 39.7253881 ], [ -105.1901366, 39.7253689 ], [ -105.1901383, 39.7253804 ], [ -105.189896, 39.7254137 ], [ -105.1896946, 39.7254521 ], [ -105.1895972, 39.7254784 ], [ -105.1895439, 39.725504 ], [ -105.189499, 39.7255386 ], [ -105.1894598, 39.7255821 ], [ -105.1894407, 39.7256205 ], [ -105.1894332, 39.7256916 ], [ -105.1894324, 39.7257363 ] ] ] } },
{ "type": "Feature", "properties": { "name": "", "landuse": "greenfield", "leisure": "", "natural": "scrub", "boundary": "", "amenity": "", "type": "District System", "district_system_type": "Central Hot Water" }, "geometry": { "type": "Polygon", "coordinates": [ [ [ -105.2145097, 39.7496823 ], [ -105.2143333, 39.7494974 ], [ -105.2147515, 39.7492702 ], [ -105.2149612, 39.7494945 ], [ -105.214895, 39.7495277 ], [ -105.2148546, 39.7494826 ], [ -105.2145097, 39.7496823 ] ] ] } },
{ "type": "Feature", "properties": { "name": "", "landuse": "", "leisure": "", "natural": "wetland", "boundary": "", "amenity": "", "type": "District System", "district_system_type": "Central Hot Water" }, "geometry": { "type": "Polygon", "coordinates": [ [ [ -105.1746994, 39.7247771 ], [ -105.1745606, 39.7248204 ], [ -105.1742931, 39.724856 ], [ -105.1741134, 39.7248328 ], [ -105.1741067, 39.7247853 ], [ -105.1741925, 39.7247508 ], [ -105.1742616, 39.7247059 ], [ -105.1746921, 39.7247121 ], [ -105.1747102, 39.7247338 ], [ -105.1746994, 39.7247771 ] ] ] } },
{ "type": "Feature", "properties": { "name": "Kafadar Commons", "landuse": "grass", "leisure": "park", "natural": "", "boundary": "", "amenity": "", "type": "District System", "district_system_type": "Central Hot Water" }, "geometry": { "type": "Polygon", "coordinates": [ [ [ -105.2221282, 39.7511739 ], [ -105.2218438, 39.7508625 ], [ -105.220901, 39.7513805 ], [ -105.2211124, 39.7516092 ], [ -105.2211473, 39.7516416 ], [ -105.2211741, 39.7516581 ], [ -105.2212102, 39.7516622 ], [ -105.2212384, 39.7516478 ], [ -105.2221282, 39.7511739 ] ] ] } },
{ "type": "Feature", "properties": { "name": "", "landuse": "", "leisure": "", "natural": "wood", "boundary": "", "amenity": "", "type": "District System", "district_system_type": "Central Hot Water" }, "geometry": { "type": "Polygon", "coordinates": [ [ [ -105.1348445, 39.7430096 ], [ -105.1350792, 39.7428838 ], [ -105.135098, 39.7427961 ], [ -105.1353098, 39.7428601 ], [ -105.1353662, 39.7430519 ], [ -105.1357484, 39.7429632 ], [ -105.1357752, 39.7426941 ], [ -105.1360005, 39.7425662 ], [ -105.1361159, 39.7423795 ], [ -105.1360716, 39.7419124 ], [ -105.1354077, 39.7419361 ], [ -105.1347761, 39.7420042 ], [ -105.1347533, 39.7422774 ], [ -105.1348002, 39.742757 ], [ -105.1348445, 39.7430096 ] ] ] } },
{ "type": "Feature", "properties": { "name": "", "landuse": "", "leisure": "", "natural": "scrub", "boundary": "", "amenity": "", "type": "District System", "district_system_type": "Central Hot Water" }, "geometry": { "type": "Polygon", "coordinates": [ [ [ -105.2302605, 39.7524606 ], [ -105.2302973, 39.7524999 ], [ -105.2303104, 39.7525214 ], [ -105.2303136, 39.7525345 ], [ -105.2301688, 39.7526107 ], [ -105.2301785, 39.7526231 ], [ -105.2292147, 39.7531439 ], [ -105.2292497, 39.7531834 ], [ -105.2292559, 39.7531977 ], [ -105.2292541, 39.7532092 ], [ -105.2292453, 39.7532215 ], [ -105.2292282, 39.7532277 ], [ -105.2292062, 39.7532286 ], [ -105.2291709, 39.7532324 ], [ -105.229135, 39.7532426 ], [ -105.2288292, 39.7533386 ], [ -105.2288229, 39.7533255 ], [ -105.2287952, 39.7533212 ], [ -105.2287686, 39.7533286 ], [ -105.2287607, 39.7533438 ], [ -105.2287544, 39.7533451 ], [ -105.2287618, 39.7533608 ], [ -105.2284617, 39.7534553 ], [ -105.2284351, 39.7533874 ], [ -105.2282302, 39.75343 ], [ -105.2282093, 39.7534507 ], [ -105.2281777, 39.7534602 ], [ -105.2281269, 39.7533345 ], [ -105.2283019, 39.7532886 ], [ -105.2282884, 39.7532485 ], [ -105.2285209, 39.7531918 ], [ -105.2285394, 39.7531507 ], [ -105.2285662, 39.7530791 ], [ -105.2285716, 39.7530249 ], [ -105.2285689, 39.7529832 ], [ -105.2285575, 39.7529249 ], [ -105.2285287, 39.7528564 ], [ -105.2284905, 39.7528012 ], [ -105.2284502, 39.7527584 ], [ -105.2284046, 39.7527234 ], [ -105.2283389, 39.752678 ], [ -105.2282712, 39.7526517 ], [ -105.2282128, 39.7526337 ], [ -105.2281572, 39.7526233 ], [ -105.2280928, 39.7526151 ], [ -105.2280345, 39.7526146 ], [ -105.2280187, 39.7526159 ], [ -105.2279815, 39.7526192 ], [ -105.2279419, 39.7526244 ], [ -105.2278246, 39.7526512 ], [ -105.2277924, 39.7525769 ], [ -105.2277742, 39.7525324 ], [ -105.2280907, 39.7524526 ], [ -105.2281005, 39.7524621 ], [ -105.2281559, 39.7524666 ], [ -105.2281657, 39.7524601 ], [ -105.228176, 39.7524305 ], [ -105.2282833, 39.752429 ], [ -105.2283698, 39.7524213 ], [ -105.2284348, 39.7524053 ], [ -105.2290564, 39.7531074 ], [ -105.2302259, 39.7524781 ], [ -105.2302605, 39.7524606 ] ] ] } },
{ "type": "Feature", "properties": { "name": "", "landuse": "", "leisure": "", "natural": "scrub", "boundary": "", "amenity": "", "type": "District System", "district_system_type": "Central Hot Water" }, "geometry": { "type": "Polygon", "coordinates": [ [ [ -105.151853, 39.7181802 ], [ -105.1517499, 39.7183926 ], [ -105.1517142, 39.7184798 ], [ -105.1516373, 39.7184804 ], [ -105.1515434, 39.7185003 ], [ -105.151481, 39.7185097 ], [ -105.1514074, 39.7185171 ], [ -105.1513151, 39.7185084 ], [ -105.1512479, 39.7184935 ], [ -105.1511928, 39.7184655 ], [ -105.1511742, 39.7184187 ], [ -105.1511628, 39.7183621 ], [ -105.151179, 39.7182942 ], [ -105.1512422, 39.7181889 ], [ -105.1513442, 39.7180183 ], [ -105.1515065, 39.7177072 ], [ -105.1515259, 39.7176111 ], [ -105.1515009, 39.7175378 ], [ -105.1514362, 39.7174596 ], [ -105.151414, 39.7174304 ], [ -105.1514103, 39.7173941 ], [ -105.1514278, 39.7173643 ], [ -105.1514463, 39.7173529 ], [ -105.1514782, 39.7173774 ], [ -105.1517792, 39.7174641 ], [ -105.1515156, 39.7180256 ], [ -105.1514931, 39.7180708 ], [ -105.151853, 39.7181802 ] ] ] } },
{ "type": "Feature", "properties": { "name": "", "landuse": "", "leisure": "", "natural": "scrub", "boundary": "", "amenity": "", "type": "District System", "district_system_type": "Central Hot Water" }, "geometry": { "type": "Polygon", "coordinates": [ [ [ -105.1526758, 39.7191169 ], [ -105.1527059, 39.7191484 ], [ -105.1527397, 39.7191206 ], [ -105.1527553, 39.719089 ], [ -105.1527566, 39.7190426 ], [ -105.1527421, 39.7189961 ], [ -105.1527155, 39.7189692 ], [ -105.1526274, 39.7189042 ], [ -105.1525043, 39.7188365 ], [ -105.1523039, 39.718752 ], [ -105.1521519, 39.718687 ], [ -105.1519756, 39.7186211 ], [ -105.1518537, 39.7185793 ], [ -105.1517558, 39.718551 ], [ -105.1517218, 39.7185454 ], [ -105.1516942, 39.718589 ], [ -105.1517097, 39.718619 ], [ -105.1517485, 39.7186942 ], [ -105.1517969, 39.7186789 ], [ -105.1519925, 39.7186917 ], [ -105.1521863, 39.7187499 ], [ -105.1523857, 39.7188535 ], [ -105.152489, 39.7189203 ], [ -105.152543, 39.7189212 ], [ -105.1526758, 39.7191169 ] ] ] } },
{ "type": "Feature", "properties": { "name": "", "landuse": "", "leisure": "", "natural": "scrub", "boundary": "", "amenity": "", "type": "District System", "district_system_type": "Central Hot Water" }, "geometry": { "type": "Polygon", "coordinates": [ [ [ -105.153567, 39.7199965 ], [ -105.1535849, 39.7200006 ], [ -105.1535801, 39.7200436 ], [ -105.1535582, 39.7201121 ], [ -105.1535234, 39.7201501 ], [ -105.1534708, 39.7201943 ], [ -105.1533315, 39.7202753 ], [ -105.1532165, 39.7203344 ], [ -105.1531283, 39.7203674 ], [ -105.1530497, 39.7203867 ], [ -105.1529833, 39.7203936 ], [ -105.1528878, 39.7203855 ], [ -105.1527534, 39.7203693 ], [ -105.1525534, 39.7203394 ], [ -105.152389, 39.7203307 ], [ -105.1520498, 39.7203307 ], [ -105.1519834, 39.720327 ], [ -105.1518951, 39.7203033 ], [ -105.1518571, 39.7202784 ], [ -105.1518336, 39.7202491 ], [ -105.151832, 39.7202173 ], [ -105.1518417, 39.7201806 ], [ -105.1518644, 39.7201632 ], [ -105.1518976, 39.7201432 ], [ -105.1520725, 39.7200915 ], [ -105.1520194, 39.7199722 ], [ -105.1521214, 39.719944 ], [ -105.1521518, 39.7199334 ], [ -105.1521218, 39.7198503 ], [ -105.1526296, 39.7197093 ], [ -105.1526404, 39.719721 ], [ -105.1527179, 39.7198758 ], [ -105.1527303, 39.7199065 ], [ -105.1527512, 39.7199485 ], [ -105.1528585, 39.7201615 ], [ -105.1528865, 39.7202143 ], [ -105.1535421, 39.7200086 ], [ -105.153567, 39.7199965 ] ] ] } },
{ "type": "Feature", "properties": { "name": "", "landuse": "", "leisure": "park", "natural": "", "boundary": "", "amenity": "", "type": "District System", "district_system_type": "Central Hot Water" }, "geometry": { "type": "Polygon", "coordinates": [ [ [ -105.1618178, 39.7182976 ], [ -105.1614919, 39.7184738 ], [ -105.1613919, 39.7179059 ], [ -105.1614526, 39.7178623 ], [ -105.1615148, 39.71793 ], [ -105.1618178, 39.7182976 ] ] ] } },
{ "type": "Feature", "properties": { "name": "", "landuse": "", "leisure": "", "natural": "scrub", "boundary": "", "amenity": "", "type": "District System", "district_system_type": "Central Hot Water" }, "geometry": { "type": "Polygon", "coordinates": [ [ [ -105.1982672, 39.7210543 ], [ -105.1974834, 39.7213996 ], [ -105.1974327, 39.7214356 ], [ -105.1972235, 39.7215386 ], [ -105.1972244, 39.7215434 ], [ -105.1972329, 39.7215482 ], [ -105.1974674, 39.7214438 ], [ -105.1976641, 39.7213534 ], [ -105.1982687, 39.7210864 ], [ -105.1982672, 39.7210543 ] ] ] } },
{ "type": "Feature", "properties": { "name": "", "landuse": "", "leisure": "", "natural": "scrub", "boundary": "", "amenity": "", "type": "District System", "district_system_type": "Central Hot Water" }, "geometry": { "type": "Polygon", "coordinates": [ [ [ -105.1997279, 39.7204469 ], [ -105.1997209, 39.7204803 ], [ -105.1993056, 39.7206358 ], [ -105.1989066, 39.7208021 ], [ -105.198673, 39.7209082 ], [ -105.1986676, 39.720875 ], [ -105.1993839, 39.7205542 ], [ -105.1994342, 39.7204952 ], [ -105.1994598, 39.7204725 ], [ -105.1994908, 39.7204552 ], [ -105.199535, 39.7204403 ], [ -105.1995737, 39.7204296 ], [ -105.1996163, 39.7204254 ], [ -105.1996589, 39.7204302 ], [ -105.1997279, 39.7204469 ] ] ] } },
{ "type": "Feature", "properties": { "name": "", "landuse": "", "leisure": "", "natural": "wetland", "boundary": "", "amenity": "", "type": "District System", "district_system_type": "Central Hot Water" }, "geometry": { "type": "Polygon", "coordinates": [ [ [ -105.2181829, 39.7560368 ], [ -105.2188016, 39.7567013 ], [ -105.219023, 39.7565783 ], [ -105.2184102, 39.7559104 ], [ -105.2181829, 39.7560368 ] ] ] } },
{ "type": "Feature", "properties": { "name": "", "landuse": "", "leisure": "", "natural": "wetland", "boundary": "", "amenity": "", "type": "District System", "district_system_type": "Central Hot Water" }, "geometry": { "type": "Polygon", "coordinates": [ [ [ -105.2195174, 39.7570767 ], [ -105.2191619, 39.756726 ], [ -105.2189405, 39.756849 ], [ -105.219256, 39.7572225 ], [ -105.2195174, 39.7570767 ] ] ] } },
{ "type": "Feature", "properties": { "name": "", "landuse": "", "leisure": "", "natural": "scrub", "boundary": "", "amenity": "", "type": "District System", "district_system_type": "Central Hot Water" }, "geometry": { "type": "Polygon", "coordinates": [ [ [ -105.2355169, 39.7797893 ], [ -105.2354196, 39.7798205 ], [ -105.2353099, 39.7798332 ], [ -105.2352308, 39.7798364 ], [ -105.2352273, 39.7797811 ], [ -105.2346162, 39.7797788 ], [ -105.2339294, 39.779807 ], [ -105.2333833, 39.7798098 ], [ -105.2333211, 39.7798093 ], [ -105.233296, 39.7798111 ], [ -105.2332791, 39.7797985 ], [ -105.2329939, 39.779797 ], [ -105.2328296, 39.7798015 ], [ -105.2328338, 39.7797067 ], [ -105.231763, 39.7796222 ], [ -105.2317136, 39.7796161 ], [ -105.2318334, 39.7792313 ], [ -105.2319053, 39.7790345 ], [ -105.2319508, 39.7789304 ], [ -105.232022, 39.7788762 ], [ -105.2320965, 39.7788323 ], [ -105.2321918, 39.7788058 ], [ -105.2323049, 39.7788048 ], [ -105.2322145, 39.7790299 ], [ -105.2321485, 39.7791972 ], [ -105.2321438, 39.7792491 ], [ -105.232062, 39.7793151 ], [ -105.2323349, 39.7794937 ], [ -105.2323883, 39.7795198 ], [ -105.232445, 39.7795379 ], [ -105.2324871, 39.7795503 ], [ -105.2326401, 39.779564 ], [ -105.2327834, 39.7795783 ], [ -105.232981, 39.7796131 ], [ -105.2329719, 39.7788077 ], [ -105.2344161, 39.7787964 ], [ -105.2344216, 39.7788662 ], [ -105.2337901, 39.7788881 ], [ -105.2337792, 39.778868 ], [ -105.2337378, 39.778868 ], [ -105.2337378, 39.7788591 ], [ -105.2331401, 39.778858 ], [ -105.2331161, 39.7788725 ], [ -105.2331038, 39.7788926 ], [ -105.2331053, 39.7795026 ], [ -105.2331023, 39.7795467 ], [ -105.2331111, 39.779569 ], [ -105.2331394, 39.7795863 ], [ -105.2331786, 39.7795919 ], [ -105.2336891, 39.7795913 ], [ -105.2352454, 39.7795934 ], [ -105.2354613, 39.779593 ], [ -105.2354546, 39.7796435 ], [ -105.2354523, 39.7796648 ], [ -105.2354776, 39.7797115 ], [ -105.2355169, 39.7797893 ] ] ] } },
{ "type": "Feature", "properties": { "name": "", "landuse": "", "leisure": "", "natural": "scrub", "boundary": "", "amenity": "", "type": "District System", "district_system_type": "Central Hot Water" }, "geometry": { "type": "Polygon", "coordinates": [ [ [ -105.2360522, 39.7748453 ], [ -105.236051, 39.7746546 ], [ -105.2360594, 39.7746419 ], [ -105.2360895, 39.7746671 ], [ -105.2361078, 39.7746903 ], [ -105.2361157, 39.7747049 ], [ -105.2360556, 39.7749237 ], [ -105.2360175, 39.7749568 ], [ -105.2345987, 39.7749596 ], [ -105.2345538, 39.7749563 ], [ -105.2343283, 39.7753215 ], [ -105.2343505, 39.7753275 ], [ -105.234323, 39.7754432 ], [ -105.2343339, 39.7754458 ], [ -105.2343132, 39.7755301 ], [ -105.2343025, 39.7755286 ], [ -105.234291, 39.7755822 ], [ -105.2343013, 39.7755838 ], [ -105.23426, 39.7757558 ], [ -105.2342505, 39.775754 ], [ -105.2342329, 39.7758429 ], [ -105.2343457, 39.7758583 ], [ -105.2343366, 39.77589 ], [ -105.2342068, 39.775886 ], [ -105.2342001, 39.7759048 ], [ -105.2340469, 39.7758953 ], [ -105.233898, 39.775877 ], [ -105.2338402, 39.7758348 ], [ -105.2338108, 39.7757845 ], [ -105.2338058, 39.7757311 ], [ -105.233813, 39.7756609 ], [ -105.2338157, 39.7756401 ], [ -105.2338187, 39.7756136 ], [ -105.2339476, 39.7754265 ], [ -105.2341868, 39.775167 ], [ -105.2345369, 39.774788 ], [ -105.2345634, 39.7747597 ], [ -105.2349439, 39.7743851 ], [ -105.2352826, 39.774052 ], [ -105.2353626, 39.7739739 ], [ -105.235523, 39.7738163 ], [ -105.2356049, 39.7737122 ], [ -105.2356549, 39.7736933 ], [ -105.2359508, 39.7737425 ], [ -105.2360495, 39.7737622 ], [ -105.2366576, 39.7738829 ], [ -105.2366468, 39.7739059 ], [ -105.2366827, 39.7739209 ], [ -105.2367136, 39.7739461 ], [ -105.2367111, 39.7741923 ], [ -105.2367004, 39.7743326 ], [ -105.2366988, 39.7743491 ], [ -105.2366588, 39.774403 ], [ -105.2366277, 39.7744347 ], [ -105.236581, 39.7744663 ], [ -105.2363597, 39.7745132 ], [ -105.2362622, 39.7745358 ], [ -105.2362616, 39.7745274 ], [ -105.2362651, 39.7745217 ], [ -105.2364709, 39.774436 ], [ -105.2365372, 39.774446 ], [ -105.2365892, 39.7742419 ], [ -105.2366334, 39.7740776 ], [ -105.2365626, 39.7740661 ], [ -105.2365761, 39.7740187 ], [ -105.2363621, 39.7739828 ], [ -105.2363487, 39.7740303 ], [ -105.2363252, 39.7740302 ], [ -105.2362851, 39.7740118 ], [ -105.2362696, 39.773999 ], [ -105.2362638, 39.773949 ], [ -105.2362001, 39.773962 ], [ -105.2361411, 39.7739221 ], [ -105.2360947, 39.7739441 ], [ -105.2360735, 39.7739435 ], [ -105.2360392, 39.7739604 ], [ -105.236002, 39.7739484 ], [ -105.2359883, 39.7739477 ], [ -105.2358512, 39.7738753 ], [ -105.2357883, 39.7738747 ], [ -105.2357753, 39.7738854 ], [ -105.2357811, 39.7739783 ], [ -105.2357768, 39.7740346 ], [ -105.235821, 39.774056 ], [ -105.235822, 39.7740766 ], [ -105.2356864, 39.7740859 ], [ -105.2356245, 39.7741256 ], [ -105.2355582, 39.7741776 ], [ -105.2354146, 39.7742111 ], [ -105.2353562, 39.774223 ], [ -105.2353321, 39.7742223 ], [ -105.2353069, 39.7742214 ], [ -105.2352805, 39.7742273 ], [ -105.235252, 39.7742473 ], [ -105.2352425, 39.7742699 ], [ -105.2352436, 39.7742945 ], [ -105.2352217, 39.7742944 ], [ -105.2352209, 39.774449 ], [ -105.2352043, 39.7744447 ], [ -105.2351765, 39.774444 ], [ -105.235148, 39.7744693 ], [ -105.2350759, 39.7744556 ], [ -105.235001, 39.7745352 ], [ -105.234991, 39.7745718 ], [ -105.2349499, 39.7745732 ], [ -105.2349503, 39.7746006 ], [ -105.2349496, 39.774875 ], [ -105.2350076, 39.7748751 ], [ -105.2350076, 39.7748849 ], [ -105.2351703, 39.7748853 ], [ -105.2353331, 39.774881 ], [ -105.2354885, 39.7748814 ], [ -105.2356519, 39.7748816 ], [ -105.2358068, 39.7748819 ], [ -105.2358069, 39.7748688 ], [ -105.2358658, 39.774869 ], [ -105.2358651, 39.7748484 ], [ -105.235911, 39.7748495 ], [ -105.2360522, 39.7748453 ] ] ] } },
{ "type": "Feature", "properties": { "name": "", "landuse": "", "leisure": "", "natural": "scrub; wood", "boundary": "", "amenity": "", "type": "District System", "district_system_type": "Central Hot Water" }, "geometry": { "type": "Polygon", "coordinates": [ [ [ -105.2380466, 39.773473 ], [ -105.2379381, 39.7734657 ], [ -105.2379192, 39.7735174 ], [ -105.2379121, 39.7735582 ], [ -105.2378307, 39.7734956 ], [ -105.2378048, 39.7734884 ], [ -105.2377175, 39.7735192 ], [ -105.2376927, 39.7735428 ], [ -105.2376679, 39.7734838 ], [ -105.2376644, 39.7734512 ], [ -105.2375724, 39.7734376 ], [ -105.237557, 39.7734857 ], [ -105.2375263, 39.7734684 ], [ -105.2374969, 39.7734303 ], [ -105.2374343, 39.7734158 ], [ -105.2372102, 39.7733406 ], [ -105.2371701, 39.7733406 ], [ -105.2370686, 39.7733179 ], [ -105.2369105, 39.7733088 ], [ -105.2368504, 39.7732962 ], [ -105.2367996, 39.773268 ], [ -105.2367595, 39.7732735 ], [ -105.2366758, 39.7732563 ], [ -105.2366297, 39.77323 ], [ -105.2365731, 39.77323 ], [ -105.236474549155929, 39.773263577057492 ], [ -105.2368088, 39.7733531 ], [ -105.2370704, 39.7734076 ], [ -105.237288, 39.7734614 ], [ -105.2375467, 39.7735505 ], [ -105.2377489, 39.7736242 ], [ -105.2378102, 39.7736536 ], [ -105.2378629, 39.7736934 ], [ -105.2378773, 39.773717 ], [ -105.2378936, 39.773756 ], [ -105.2379147, 39.7738709 ], [ -105.2379348, 39.7739696 ], [ -105.2379645, 39.7740366 ], [ -105.2379999, 39.7740815 ], [ -105.2372576, 39.7739081 ], [ -105.2372794, 39.7738582 ], [ -105.237277, 39.7738164 ], [ -105.2372093, 39.7737434 ], [ -105.2364525, 39.7735486 ], [ -105.2363929, 39.7736853 ], [ -105.2370822, 39.7738629 ], [ -105.2370618, 39.7738967 ], [ -105.2365674, 39.7737803 ], [ -105.2363259, 39.7737037 ], [ -105.2361093, 39.7736341 ], [ -105.2360441, 39.7736107 ], [ -105.2359576, 39.7735698 ], [ -105.2359236, 39.7735344 ], [ -105.2358889, 39.7734848 ], [ -105.2358761, 39.7734472 ], [ -105.2358747, 39.7733988 ], [ -105.235886, 39.7733443 ], [ -105.2359137, 39.7732942 ], [ -105.2359441, 39.7732413 ], [ -105.236024, 39.7731123 ], [ -105.2361019, 39.773143 ], [ -105.236126, 39.7731754 ], [ -105.236171824284426, 39.773183223658314 ], [ -105.2361449, 39.7731021 ], [ -105.2361815, 39.773045 ], [ -105.2363478, 39.7730078 ], [ -105.2364445, 39.7730341 ], [ -105.2364764, 39.7730604 ], [ -105.2365542, 39.7730359 ], [ -105.2366227, 39.7730622 ], [ -105.2367135, 39.7730804 ], [ -105.236822, 39.773074 ], [ -105.2368881, 39.7730967 ], [ -105.2369554, 39.773123 ], [ -105.2370297, 39.773162 ], [ -105.2370839, 39.7731638 ], [ -105.2371689, 39.7731647 ], [ -105.2372373, 39.7731928 ], [ -105.2374331, 39.7732309 ], [ -105.2375181, 39.7732408 ], [ -105.2376809, 39.7733016 ], [ -105.2377116, 39.7733487 ], [ -105.237839, 39.7733723 ], [ -105.2380242, 39.7734258 ], [ -105.2380466, 39.773473 ] ] ] } },
{ "type": "Feature", "properties": { "name": "", "landuse": "", "leisure": "", "natural": "wood", "boundary": "", "amenity": "", "type": "District System", "district_system_type": "Central Hot Water" }, "geometry": { "type": "Polygon", "coordinates": [ [ [ -105.2353598, 39.7533431 ], [ -105.2353233, 39.7533622 ], [ -105.2353221, 39.7533812 ], [ -105.2353245, 39.7533993 ], [ -105.2353362, 39.7534139 ], [ -105.2353492, 39.753432 ], [ -105.2353563, 39.7534483 ], [ -105.2353539, 39.7534646 ], [ -105.2353374, 39.7534819 ], [ -105.2353197, 39.7534982 ], [ -105.2353068, 39.7535127 ], [ -105.2352926, 39.7535327 ], [ -105.2352751, 39.7535471 ], [ -105.2352725, 39.7535753 ], [ -105.2352666, 39.7535962 ], [ -105.2352584, 39.7536152 ], [ -105.235243, 39.753627 ], [ -105.2352195, 39.7536406 ], [ -105.2352029, 39.7536524 ], [ -105.2351817, 39.7536687 ], [ -105.2351628, 39.753685 ], [ -105.2351451, 39.7536977 ], [ -105.2351322, 39.7537113 ], [ -105.2351156, 39.7537231 ], [ -105.2350897, 39.7537277 ], [ -105.2350661, 39.7537259 ], [ -105.2350413, 39.7537259 ], [ -105.2350295, 39.753744 ], [ -105.2350154, 39.7537712 ], [ -105.2350012, 39.7537866 ], [ -105.2349776, 39.7538084 ], [ -105.2349587, 39.7538247 ], [ -105.2349399, 39.7538347 ], [ -105.2349186, 39.7538429 ], [ -105.2348974, 39.7538501 ], [ -105.234875, 39.7538565 ], [ -105.2348573, 39.7538746 ], [ -105.2348537, 39.7538936 ], [ -105.2348667, 39.7539154 ], [ -105.2348903, 39.7539227 ], [ -105.2349115, 39.7539236 ], [ -105.2349328, 39.7539181 ], [ -105.2349552, 39.7539136 ], [ -105.2349894, 39.7539082 ], [ -105.2350118, 39.7539054 ], [ -105.2350378, 39.7539036 ], [ -105.2350673, 39.7539018 ], [ -105.2350909, 39.7538973 ], [ -105.2351133, 39.7538873 ], [ -105.2351345, 39.7538737 ], [ -105.2351534, 39.7538601 ], [ -105.2351711, 39.7538501 ], [ -105.2351982, 39.7538429 ], [ -105.2352249, 39.7538409 ], [ -105.2352478, 39.7538356 ], [ -105.2352631, 39.7538238 ], [ -105.2352761, 39.7538102 ], [ -105.2352879, 39.7537957 ], [ -105.2353103, 39.7537766 ], [ -105.235328, 39.7537667 ], [ -105.235341, 39.7537522 ], [ -105.2353516, 39.7537349 ], [ -105.2353657, 39.7537132 ], [ -105.2353787, 39.7536959 ], [ -105.2353941, 39.7536832 ], [ -105.2354078, 39.7536621 ], [ -105.2354188, 39.7536252 ], [ -105.2354118, 39.7536089 ], [ -105.2354188, 39.7535898 ], [ -105.2354365, 39.7535762 ], [ -105.2354519, 39.753559 ], [ -105.2354672, 39.7535372 ], [ -105.2354648, 39.7535145 ], [ -105.2354542, 39.7534937 ], [ -105.2354483, 39.7534755 ], [ -105.2354471, 39.753451 ], [ -105.2354566, 39.7534311 ], [ -105.2354672, 39.7534157 ], [ -105.2354707, 39.7533957 ], [ -105.2354731, 39.7533839 ], [ -105.2354672, 39.7533676 ], [ -105.2354578, 39.7533495 ], [ -105.2354401, 39.7533349 ], [ -105.2354224, 39.7533168 ], [ -105.2354, 39.7533123 ], [ -105.2353764, 39.7533123 ], [ -105.2353598, 39.7533431 ] ] ] } },
{ "type": "Feature", "properties": { "name": "", "landuse": "", "leisure": "", "natural": "grassland", "boundary": "", "amenity": "", "type": "District System", "district_system_type": "Central Hot Water" }, "geometry": { "type": "MultiPolygon", "coordinates": [ [ [ [ -105.1698291, 39.741055 ], [ -105.1698067, 39.7410023 ], [ -105.1683826, 39.7413846 ], [ -105.1682954, 39.7413997 ], [ -105.1682353, 39.741387 ], [ -105.1681515, 39.7413244 ], [ -105.1678566, 39.7410876 ], [ -105.1677799, 39.7410232 ], [ -105.1676053, 39.7409906 ], [ -105.1674024, 39.7409552 ], [ -105.1673351, 39.7409134 ], [ -105.1673092, 39.7408472 ], [ -105.1672773, 39.7406533 ], [ -105.1672781, 39.7406318 ], [ -105.1672796, 39.7406204 ], [ -105.167303, 39.7406246 ], [ -105.1673038, 39.7406097 ], [ -105.1673649, 39.7406079 ], [ -105.1673649, 39.7406594 ], [ -105.1673193, 39.7406574 ], [ -105.1673193, 39.7407254 ], [ -105.1673596, 39.7407234 ], [ -105.1673596, 39.7407687 ], [ -105.1676546, 39.7407605 ], [ -105.1678987, 39.7407419 ], [ -105.168132, 39.7407027 ], [ -105.1681644, 39.7406897 ], [ -105.1681791, 39.7407331 ], [ -105.1682362, 39.740867 ], [ -105.1683335, 39.7409885 ], [ -105.1684868, 39.7410765 ], [ -105.1685211, 39.7410998 ], [ -105.1687227, 39.7410564 ], [ -105.1686946, 39.7409444 ], [ -105.1687667, 39.7409316 ], [ -105.1688371, 39.7409149 ], [ -105.1688223, 39.7408766 ], [ -105.1687686, 39.7408838 ], [ -105.1687359, 39.7408196 ], [ -105.1687467, 39.7407697 ], [ -105.1687511, 39.7406859 ], [ -105.1687503, 39.7406652 ], [ -105.1688104, 39.7406652 ], [ -105.1688015, 39.7406227 ], [ -105.1687602, 39.7404183 ], [ -105.1688415, 39.7404003 ], [ -105.1689334, 39.7404362 ], [ -105.1688968, 39.7404826 ], [ -105.1688894, 39.7405485 ], [ -105.168903, 39.7405936 ], [ -105.168963, 39.7407561 ], [ -105.1689875, 39.7407986 ], [ -105.1690591, 39.7408399 ], [ -105.1690708, 39.7408432 ], [ -105.1691023, 39.7409366 ], [ -105.1691239, 39.7409329 ], [ -105.1698236, 39.7408013 ], [ -105.1698455, 39.7408436 ], [ -105.1698955, 39.7408814 ], [ -105.1699121, 39.7408773 ], [ -105.1700077, 39.7409161 ], [ -105.1700171, 39.7408962 ], [ -105.1700654, 39.7409161 ], [ -105.1700998, 39.7409464 ], [ -105.1701119, 39.7409666 ], [ -105.1703302, 39.7415969 ], [ -105.170331, 39.7416242 ], [ -105.1703192, 39.7416459 ], [ -105.1702976, 39.7416649 ], [ -105.1702632, 39.7416771 ], [ -105.169361, 39.7418023 ], [ -105.1691417, 39.7418445 ], [ -105.1691743, 39.7419313 ], [ -105.169247, 39.7419268 ], [ -105.1692778, 39.7419379 ], [ -105.1693682, 39.7422348 ], [ -105.1697564, 39.7426139 ], [ -105.1697012, 39.7426983 ], [ -105.1692331, 39.7434164 ], [ -105.1682493, 39.7433747 ], [ -105.1662415, 39.7438884 ], [ -105.1658159, 39.7434231 ], [ -105.1658279, 39.7415779 ], [ -105.1661465, 39.7414909 ], [ -105.1663341, 39.7413639 ], [ -105.1667689, 39.7410425 ], [ -105.1670981, 39.7409338 ], [ -105.1670975, 39.7405714 ], [ -105.167134, 39.7405848 ], [ -105.1671858, 39.7406247 ], [ -105.1672019, 39.7408571 ], [ -105.1672314, 39.7409396 ], [ -105.167294, 39.7410001 ], [ -105.1673557, 39.7410214 ], [ -105.1675962, 39.7410551 ], [ -105.1677098, 39.7410778 ], [ -105.1677598, 39.7411121 ], [ -105.1681174, 39.7414036 ], [ -105.1681881, 39.7414545 ], [ -105.1682677, 39.741471 ], [ -105.1683249, 39.7414717 ], [ -105.1684388, 39.7414541 ], [ -105.168662, 39.7413878 ], [ -105.1698291, 39.741055 ] ] ], [ [ [ -105.1760827, 39.7414324 ], [ -105.1759902, 39.741508 ], [ -105.1757891, 39.7416084 ], [ -105.1755991, 39.7416993 ], [ -105.1754964, 39.7417615 ], [ -105.1753129, 39.74188 ], [ -105.1752597, 39.7419307 ], [ -105.1752289, 39.741984 ], [ -105.1752173, 39.7420304 ], [ -105.1752263, 39.7420887 ], [ -105.1752652, 39.7421558 ], [ -105.1753231, 39.7421998 ], [ -105.1756301, 39.7423807 ], [ -105.1759037, 39.7425712 ], [ -105.1761064, 39.7425669 ], [ -105.1763907, 39.7423243 ], [ -105.1763743, 39.7422642 ], [ -105.1762926, 39.7422012 ], [ -105.1761923, 39.7421888 ], [ -105.1761442, 39.7422239 ], [ -105.1760573, 39.7421552 ], [ -105.1760596, 39.7419694 ], [ -105.1757052, 39.741965 ], [ -105.1756993, 39.7422384 ], [ -105.1758093, 39.7422439 ], [ -105.1758288, 39.7422568 ], [ -105.1758373, 39.7422775 ], [ -105.1758375, 39.7423081 ], [ -105.175818, 39.7423387 ], [ -105.1757756, 39.742344 ], [ -105.1757325, 39.7423422 ], [ -105.1756877, 39.742334 ], [ -105.1753713, 39.7421262 ], [ -105.1753417, 39.7420892 ], [ -105.1753317, 39.7420332 ], [ -105.1753434, 39.7419817 ], [ -105.1754278, 39.741911 ], [ -105.1756438, 39.7417752 ], [ -105.1759968, 39.7416087 ], [ -105.1761476, 39.7415065 ], [ -105.1762288, 39.7414199 ], [ -105.1762854, 39.7413027 ], [ -105.1763147, 39.7411784 ], [ -105.1763037, 39.7411157 ], [ -105.1765028, 39.7408925 ], [ -105.1766349, 39.740859 ], [ -105.1766345, 39.7408255 ], [ -105.1780882, 39.7408275 ], [ -105.1781537, 39.7408568 ], [ -105.1781543, 39.7409536 ], [ -105.1784262, 39.7409598 ], [ -105.1784293, 39.7410882 ], [ -105.1777501, 39.7411071 ], [ -105.17622, 39.741791 ], [ -105.176896, 39.7425587 ], [ -105.1770462, 39.7438339 ], [ -105.1760059, 39.7440742 ], [ -105.1754293, 39.743263 ], [ -105.1743345, 39.7424389 ], [ -105.1728474, 39.7425154 ], [ -105.1709879, 39.7444638 ], [ -105.1693959, 39.7434263 ], [ -105.1692331, 39.7434164 ], [ -105.1697564, 39.7426139 ], [ -105.1706892, 39.7434486 ], [ -105.1707305, 39.7434904 ], [ -105.1707446, 39.7435212 ], [ -105.1707458, 39.7435475 ], [ -105.1707364, 39.7435756 ], [ -105.1706455, 39.7436292 ], [ -105.1706963, 39.7436818 ], [ -105.1708803, 39.7435747 ], [ -105.1709251, 39.7436273 ], [ -105.1710254, 39.7436437 ], [ -105.1710254, 39.7436636 ], [ -105.1711363, 39.7436772 ], [ -105.1712071, 39.7436654 ], [ -105.1714725, 39.7435022 ], [ -105.1715374, 39.7434341 ], [ -105.171607, 39.7433434 ], [ -105.1716283, 39.7432881 ], [ -105.1716094, 39.7431239 ], [ -105.1716813, 39.7428309 ], [ -105.171725, 39.7427447 ], [ -105.1718099, 39.7426821 ], [ -105.1723403, 39.7424069 ], [ -105.1724482, 39.7424376 ], [ -105.1724667, 39.7424866 ], [ -105.1725991, 39.742459 ], [ -105.1725878, 39.7424234 ], [ -105.172897, 39.7423634 ], [ -105.1728775, 39.7422987 ], [ -105.1737083, 39.7421336 ], [ -105.1737001, 39.7421155 ], [ -105.1738593, 39.7420831 ], [ -105.1739055, 39.7420847 ], [ -105.173924, 39.7421068 ], [ -105.1739228, 39.7422009 ], [ -105.1738399, 39.7422053 ], [ -105.1738476, 39.7422912 ], [ -105.1739918, 39.7422835 ], [ -105.1739841, 39.7421976 ], [ -105.1741232, 39.7421834 ], [ -105.1742146, 39.7422292 ], [ -105.1742464, 39.7422155 ], [ -105.1743643, 39.7419716 ], [ -105.1746625, 39.7418267 ], [ -105.1748771, 39.7416981 ], [ -105.1749668, 39.7416761 ], [ -105.1756724, 39.7415404 ], [ -105.1759088, 39.7414636 ], [ -105.1760214, 39.7414072 ], [ -105.176163, 39.741271 ], [ -105.1761813, 39.7412803 ], [ -105.1761536, 39.7413447 ], [ -105.1760827, 39.7414324 ] ] ] ] } },
{ "type": "Feature", "properties": { "name": "", "landuse": "", "leisure": "", "natural": "grassland", "boundary": "", "amenity": "", "type": "District System", "district_system_type": "Central Hot Water" }, "geometry": { "type": "Polygon", "coordinates": [ [ [ -105.1780306, 39.7406283 ], [ -105.1780205, 39.7407429 ], [ -105.1780291, 39.7407646 ], [ -105.1780444, 39.7407759 ], [ -105.1780874, 39.7407693 ], [ -105.1781151, 39.7407501 ], [ -105.1781251, 39.7407246 ], [ -105.1781309, 39.7402431 ], [ -105.1781126, 39.7402216 ], [ -105.1766789, 39.740216 ], [ -105.1766662, 39.7402343 ], [ -105.1766548, 39.7407195 ], [ -105.1766668, 39.7407464 ], [ -105.1766854, 39.7407609 ], [ -105.1767184, 39.7407621 ], [ -105.1767918, 39.7407624 ], [ -105.1767906, 39.7406653 ], [ -105.1768762, 39.7404373 ], [ -105.1768794, 39.7403725 ], [ -105.1768917, 39.7403728 ], [ -105.1768931, 39.7403161 ], [ -105.1775249, 39.7403225 ], [ -105.177519, 39.7405448 ], [ -105.1776064, 39.740544 ], [ -105.1776088, 39.7404071 ], [ -105.177611, 39.7403512 ], [ -105.1779654, 39.7403568 ], [ -105.1779665, 39.7403217 ], [ -105.1780251, 39.7403215 ], [ -105.178023, 39.7404113 ], [ -105.1780208, 39.7405425 ], [ -105.1780659, 39.7405429 ], [ -105.1780648, 39.7406069 ], [ -105.178031, 39.7406066 ], [ -105.1780306, 39.7406283 ] ] ] } },
{ "type": "Feature", "properties": { "name": "", "landuse": "", "leisure": "", "natural": "scrub; wood", "boundary": "", "amenity": "", "type": "District System", "district_system_type": "Central Hot Water" }, "geometry": { "type": "Polygon", "coordinates": [ [ [ -105.2451745, 39.7398396 ], [ -105.2454345, 39.7397513 ], [ -105.2458423, 39.7396127 ], [ -105.246293, 39.7395344 ], [ -105.2465665, 39.7395467 ], [ -105.2469206, 39.7394622 ], [ -105.2472129, 39.7394065 ], [ -105.2473363, 39.7392972 ], [ -105.2475097, 39.739277 ], [ -105.247567, 39.7394024 ], [ -105.2477279, 39.7395034 ], [ -105.248031, 39.7396251 ], [ -105.2483019, 39.7397447 ], [ -105.2488384, 39.7396354 ], [ -105.2490315, 39.7397468 ], [ -105.2486184, 39.7398499 ], [ -105.2485862, 39.7400232 ], [ -105.2491066, 39.7401346 ], [ -105.2492273, 39.7402109 ], [ -105.2493882, 39.7404707 ], [ -105.250032, 39.740875 ], [ -105.2506971, 39.7412586 ], [ -105.2494311, 39.7416752 ], [ -105.2483153, 39.741436 ], [ -105.2474678, 39.7409492 ], [ -105.246647, 39.7407224 ], [ -105.2465397, 39.7410317 ], [ -105.2474517, 39.7415968 ], [ -105.2476341, 39.7420795 ], [ -105.2474195, 39.7421661 ], [ -105.2476609, 39.7422939 ], [ -105.2484119, 39.7423434 ], [ -105.2497208, 39.7422403 ], [ -105.2503216, 39.741997 ], [ -105.2509439, 39.7417783 ], [ -105.2515823, 39.7419557 ], [ -105.2514857, 39.7422775 ], [ -105.2505577, 39.7425579 ], [ -105.2502787, 39.7430529 ], [ -105.2493399, 39.7432014 ], [ -105.2493346, 39.7436386 ], [ -105.2497423, 39.7443481 ], [ -105.2484334, 39.7444925 ], [ -105.2479613, 39.7438902 ], [ -105.2468455, 39.7438531 ], [ -105.2453998, 39.7436489 ], [ -105.245094, 39.743352 ], [ -105.2445763, 39.7431148 ], [ -105.2444556, 39.743156 ], [ -105.2440989, 39.7432055 ], [ -105.2435973, 39.7432427 ], [ -105.2437905, 39.7430612 ], [ -105.2444235, 39.74309 ], [ -105.243997, 39.742892 ], [ -105.2436268, 39.7428446 ], [ -105.2432138, 39.7428343 ], [ -105.2428302, 39.7427374 ], [ -105.2425191, 39.7424693 ], [ -105.2427578, 39.7422321 ], [ -105.2430663, 39.7420939 ], [ -105.2434605, 39.7421785 ], [ -105.2437556, 39.7424548 ], [ -105.2440935, 39.7426033 ], [ -105.2441499, 39.7425353 ], [ -105.2442813, 39.7422403 ], [ -105.2442196, 39.7420176 ], [ -105.2440882, 39.7419248 ], [ -105.2437744, 39.7419083 ], [ -105.2434203, 39.7419041 ], [ -105.2428409, 39.7420093 ], [ -105.2427658, 39.7418567 ], [ -105.2431574, 39.7416381 ], [ -105.2432272, 39.7414793 ], [ -105.2435839, 39.7412163 ], [ -105.2436255, 39.7410202 ], [ -105.2441177, 39.740712 ], [ -105.2447936, 39.7404336 ], [ -105.2450216, 39.7403326 ], [ -105.2451262, 39.7402067 ], [ -105.245131, 39.7401705 ], [ -105.2451745, 39.7398396 ] ] ] } },
{ "type": "Feature", "properties": { "name": "Graham Park", "landuse": "", "leisure": "park", "natural": "", "boundary": "", "amenity": "", "type": "District System", "district_system_type": "Central Hot Water" }, "geometry": { "type": "Polygon", "coordinates": [ [ [ -105.1258339, 39.7513765 ], [ -105.1255505, 39.7508472 ], [ -105.1257165, 39.7508794 ], [ -105.1258695, 39.7508845 ], [ -105.1260338, 39.7508649 ], [ -105.1264985, 39.7506875 ], [ -105.126676, 39.7506146 ], [ -105.1271326, 39.7506344 ], [ -105.1271442, 39.7516412 ], [ -105.1273429, 39.7518142 ], [ -105.1274916, 39.7518218 ], [ -105.1275096, 39.7521436 ], [ -105.1271487, 39.7521485 ], [ -105.127372, 39.752667 ], [ -105.126422, 39.7523298 ], [ -105.1258509, 39.7523199 ], [ -105.1258339, 39.7513765 ] ] ] } },
{ "type": "Feature", "properties": { "name": "", "landuse": "", "leisure": "park", "natural": "", "boundary": "", "amenity": "", "type": "District System", "district_system_type": "Central Hot Water" }, "geometry": { "type": "Polygon", "coordinates": [ [ [ -105.2256424, 39.7441479 ], [ -105.2254502, 39.7438276 ], [ -105.2251339, 39.7436156 ], [ -105.2249513, 39.7437533 ], [ -105.2251196, 39.7439735 ], [ -105.2255421, 39.7441966 ], [ -105.2256424, 39.7441479 ] ] ] } },
{ "type": "Feature", "properties": { "name": "", "landuse": "", "leisure": "park", "natural": "", "boundary": "", "amenity": "", "type": "District System", "district_system_type": "Central Hot Water" }, "geometry": { "type": "Polygon", "coordinates": [ [ [ -105.1894708, 39.712277 ], [ -105.1892038, 39.7122918 ], [ -105.1892032, 39.7122078 ], [ -105.1897806, 39.7115766 ], [ -105.1898404, 39.7121428 ], [ -105.1896946, 39.7121669 ], [ -105.1895925, 39.7121983 ], [ -105.1894708, 39.712277 ] ] ] } },
{ "type": "Feature", "properties": { "name": "", "landuse": "", "leisure": "", "natural": "grassland", "boundary": "", "amenity": "", "type": "District System", "district_system_type": "Central Hot Water" }, "geometry": { "type": "Polygon", "coordinates": [ [ [ -105.1721154, 39.7395736 ], [ -105.1732194, 39.7395728 ], [ -105.1732451, 39.7395894 ], [ -105.1732441, 39.7401004 ], [ -105.1715187, 39.7400956 ], [ -105.171491, 39.7400664 ], [ -105.1714858, 39.7400459 ], [ -105.1714941, 39.7400206 ], [ -105.1719203, 39.7396739 ], [ -105.1719994, 39.7395657 ], [ -105.1721154, 39.7395736 ] ], [ [ -105.1730869, 39.7396975 ], [ -105.1724852, 39.7397029 ], [ -105.1724893, 39.7399768 ], [ -105.1730911, 39.7399714 ], [ -105.1730869, 39.7396975 ] ] ] } },
{ "type": "Feature", "properties": { "name": "", "landuse": "", "leisure": "", "natural": "grassland", "boundary": "", "amenity": "", "type": "District System", "district_system_type": "Central Hot Water" }, "geometry": { "type": "Polygon", "coordinates": [ [ [ -105.1761323, 39.740116 ], [ -105.1732944, 39.7401005 ], [ -105.1732921, 39.7395934 ], [ -105.1733204, 39.7395708 ], [ -105.1761181, 39.739568 ], [ -105.1761346, 39.7395771 ], [ -105.1761323, 39.740116 ] ], [ [ -105.1745373, 39.7396734 ], [ -105.1734429, 39.7396725 ], [ -105.1734425, 39.7399816 ], [ -105.174537, 39.7399823 ], [ -105.1745373, 39.7396734 ] ] ] } }
]
}
